2025-11-03 22:35:08,965 INFO START yU8W0v79MtE (GTX 1060 Benchmarks and Review: Nvidia Strikes Back)
2025-11-03 22:35:08,966 INFO yt-dlp attempt 1 for yU8W0v79MtE (drop_extractor=False)
2025-11-03 22:35:29,465 INFO yt-dlp succeeded on attempt 1 for yU8W0v79MtE
2025-11-03 22:35:29,467 INFO END yU8W0v79MtE status_comments=none duration=20.50s
2025-11-03 22:35:30,538 INFO START mF4S5ZaXdgE (Nvidia GTX 1060 Review - RX 480 Killer?)
2025-11-03 22:35:30,538 INFO yt-dlp attempt 1 for mF4S5ZaXdgE (drop_extractor=False)
2025-11-03 22:36:29,415 INFO START yU8W0v79MtE (GTX 1060 Benchmarks and Review: Nvidia Strikes Back)
2025-11-03 22:36:29,415 INFO yt-dlp attempt 1 for yU8W0v79MtE (drop_extractor=False)
2025-11-03 22:36:45,403 INFO yt-dlp succeeded on attempt 1 for yU8W0v79MtE
2025-11-03 22:36:45,407 INFO END yU8W0v79MtE status_comments=none duration=15.99s
2025-11-03 22:36:46,674 INFO START mF4S5ZaXdgE (Nvidia GTX 1060 Review - RX 480 Killer?)
2025-11-03 22:36:46,675 INFO yt-dlp attempt 1 for mF4S5ZaXdgE (drop_extractor=False)
2025-11-03 22:37:42,987 INFO yt-dlp succeeded on attempt 1 for mF4S5ZaXdgE
2025-11-03 22:37:42,988 INFO END mF4S5ZaXdgE status_comments=none duration=56.31s
2025-11-03 22:37:45,578 INFO START UIHduhKkt3U (No Founder's Editions... What now? - Gigabyte G1 Gaming GTX 1060 (6GB) Review)
2025-11-03 22:37:45,578 INFO yt-dlp attempt 1 for UIHduhKkt3U (drop_extractor=False)
2025-11-03 22:38:13,755 INFO yt-dlp succeeded on attempt 1 for UIHduhKkt3U
2025-11-03 22:38:13,756 INFO END UIHduhKkt3U status_comments=none duration=28.18s
2025-11-03 22:38:15,540 INFO START WtWIuaGsrjg (Nvidia GeForce GTX 1060 Review: Faster Than RX 480 and GTX 980?)
2025-11-03 22:38:15,540 INFO yt-dlp attempt 1 for WtWIuaGsrjg (drop_extractor=False)
2025-11-03 22:38:29,839 INFO yt-dlp succeeded on attempt 1 for WtWIuaGsrjg
2025-11-03 22:38:29,840 INFO END WtWIuaGsrjg status_comments=none duration=14.30s
2025-11-03 22:38:32,167 INFO START Kh0aK4q7Foo (GTX 1060 Review + Benchmarks vs RX 480!)
2025-11-03 22:38:32,167 INFO yt-dlp attempt 1 for Kh0aK4q7Foo (drop_extractor=False)
2025-11-03 22:38:47,648 INFO yt-dlp succeeded on attempt 1 for Kh0aK4q7Foo
2025-11-03 22:38:47,649 INFO END Kh0aK4q7Foo status_comments=none duration=15.48s
2025-11-03 22:38:47,665 INFO Summary: total=5, comments_ok=0, comments_disabled=0, comments_none=5, comments_error=0
2025-11-03 22:38:47,665 INFO SMOKE TEST PASS
2025-11-03 22:41:51,973 INFO START yU8W0v79MtE (GTX 1060 Benchmarks and Review: Nvidia Strikes Back)
2025-11-03 22:41:51,973 INFO yt-dlp attempt 1 for yU8W0v79MtE (drop_extractor=False)
2025-11-03 22:42:12,233 INFO yt-dlp succeeded on attempt 1 for yU8W0v79MtE
2025-11-03 22:42:12,236 INFO END yU8W0v79MtE status_comments=none duration=20.26s
2025-11-03 22:42:13,317 INFO START mF4S5ZaXdgE (Nvidia GTX 1060 Review - RX 480 Killer?)
2025-11-03 22:42:13,317 INFO yt-dlp attempt 1 for mF4S5ZaXdgE (drop_extractor=False)
2025-11-03 22:42:43,622 INFO START yU8W0v79MtE (GTX 1060 Benchmarks and Review: Nvidia Strikes Back)
2025-11-03 22:42:43,623 INFO yt-dlp attempt 1 for yU8W0v79MtE (drop_extractor=False)
2025-11-03 22:42:58,552 INFO yt-dlp succeeded on attempt 1 for yU8W0v79MtE
2025-11-03 22:42:58,554 INFO END yU8W0v79MtE status_comments=none duration=14.93s
2025-11-03 22:42:59,568 INFO START mF4S5ZaXdgE (Nvidia GTX 1060 Review - RX 480 Killer?)
2025-11-03 22:42:59,569 INFO yt-dlp attempt 1 for mF4S5ZaXdgE (drop_extractor=False)
2025-11-03 22:43:55,789 INFO yt-dlp succeeded on attempt 1 for mF4S5ZaXdgE
2025-11-03 22:43:55,793 INFO END mF4S5ZaXdgE status_comments=none duration=56.22s
2025-11-03 22:43:57,748 INFO START UIHduhKkt3U (No Founder's Editions... What now? - Gigabyte G1 Gaming GTX 1060 (6GB) Review)
2025-11-03 22:43:57,748 INFO yt-dlp attempt 1 for UIHduhKkt3U (drop_extractor=False)
2025-11-03 22:44:21,507 INFO yt-dlp succeeded on attempt 1 for UIHduhKkt3U
2025-11-03 22:44:21,509 INFO END UIHduhKkt3U status_comments=none duration=23.76s
2025-11-03 22:44:22,529 INFO START WtWIuaGsrjg (Nvidia GeForce GTX 1060 Review: Faster Than RX 480 and GTX 980?)
2025-11-03 22:44:22,529 INFO yt-dlp attempt 1 for WtWIuaGsrjg (drop_extractor=False)
2025-11-03 22:44:27,047 INFO yt-dlp succeeded on attempt 1 for WtWIuaGsrjg
2025-11-03 22:44:27,049 INFO END WtWIuaGsrjg status_comments=none duration=4.52s
2025-11-03 22:44:29,407 INFO START Kh0aK4q7Foo (GTX 1060 Review + Benchmarks vs RX 480!)
2025-11-03 22:44:29,407 INFO yt-dlp attempt 1 for Kh0aK4q7Foo (drop_extractor=False)
2025-11-03 22:44:41,423 INFO yt-dlp succeeded on attempt 1 for Kh0aK4q7Foo
2025-11-03 22:44:41,426 INFO END Kh0aK4q7Foo status_comments=none duration=12.02s
2025-11-03 22:44:41,438 INFO Summary: total=5, comments_ok=0, comments_disabled=0, comments_none=5, comments_error=0
2025-11-03 22:44:41,438 INFO SMOKE TEST PASS
2025-11-03 23:28:23,777 INFO START yU8W0v79MtE (GTX 1060 Benchmarks and Review: Nvidia Strikes Back)
2025-11-03 23:28:23,779 INFO yt-dlp attempt 1 for yU8W0v79MtE (drop_extractor=False)
2025-11-03 23:28:26,507 INFO yt-dlp succeeded on attempt 1 for yU8W0v79MtE
2025-11-03 23:28:26,510 INFO END yU8W0v79MtE status_comments=none duration=2.73s
2025-11-03 23:28:26,521 INFO Summary: total=1, comments_ok=0, comments_disabled=0, comments_none=1, comments_error=0
2025-11-03 23:31:14,818 INFO START yU8W0v79MtE (GTX 1060 Benchmarks and Review: Nvidia Strikes Back)
2025-11-03 23:31:14,819 INFO yt-dlp attempt 1 for yU8W0v79MtE (drop_extractor=False)
2025-11-03 23:31:17,757 INFO yt-dlp succeeded on attempt 1 for yU8W0v79MtE
2025-11-03 23:31:17,759 INFO END yU8W0v79MtE status_comments=none duration=2.94s
2025-11-03 23:31:17,770 INFO Summary: total=1, comments_ok=0, comments_disabled=0, comments_none=1, comments_error=0
2025-11-03 23:31:27,191 INFO START yU8W0v79MtE (GTX 1060 Benchmarks and Review: Nvidia Strikes Back)
2025-11-03 23:31:27,191 INFO yt-dlp attempt 1 for yU8W0v79MtE (drop_extractor=False)
2025-11-03 23:31:30,153 INFO yt-dlp succeeded on attempt 1 for yU8W0v79MtE
2025-11-03 23:31:30,155 INFO END yU8W0v79MtE status_comments=none duration=2.96s
2025-11-03 23:31:30,165 INFO Summary: total=1, comments_ok=0, comments_disabled=0, comments_none=1, comments_error=0
2025-11-03 23:33:26,800 INFO START yU8W0v79MtE (GTX 1060 Benchmarks and Review: Nvidia Strikes Back)
2025-11-03 23:33:26,800 INFO yt-dlp attempt 1 for yU8W0v79MtE (drop_extractor=False)
2025-11-03 23:33:30,686 INFO yt-dlp succeeded on attempt 1 for yU8W0v79MtE
2025-11-03 23:33:30,689 INFO END yU8W0v79MtE status_comments=none duration=3.89s
2025-11-03 23:33:30,700 INFO Summary: total=1, comments_ok=0, comments_disabled=0, comments_none=1, comments_error=0
2025-11-03 23:38:32,880 INFO START yU8W0v79MtE (GTX 1060 Benchmarks and Review: Nvidia Strikes Back)
2025-11-03 23:38:32,880 INFO yt-dlp attempt 1 for yU8W0v79MtE (drop_extractor=False)
2025-11-03 23:38:50,353 INFO yt-dlp succeeded on attempt 1 for yU8W0v79MtE
2025-11-03 23:39:07,347 INFO START yU8W0v79MtE (GTX 1060 Benchmarks and Review: Nvidia Strikes Back)
2025-11-03 23:39:07,347 INFO yt-dlp attempt 1 for yU8W0v79MtE (drop_extractor=False)
2025-11-03 23:39:23,372 INFO yt-dlp succeeded on attempt 1 for yU8W0v79MtE
2025-11-03 23:39:23,394 INFO END yU8W0v79MtE status_comments=ok duration=16.05s
2025-11-03 23:47:08,030 INFO START yU8W0v79MtE (GTX 1060 Benchmarks and Review: Nvidia Strikes Back)
2025-11-03 23:47:08,030 INFO yt-dlp attempt 1 for yU8W0v79MtE (drop_extractor=False)
2025-11-03 23:47:23,748 INFO yt-dlp succeeded on attempt 1 for yU8W0v79MtE
2025-11-03 23:47:23,770 INFO END yU8W0v79MtE status_comments=ok duration=15.74s
2025-11-03 23:47:25,629 INFO START mF4S5ZaXdgE (Nvidia GTX 1060 Review - RX 480 Killer?)
2025-11-03 23:47:25,630 INFO yt-dlp attempt 1 for mF4S5ZaXdgE (drop_extractor=False)
2025-11-03 23:48:21,896 INFO yt-dlp succeeded on attempt 1 for mF4S5ZaXdgE
2025-11-03 23:48:21,967 INFO END mF4S5ZaXdgE status_comments=ok duration=56.34s
2025-11-03 23:48:24,886 INFO START UIHduhKkt3U (No Founder's Editions... What now? - Gigabyte G1 Gaming GTX 1060 (6GB) Review)
2025-11-03 23:48:24,886 INFO yt-dlp attempt 1 for UIHduhKkt3U (drop_extractor=False)
2025-11-03 23:48:46,035 INFO yt-dlp succeeded on attempt 1 for UIHduhKkt3U
2025-11-03 23:48:46,062 INFO END UIHduhKkt3U status_comments=ok duration=21.18s
2025-11-03 23:48:47,068 INFO START WtWIuaGsrjg (Nvidia GeForce GTX 1060 Review: Faster Than RX 480 and GTX 980?)
2025-11-03 23:48:47,068 INFO yt-dlp attempt 1 for WtWIuaGsrjg (drop_extractor=False)
2025-11-03 23:49:00,121 INFO yt-dlp succeeded on attempt 1 for WtWIuaGsrjg
2025-11-03 23:49:00,139 INFO END WtWIuaGsrjg status_comments=ok duration=13.07s
2025-11-03 23:49:02,242 INFO START Kh0aK4q7Foo (GTX 1060 Review + Benchmarks vs RX 480!)
2025-11-03 23:49:02,242 INFO yt-dlp attempt 1 for Kh0aK4q7Foo (drop_extractor=False)
2025-11-03 23:49:13,808 INFO yt-dlp succeeded on attempt 1 for Kh0aK4q7Foo
2025-11-03 23:49:13,823 INFO END Kh0aK4q7Foo status_comments=ok duration=11.58s
2025-11-03 23:58:52,889 INFO START yU8W0v79MtE (GTX 1060 Benchmarks and Review: Nvidia Strikes Back)
2025-11-03 23:58:52,890 INFO yt-dlp attempt 1 for yU8W0v79MtE (drop_extractor=False)
2025-11-03 23:59:09,792 INFO yt-dlp succeeded on attempt 1 for yU8W0v79MtE
2025-11-03 23:59:09,813 INFO END yU8W0v79MtE status_comments=ok duration=16.92s
2025-11-03 23:59:12,082 INFO START mF4S5ZaXdgE (Nvidia GTX 1060 Review - RX 480 Killer?)
2025-11-03 23:59:12,082 INFO yt-dlp attempt 1 for mF4S5ZaXdgE (drop_extractor=False)
2025-11-04 00:00:08,364 INFO yt-dlp succeeded on attempt 1 for mF4S5ZaXdgE
2025-11-04 00:00:08,446 INFO END mF4S5ZaXdgE status_comments=ok duration=56.36s
2025-11-04 00:00:11,326 INFO START UIHduhKkt3U (No Founder's Editions... What now? - Gigabyte G1 Gaming GTX 1060 (6GB) Review)
2025-11-04 00:00:11,327 INFO yt-dlp attempt 1 for UIHduhKkt3U (drop_extractor=False)
2025-11-04 00:00:36,227 INFO yt-dlp succeeded on attempt 1 for UIHduhKkt3U
2025-11-04 00:00:36,259 INFO END UIHduhKkt3U status_comments=ok duration=24.93s
2025-11-04 00:00:38,037 INFO START WtWIuaGsrjg (Nvidia GeForce GTX 1060 Review: Faster Than RX 480 and GTX 980?)
2025-11-04 00:00:38,037 INFO yt-dlp attempt 1 for WtWIuaGsrjg (drop_extractor=False)
2025-11-04 00:00:50,827 INFO yt-dlp succeeded on attempt 1 for WtWIuaGsrjg
2025-11-04 00:00:50,841 INFO END WtWIuaGsrjg status_comments=ok duration=12.80s
2025-11-04 00:00:52,491 INFO START Kh0aK4q7Foo (GTX 1060 Review + Benchmarks vs RX 480!)
2025-11-04 00:00:52,491 INFO yt-dlp attempt 1 for Kh0aK4q7Foo (drop_extractor=False)
2025-11-04 00:01:04,504 INFO yt-dlp succeeded on attempt 1 for Kh0aK4q7Foo
2025-11-04 00:01:04,519 INFO END Kh0aK4q7Foo status_comments=ok duration=12.03s
2025-11-04 00:12:51,351 INFO START yU8W0v79MtE (GTX 1060 Benchmarks and Review: Nvidia Strikes Back)
2025-11-04 00:12:51,352 INFO yt-dlp attempt 1 for yU8W0v79MtE (drop_extractor=False)
2025-11-04 00:13:05,352 INFO yt-dlp succeeded on attempt 1 for yU8W0v79MtE
2025-11-04 00:13:05,375 INFO END yU8W0v79MtE status_comments=ok duration=14.02s
2025-11-04 00:13:07,407 INFO START mF4S5ZaXdgE (Nvidia GTX 1060 Review - RX 480 Killer?)
2025-11-04 00:13:07,407 INFO yt-dlp attempt 1 for mF4S5ZaXdgE (drop_extractor=False)
2025-11-04 00:13:52,333 INFO yt-dlp succeeded on attempt 1 for mF4S5ZaXdgE
2025-11-04 00:13:52,407 INFO END mF4S5ZaXdgE status_comments=ok duration=45.00s
2025-11-04 00:13:55,396 INFO START UIHduhKkt3U (No Founder's Editions... What now? - Gigabyte G1 Gaming GTX 1060 (6GB) Review)
2025-11-04 00:13:55,396 INFO yt-dlp attempt 1 for UIHduhKkt3U (drop_extractor=False)
2025-11-04 00:14:16,186 INFO yt-dlp succeeded on attempt 1 for UIHduhKkt3U
2025-11-04 00:14:16,211 INFO END UIHduhKkt3U status_comments=ok duration=20.81s
2025-11-04 00:14:18,718 INFO START WtWIuaGsrjg (Nvidia GeForce GTX 1060 Review: Faster Than RX 480 and GTX 980?)
2025-11-04 00:14:18,718 INFO yt-dlp attempt 1 for WtWIuaGsrjg (drop_extractor=False)
2025-11-04 00:14:29,884 INFO yt-dlp succeeded on attempt 1 for WtWIuaGsrjg
2025-11-04 00:14:29,900 INFO END WtWIuaGsrjg status_comments=ok duration=11.18s
2025-11-04 00:14:31,842 INFO START Kh0aK4q7Foo (GTX 1060 Review + Benchmarks vs RX 480!)
2025-11-04 00:14:31,843 INFO yt-dlp attempt 1 for Kh0aK4q7Foo (drop_extractor=False)
2025-11-04 00:14:43,233 INFO yt-dlp succeeded on attempt 1 for Kh0aK4q7Foo
2025-11-04 00:14:43,250 INFO END Kh0aK4q7Foo status_comments=ok duration=11.41s
2025-11-04 00:20:48,650 INFO START yU8W0v79MtE (GTX 1060 Benchmarks and Review: Nvidia Strikes Back)
2025-11-04 00:20:48,651 INFO yt-dlp attempt 1 for yU8W0v79MtE (drop_extractor=False)
2025-11-04 00:21:03,863 INFO yt-dlp succeeded on attempt 1 for yU8W0v79MtE
2025-11-04 00:21:03,884 INFO END yU8W0v79MtE status_comments=ok duration=15.23s
2025-11-04 00:21:06,587 INFO START mF4S5ZaXdgE (Nvidia GTX 1060 Review - RX 480 Killer?)
2025-11-04 00:21:06,587 INFO yt-dlp attempt 1 for mF4S5ZaXdgE (drop_extractor=False)
2025-11-04 00:21:55,344 INFO yt-dlp succeeded on attempt 1 for mF4S5ZaXdgE
2025-11-04 00:21:55,416 INFO END mF4S5ZaXdgE status_comments=ok duration=48.83s
2025-11-04 00:21:56,665 INFO START UIHduhKkt3U (No Founder's Editions... What now? - Gigabyte G1 Gaming GTX 1060 (6GB) Review)
2025-11-04 00:21:56,665 INFO yt-dlp attempt 1 for UIHduhKkt3U (drop_extractor=False)
2025-11-04 00:22:15,489 INFO yt-dlp succeeded on attempt 1 for UIHduhKkt3U
2025-11-04 00:22:15,513 INFO END UIHduhKkt3U status_comments=ok duration=18.85s
2025-11-04 00:22:17,175 INFO START WtWIuaGsrjg (Nvidia GeForce GTX 1060 Review: Faster Than RX 480 and GTX 980?)
2025-11-04 00:22:17,175 INFO yt-dlp attempt 1 for WtWIuaGsrjg (drop_extractor=False)
2025-11-04 00:22:27,980 INFO yt-dlp succeeded on attempt 1 for WtWIuaGsrjg
2025-11-04 00:22:27,993 INFO END WtWIuaGsrjg status_comments=ok duration=10.82s
2025-11-04 00:22:30,241 INFO START Kh0aK4q7Foo (GTX 1060 Review + Benchmarks vs RX 480!)
2025-11-04 00:22:30,241 INFO yt-dlp attempt 1 for Kh0aK4q7Foo (drop_extractor=False)
2025-11-04 00:22:41,421 INFO yt-dlp succeeded on attempt 1 for Kh0aK4q7Foo
2025-11-04 00:22:41,436 INFO END Kh0aK4q7Foo status_comments=ok duration=11.20s
2025-11-04 00:22:41,463 INFO Summary: total=5, comments_ok=5, comments_disabled=0, comments_none=0, comments_error=0
2025-11-04 00:22:41,464 INFO SMOKE TEST PASS
2025-11-04 00:59:10,928 INFO START yU8W0v79MtE (GTX 1060 Benchmarks and Review: Nvidia Strikes Back)
2025-11-04 00:59:10,929 INFO yt-dlp attempt 1 for yU8W0v79MtE (drop_extractor=False)
2025-11-04 00:59:24,419 INFO yt-dlp succeeded on attempt 1 for yU8W0v79MtE
2025-11-04 00:59:24,439 INFO END yU8W0v79MtE status_comments=ok duration=13.51s
2025-11-04 00:59:26,281 INFO START mF4S5ZaXdgE (Nvidia GTX 1060 Review - RX 480 Killer?)
2025-11-04 00:59:26,281 INFO yt-dlp attempt 1 for mF4S5ZaXdgE (drop_extractor=False)
2025-11-04 01:00:10,945 INFO yt-dlp succeeded on attempt 1 for mF4S5ZaXdgE
2025-11-04 01:00:11,020 INFO END mF4S5ZaXdgE status_comments=ok duration=44.74s
2025-11-04 01:00:12,428 INFO START UIHduhKkt3U (No Founder's Editions... What now? - Gigabyte G1 Gaming GTX 1060 (6GB) Review)
2025-11-04 01:00:12,429 INFO yt-dlp attempt 1 for UIHduhKkt3U (drop_extractor=False)
2025-11-04 01:00:32,064 INFO yt-dlp succeeded on attempt 1 for UIHduhKkt3U
2025-11-04 01:00:32,087 INFO END UIHduhKkt3U status_comments=ok duration=19.66s
2025-11-04 01:00:33,558 INFO START WtWIuaGsrjg (Nvidia GeForce GTX 1060 Review: Faster Than RX 480 and GTX 980?)
2025-11-04 01:00:33,558 INFO yt-dlp attempt 1 for WtWIuaGsrjg (drop_extractor=False)
2025-11-04 01:00:44,569 INFO yt-dlp succeeded on attempt 1 for WtWIuaGsrjg
2025-11-04 01:00:44,583 INFO END WtWIuaGsrjg status_comments=ok duration=11.02s
2025-11-04 01:00:47,557 INFO START Kh0aK4q7Foo (GTX 1060 Review + Benchmarks vs RX 480!)
2025-11-04 01:00:47,557 INFO yt-dlp attempt 1 for Kh0aK4q7Foo (drop_extractor=False)
2025-11-04 01:00:58,489 INFO yt-dlp succeeded on attempt 1 for Kh0aK4q7Foo
2025-11-04 01:00:58,505 INFO END Kh0aK4q7Foo status_comments=ok duration=10.95s
2025-11-04 01:01:01,484 INFO START 697Fzb5ircM (EVGA GTX 1070 SC Review & Overclocking Benchmarks)
2025-11-04 01:01:01,484 INFO yt-dlp attempt 1 for 697Fzb5ircM (drop_extractor=False)
2025-11-04 01:01:08,246 INFO yt-dlp succeeded on attempt 1 for 697Fzb5ircM
2025-11-04 01:01:08,256 INFO END 697Fzb5ircM status_comments=ok duration=6.77s
2025-11-04 01:01:10,666 INFO START rfisvPuu8QU (MSI GTX 1070 GAMING X/Z Review - How GOOD is it??)
2025-11-04 01:01:10,666 INFO yt-dlp attempt 1 for rfisvPuu8QU (drop_extractor=False)
2025-11-04 01:01:18,558 INFO yt-dlp succeeded on attempt 1 for rfisvPuu8QU
2025-11-04 01:01:18,566 INFO END rfisvPuu8QU status_comments=ok duration=7.90s
2025-11-04 01:01:20,522 INFO START 4yq7VVW76VY (NVIDIA GeForce GTX 1070 Review vs. 1080, 970, 390X)
2025-11-04 01:01:20,522 INFO yt-dlp attempt 1 for 4yq7VVW76VY (drop_extractor=False)
2025-11-04 01:01:30,602 INFO yt-dlp succeeded on attempt 1 for 4yq7VVW76VY
2025-11-04 01:01:30,612 INFO END 4yq7VVW76VY status_comments=ok duration=10.09s
2025-11-04 01:01:31,841 INFO START epHr7Z_6nLo (Nvidia GeForce GTX 1070 Review: Can It Really Match Titan X?)
2025-11-04 01:01:31,841 INFO yt-dlp attempt 1 for epHr7Z_6nLo (drop_extractor=False)
2025-11-04 01:01:48,010 INFO yt-dlp succeeded on attempt 1 for epHr7Z_6nLo
2025-11-04 01:01:48,026 INFO END epHr7Z_6nLo status_comments=ok duration=16.18s
2025-11-04 01:01:49,428 INFO START rkiZdSBux9E (Nvidia GTX 1070 Performance Review - The new 1440p sweet spot?)
2025-11-04 01:01:49,428 INFO yt-dlp attempt 1 for rkiZdSBux9E (drop_extractor=False)
2025-11-04 01:02:58,572 INFO yt-dlp succeeded on attempt 1 for rkiZdSBux9E
2025-11-04 01:02:58,650 INFO END rkiZdSBux9E status_comments=ok duration=69.22s
2025-11-04 01:03:00,767 INFO START ZdfAo9p9Q2k (GTX 1080 Founders Edition Review & Benchmark)
2025-11-04 01:03:00,767 INFO yt-dlp attempt 1 for ZdfAo9p9Q2k (drop_extractor=False)
2025-11-04 01:03:08,320 INFO yt-dlp succeeded on attempt 1 for ZdfAo9p9Q2k
2025-11-04 01:03:08,329 INFO END ZdfAo9p9Q2k status_comments=ok duration=7.56s
2025-11-04 01:03:10,130 INFO START 2-61Zn4Sb8Q (Nvidia GTX 1080 Performance Review - The New King)
2025-11-04 01:03:10,130 INFO yt-dlp attempt 1 for 2-61Zn4Sb8Q (drop_extractor=False)
2025-11-04 01:04:36,434 INFO yt-dlp succeeded on attempt 1 for 2-61Zn4Sb8Q
2025-11-04 01:04:36,521 INFO END 2-61Zn4Sb8Q status_comments=ok duration=86.39s
2025-11-04 01:04:38,162 INFO START -ZG54Da2pMM (Nvidia GeForce GTX 1080 Review: The New GPU King)
2025-11-04 01:04:38,162 INFO yt-dlp attempt 1 for -ZG54Da2pMM (drop_extractor=False)
2025-11-04 01:04:50,596 INFO yt-dlp succeeded on attempt 1 for -ZG54Da2pMM
2025-11-04 01:04:50,607 INFO END -ZG54Da2pMM status_comments=ok duration=12.45s
2025-11-04 01:04:53,328 INFO START UVlT_VFI0VU (ASUS GTX 1080 Strix Review - "I wanna go fast!")
2025-11-04 01:04:53,328 INFO yt-dlp attempt 1 for UVlT_VFI0VU (drop_extractor=False)
2025-11-04 01:05:28,426 INFO yt-dlp succeeded on attempt 1 for UVlT_VFI0VU
2025-11-04 01:05:28,467 INFO END UVlT_VFI0VU status_comments=ok duration=35.14s
2025-11-04 01:05:31,180 INFO START ilArkYmDYEI (GIGABYTE G1 GAMING - GTX 1080 Review)
2025-11-04 01:05:31,180 INFO yt-dlp attempt 1 for ilArkYmDYEI (drop_extractor=False)
2025-11-04 01:05:39,295 INFO yt-dlp succeeded on attempt 1 for ilArkYmDYEI
2025-11-04 01:05:39,304 INFO END ilArkYmDYEI status_comments=ok duration=8.12s
2025-11-04 01:05:42,134 INFO START BipVR5-YM_Y (NVidia GTX 1080 Ti Founders Edition Review & Thermal Analysis)
2025-11-04 01:05:42,134 INFO yt-dlp attempt 1 for BipVR5-YM_Y (drop_extractor=False)
2025-11-04 01:05:50,677 INFO yt-dlp succeeded on attempt 1 for BipVR5-YM_Y
2025-11-04 01:05:50,686 INFO END BipVR5-YM_Y status_comments=ok duration=8.55s
2025-11-04 01:05:53,319 INFO START D5r7151k2S0 (Nvidia GeForce GTX 1080 Ti Review [20 games tested @ 1080p, 1440p & 4K])
2025-11-04 01:05:53,319 INFO yt-dlp attempt 1 for D5r7151k2S0 (drop_extractor=False)
2025-11-04 01:06:06,236 INFO yt-dlp succeeded on attempt 1 for D5r7151k2S0
2025-11-04 01:06:06,257 INFO END D5r7151k2S0 status_comments=ok duration=12.94s
2025-11-04 01:06:08,065 INFO START cmjnT0wmCBo (GTX 1080 Ti Review! The Best GPU for 4K 60fps Gaming!)
2025-11-04 01:06:08,065 INFO yt-dlp attempt 1 for cmjnT0wmCBo (drop_extractor=False)
2025-11-04 01:06:25,215 INFO yt-dlp succeeded on attempt 1 for cmjnT0wmCBo
2025-11-04 01:06:25,233 INFO END cmjnT0wmCBo status_comments=ok duration=17.17s
2025-11-04 01:06:26,398 INFO START ghT7G_9xyDU (The Greatest GPU of All Time: NVIDIA GTX 1080 Ti & GTX 1080 2024 Revisit & History)
2025-11-04 01:06:26,400 INFO yt-dlp attempt 1 for ghT7G_9xyDU (drop_extractor=False)
2025-11-04 01:07:30,814 INFO yt-dlp succeeded on attempt 1 for ghT7G_9xyDU
2025-11-04 01:07:30,918 INFO END ghT7G_9xyDU status_comments=ok duration=64.52s
2025-11-04 01:07:33,570 INFO START L34ZkAF9q9w (GTX 1080 Ti Review - AMAZING)
2025-11-04 01:07:33,570 INFO yt-dlp attempt 1 for L34ZkAF9q9w (drop_extractor=False)
2025-11-04 01:09:06,608 INFO yt-dlp succeeded on attempt 1 for L34ZkAF9q9w
2025-11-04 01:09:06,711 INFO END L34ZkAF9q9w status_comments=ok duration=93.14s
2025-11-04 01:09:09,272 INFO START 9mxjV3cuB-c (Nvidia GeForce RTX 2060 Review: Ray Tracing For The Masses?)
2025-11-04 01:09:09,272 INFO yt-dlp attempt 1 for 9mxjV3cuB-c (drop_extractor=False)
2025-11-04 01:09:24,249 INFO yt-dlp succeeded on attempt 1 for 9mxjV3cuB-c
2025-11-04 01:09:24,269 INFO END 9mxjV3cuB-c status_comments=ok duration=15.00s
2025-11-04 01:09:26,582 INFO START KPGYC6ndZZU (RTX 2060 Review - Finally A Reason to Buy RTX?)
2025-11-04 01:09:26,582 INFO yt-dlp attempt 1 for KPGYC6ndZZU (drop_extractor=False)
2025-11-04 01:09:38,065 INFO yt-dlp succeeded on attempt 1 for KPGYC6ndZZU
2025-11-04 01:09:38,080 INFO END KPGYC6ndZZU status_comments=ok duration=11.50s
2025-11-04 01:09:39,644 INFO START b4Kfrc3kk_c (NVIDIA RTX 2060 6GB Review: Overclocking, Ray-Tracing, Thermals)
2025-11-04 01:09:39,644 INFO yt-dlp attempt 1 for b4Kfrc3kk_c (drop_extractor=False)
2025-11-04 01:09:59,302 INFO yt-dlp succeeded on attempt 1 for b4Kfrc3kk_c
2025-11-04 01:09:59,329 INFO END b4Kfrc3kk_c status_comments=ok duration=19.68s
2025-11-04 01:10:01,385 INFO START fCTieiaSMYA (Why would you even…? - Nvidia GeForce RTX 2060 Review)
2025-11-04 01:10:01,385 INFO yt-dlp attempt 1 for fCTieiaSMYA (drop_extractor=False)
2025-11-04 01:11:39,392 INFO yt-dlp succeeded on attempt 1 for fCTieiaSMYA
2025-11-04 01:11:39,498 INFO END fCTieiaSMYA status_comments=ok duration=98.11s
2025-11-04 01:11:40,659 INFO START otvIXprL2LU (RTX 2060 Review, Did Nvidia Screw Us? The Possible End of Our GeForce Day One Coverage)
2025-11-04 01:11:40,659 INFO yt-dlp attempt 1 for otvIXprL2LU (drop_extractor=False)
2025-11-04 01:12:14,875 INFO yt-dlp succeeded on attempt 1 for otvIXprL2LU
2025-11-04 01:12:14,926 INFO END otvIXprL2LU status_comments=ok duration=34.27s
2025-11-04 01:12:16,504 INFO START dGpzf0uHuCc (Nvidia GeForce RTX 2070 Super & 2060 Super Review)
2025-11-04 01:12:16,505 INFO yt-dlp attempt 1 for dGpzf0uHuCc (drop_extractor=False)
2025-11-04 01:12:43,174 INFO yt-dlp succeeded on attempt 1 for dGpzf0uHuCc
2025-11-04 01:12:43,204 INFO END dGpzf0uHuCc status_comments=ok duration=26.70s
2025-11-04 01:12:45,443 INFO START a5-vCnUC7bM (NVIDIA RTX 2070 Super & 2060 Super Review: Killing Radeon VII)
2025-11-04 01:12:45,443 INFO yt-dlp attempt 1 for a5-vCnUC7bM (drop_extractor=False)
2025-11-04 01:13:16,224 INFO yt-dlp succeeded on attempt 1 for a5-vCnUC7bM
2025-11-04 01:13:16,255 INFO END a5-vCnUC7bM status_comments=ok duration=30.81s
2025-11-04 01:13:17,762 INFO START hCSTAEG-_uI (Trouble For RX 5700? RTX 2060 Super & RTX 2070 Super Review)
2025-11-04 01:13:17,762 INFO yt-dlp attempt 1 for hCSTAEG-_uI (drop_extractor=False)
2025-11-04 01:13:28,159 INFO yt-dlp succeeded on attempt 1 for hCSTAEG-_uI
2025-11-04 01:13:28,174 INFO END hCSTAEG-_uI status_comments=ok duration=10.41s
2025-11-04 01:13:29,867 INFO START 5CbqEKWGblE (Buy THIS Instead - RTX 2070 Review)
2025-11-04 01:13:29,867 INFO yt-dlp attempt 1 for 5CbqEKWGblE (drop_extractor=False)
2025-11-04 01:14:49,198 INFO yt-dlp succeeded on attempt 1 for 5CbqEKWGblE
2025-11-04 01:14:49,284 INFO END 5CbqEKWGblE status_comments=ok duration=79.42s
2025-11-04 01:14:50,508 INFO START RAcsxZfROY8 (GeForce RTX 2070 Review, 20 Game Benchmark Breakdown)
2025-11-04 01:14:50,508 INFO yt-dlp attempt 1 for RAcsxZfROY8 (drop_extractor=False)
2025-11-04 01:15:03,924 INFO yt-dlp succeeded on attempt 1 for RAcsxZfROY8
2025-11-04 01:15:03,943 INFO END RAcsxZfROY8 status_comments=ok duration=13.43s
2025-11-04 01:15:05,041 INFO START FPombfzp7qw (EVGA RTX 2070 Review & Overclocking vs. GTX 970, 1070, & More)
2025-11-04 01:15:05,041 INFO yt-dlp attempt 1 for FPombfzp7qw (drop_extractor=False)
2025-11-04 01:15:23,752 INFO yt-dlp succeeded on attempt 1 for FPombfzp7qw
2025-11-04 01:15:23,776 INFO END FPombfzp7qw status_comments=ok duration=18.74s
2025-11-04 01:15:25,584 INFO START vMQK1YIbA7g (Nvidia GeForce RTX 2070 Review: The Digital Foundry Verdict)
2025-11-04 01:15:25,604 INFO yt-dlp attempt 1 for vMQK1YIbA7g (drop_extractor=False)
2025-11-04 01:15:39,774 INFO yt-dlp succeeded on attempt 1 for vMQK1YIbA7g
2025-11-04 01:15:39,794 INFO END vMQK1YIbA7g status_comments=ok duration=14.21s
2025-11-04 01:15:42,179 INFO START isdJJUmpNJ4 (NVIDIA RTX 2070 Review - One MESSED UP Launch!)
2025-11-04 01:15:42,179 INFO yt-dlp attempt 1 for isdJJUmpNJ4 (drop_extractor=False)
2025-11-04 01:15:53,492 INFO yt-dlp succeeded on attempt 1 for isdJJUmpNJ4
2025-11-04 01:15:53,503 INFO END isdJJUmpNJ4 status_comments=ok duration=11.32s
2025-11-04 01:15:56,271 INFO START bnEPBcCkM2Y (Nvidia’s New SUPER Cards! - RTX 2060 & 2070 SUPER Review)
2025-11-04 01:15:56,271 INFO yt-dlp attempt 1 for bnEPBcCkM2Y (drop_extractor=False)
2025-11-04 01:17:16,847 INFO yt-dlp succeeded on attempt 1 for bnEPBcCkM2Y
2025-11-04 01:17:16,940 INFO END bnEPBcCkM2Y status_comments=ok duration=80.67s
2025-11-04 01:17:18,306 INFO START 9QSo2WH6Lm4 (PNY RTX 2070 Super Review - TechteamGB)
2025-11-04 01:17:18,306 INFO yt-dlp attempt 1 for 9QSo2WH6Lm4 (drop_extractor=False)
2025-11-04 01:17:21,384 INFO yt-dlp succeeded on attempt 1 for 9QSo2WH6Lm4
2025-11-04 01:17:21,391 INFO END 9QSo2WH6Lm4 status_comments=ok duration=3.08s
2025-11-04 01:17:23,150 INFO START qKzVZhfCkDU (We Need to Talk About the RTX 2070 Super)
2025-11-04 01:17:23,150 INFO yt-dlp attempt 1 for qKzVZhfCkDU (drop_extractor=False)
2025-11-04 01:17:42,218 INFO yt-dlp succeeded on attempt 1 for qKzVZhfCkDU
2025-11-04 01:17:42,241 INFO END qKzVZhfCkDU status_comments=ok duration=19.09s
2025-11-04 01:17:44,616 INFO START o1DoG6uTYBg (This Seems Rushed... - GeForce RTX Review)
2025-11-04 01:17:44,616 INFO yt-dlp attempt 1 for o1DoG6uTYBg (drop_extractor=False)
2025-11-04 01:19:39,634 INFO yt-dlp succeeded on attempt 1 for o1DoG6uTYBg
2025-11-04 01:19:39,804 INFO END o1DoG6uTYBg status_comments=ok duration=115.19s
2025-11-04 01:19:41,613 INFO START jUM_eINGUl4 (RTX 2080 Founders Edition Review, Overclocking, & Benchmarks)
2025-11-04 01:19:41,613 INFO yt-dlp attempt 1 for jUM_eINGUl4 (drop_extractor=False)
2025-11-04 01:20:03,163 INFO yt-dlp succeeded on attempt 1 for jUM_eINGUl4
2025-11-04 01:20:03,185 INFO END jUM_eINGUl4 status_comments=ok duration=21.57s
2025-11-04 01:20:05,700 INFO START cxuoDyjemdA (Nvidia GeForce RTX 2080 Super Review, We Miss The 1080 Ti)
2025-11-04 01:20:05,700 INFO yt-dlp attempt 1 for cxuoDyjemdA (drop_extractor=False)
2025-11-04 01:20:23,653 INFO yt-dlp succeeded on attempt 1 for cxuoDyjemdA
2025-11-04 01:20:23,676 INFO END cxuoDyjemdA status_comments=ok duration=17.98s
2025-11-04 01:20:25,022 INFO START lVfhtALejUQ (Too Good for Turing - MSI's RTX 2080 Gaming X Trio Tested!)
2025-11-04 01:20:25,022 INFO yt-dlp attempt 1 for lVfhtALejUQ (drop_extractor=False)
2025-11-04 01:20:32,413 INFO yt-dlp succeeded on attempt 1 for lVfhtALejUQ
2025-11-04 01:20:32,423 INFO END lVfhtALejUQ status_comments=ok duration=7.40s
2025-11-04 01:20:34,267 INFO START Ny4ksthFzpk (Nvidia's RTX 2080 Series Review Breakdown)
2025-11-04 01:20:34,267 INFO yt-dlp attempt 1 for Ny4ksthFzpk (drop_extractor=False)
2025-11-04 01:20:37,825 INFO yt-dlp succeeded on attempt 1 for Ny4ksthFzpk
2025-11-04 01:20:37,830 INFO END Ny4ksthFzpk status_comments=ok duration=3.56s
2025-11-04 01:20:40,499 INFO START kM4DIjEdGCE (AVOID This One? RTX 2080 Super Review & Gaming Benchmarks)
2025-11-04 01:20:40,499 INFO yt-dlp attempt 1 for kM4DIjEdGCE (drop_extractor=False)
2025-11-04 01:20:55,811 INFO yt-dlp succeeded on attempt 1 for kM4DIjEdGCE
2025-11-04 01:20:55,828 INFO END kM4DIjEdGCE status_comments=ok duration=15.33s
2025-11-04 01:20:58,166 INFO START Qeb3IhsZSCM (NVIDIA RTX 2080 Super Review: We Get It, NVIDIA, You Can Make a 1080 Ti)
2025-11-04 01:20:58,166 INFO yt-dlp attempt 1 for Qeb3IhsZSCM (drop_extractor=False)
2025-11-04 01:21:40,246 INFO yt-dlp succeeded on attempt 1 for Qeb3IhsZSCM
2025-11-04 01:21:40,288 INFO END Qeb3IhsZSCM status_comments=ok duration=42.12s
2025-11-04 01:21:42,301 INFO START XTmSP_DBopY (Nvidia RTX 2080 SUPER Review - with MSI's Gaming X Trio!)
2025-11-04 01:21:42,301 INFO yt-dlp attempt 1 for XTmSP_DBopY (drop_extractor=False)
2025-11-04 01:21:48,004 INFO yt-dlp succeeded on attempt 1 for XTmSP_DBopY
2025-11-04 01:21:48,014 INFO END XTmSP_DBopY status_comments=ok duration=5.71s
2025-11-04 01:21:50,073 INFO START pgEI4tzh0dc (Nvidia GeForce RTX 2080/ RTX 2080 Ti Review: True Next-Gen Graphics Architecture?)
2025-11-04 01:21:50,073 INFO yt-dlp attempt 1 for pgEI4tzh0dc (drop_extractor=False)
2025-11-04 01:22:06,285 INFO yt-dlp succeeded on attempt 1 for pgEI4tzh0dc
2025-11-04 01:22:06,306 INFO END pgEI4tzh0dc status_comments=ok duration=16.23s
2025-11-04 01:22:07,880 INFO START dLjQR0UFUd0 (GeForce RTX 2080 & 2080 Ti Review, I Was WRONG!)
2025-11-04 01:22:07,881 INFO yt-dlp attempt 1 for dLjQR0UFUd0 (drop_extractor=False)
2025-11-04 01:22:34,594 INFO yt-dlp succeeded on attempt 1 for dLjQR0UFUd0
2025-11-04 01:22:34,629 INFO END dLjQR0UFUd0 status_comments=ok duration=26.75s
2025-11-04 01:22:36,765 INFO START 4r8g1NaWDBQ (RTX 2080 Ti & RTX 2080 Review - Benchmarks & OVERCLOCKING!)
2025-11-04 01:22:36,765 INFO yt-dlp attempt 1 for 4r8g1NaWDBQ (drop_extractor=False)
2025-11-04 01:22:49,831 INFO yt-dlp succeeded on attempt 1 for 4r8g1NaWDBQ
2025-11-04 01:22:49,849 INFO END 4r8g1NaWDBQ status_comments=ok duration=13.08s
2025-11-04 01:22:51,190 INFO START LoPfkaSKIVo (NVIDIA Needs to STOP - RTX 3050 & Misleading Branding)
2025-11-04 01:22:51,190 INFO yt-dlp attempt 1 for LoPfkaSKIVo (drop_extractor=False)
2025-11-04 01:23:33,348 INFO yt-dlp succeeded on attempt 1 for LoPfkaSKIVo
2025-11-04 01:23:33,407 INFO END LoPfkaSKIVo status_comments=ok duration=42.22s
2025-11-04 01:23:35,541 INFO START eob0o3wUqIw (Is the Cheapest RTX GPU Worth It? RTX 3050 Review)
2025-11-04 01:23:35,541 INFO yt-dlp attempt 1 for eob0o3wUqIw (drop_extractor=False)
2025-11-04 01:23:44,260 INFO yt-dlp succeeded on attempt 1 for eob0o3wUqIw
2025-11-04 01:23:44,270 INFO END eob0o3wUqIw status_comments=ok duration=8.73s
2025-11-04 01:23:45,382 INFO START r2NNegA77uA (NVIDIA GeForce RTX 3050 GPU Review & Benchmarks)
2025-11-04 01:23:45,382 INFO yt-dlp attempt 1 for r2NNegA77uA (drop_extractor=False)
2025-11-04 01:24:18,532 INFO yt-dlp succeeded on attempt 1 for r2NNegA77uA
2025-11-04 01:24:18,577 INFO END r2NNegA77uA status_comments=ok duration=33.19s
2025-11-04 01:24:21,479 INFO START kXGnLjwbOBY (Nvidia GeForce RTX 3050 Review, The Bare Minimum Edition)
2025-11-04 01:24:21,479 INFO yt-dlp attempt 1 for kXGnLjwbOBY (drop_extractor=False)
2025-11-04 01:24:44,099 INFO yt-dlp succeeded on attempt 1 for kXGnLjwbOBY
2025-11-04 01:24:44,129 INFO END kXGnLjwbOBY status_comments=ok duration=22.65s
2025-11-04 01:24:47,031 INFO START SlobQZECwxE (Your next GPU - RTX 3050)
2025-11-04 01:24:47,031 INFO yt-dlp attempt 1 for SlobQZECwxE (drop_extractor=False)
2025-11-04 01:25:37,182 INFO yt-dlp succeeded on attempt 1 for SlobQZECwxE
2025-11-04 01:25:37,242 INFO END SlobQZECwxE status_comments=ok duration=50.21s
2025-11-04 01:25:38,693 INFO START 3C-RoDtqdJ8 (NVIDIA RTX 3060 GPU Review & Benchmarks: Aaand It's Gone)
2025-11-04 01:25:38,693 INFO yt-dlp attempt 1 for 3C-RoDtqdJ8 (drop_extractor=False)
2025-11-04 01:26:20,607 INFO yt-dlp succeeded on attempt 1 for 3C-RoDtqdJ8
2025-11-04 01:26:20,653 INFO END 3C-RoDtqdJ8 status_comments=ok duration=41.96s
2025-11-04 01:26:22,730 INFO START kAJAViPWR_8 (I'm still mad… but buy it anyway - RTX 3060 Review)
2025-11-04 01:26:22,730 INFO yt-dlp attempt 1 for kAJAViPWR_8 (drop_extractor=False)
2025-11-04 01:28:48,951 INFO yt-dlp succeeded on attempt 1 for kAJAViPWR_8
2025-11-04 01:28:49,130 INFO END kAJAViPWR_8 status_comments=ok duration=146.40s
2025-11-04 01:28:50,886 INFO START 8rz32GVndEM (Nvidia GeForce RTX 3060 Review, Better Late Than Never Right?)
2025-11-04 01:28:50,886 INFO yt-dlp attempt 1 for 8rz32GVndEM (drop_extractor=False)
2025-11-04 01:29:10,664 INFO yt-dlp succeeded on attempt 1 for 8rz32GVndEM
2025-11-04 01:29:10,689 INFO END 8rz32GVndEM status_comments=ok duration=19.80s
2025-11-04 01:29:13,027 INFO START H1DApIvOCMw (My SALTY Review of the NVIDIA RTX 3060…)
2025-11-04 01:29:13,027 INFO yt-dlp attempt 1 for H1DApIvOCMw (drop_extractor=False)
2025-11-04 01:30:58,290 INFO yt-dlp succeeded on attempt 1 for H1DApIvOCMw
2025-11-04 01:30:58,416 INFO END H1DApIvOCMw status_comments=ok duration=105.39s
2025-11-04 01:31:00,308 INFO START Ayge2grIeDE (NVIDIA RTX 3060 Review - Time to Upgrade GTX 1060 & GTX 960?)
2025-11-04 01:31:00,308 INFO yt-dlp attempt 1 for Ayge2grIeDE (drop_extractor=False)
2025-11-04 01:31:10,745 INFO yt-dlp succeeded on attempt 1 for Ayge2grIeDE
2025-11-04 01:31:10,760 INFO END Ayge2grIeDE status_comments=ok duration=10.45s
2025-11-04 01:31:12,219 INFO START JfASASNLgIk (Nvidia GeForce RTX 3060 Ti Review: Faster than 2080 Super, Easily Beats 1080 Ti)
2025-11-04 01:31:12,220 INFO yt-dlp attempt 1 for JfASASNLgIk (drop_extractor=False)
2025-11-04 01:31:33,482 INFO yt-dlp succeeded on attempt 1 for JfASASNLgIk
2025-11-04 01:31:33,505 INFO END JfASASNLgIk status_comments=ok duration=21.29s
2025-11-04 01:31:35,139 INFO START oGyWz866AoM (Merry Christmas, scalpers! - RTX 3060 Ti Review)
2025-11-04 01:31:35,139 INFO yt-dlp attempt 1 for oGyWz866AoM (drop_extractor=False)
2025-11-04 01:32:49,289 INFO yt-dlp succeeded on attempt 1 for oGyWz866AoM
2025-11-04 01:32:49,374 INFO END oGyWz866AoM status_comments=ok duration=74.23s
2025-11-04 01:32:52,173 INFO START t9H2PfYDFok (NVIDIA GeForce RTX 3060 Ti Founders Edition Review: Gaming, Thermals, Noise, & Power Benchmarks)
2025-11-04 01:32:52,173 INFO yt-dlp attempt 1 for t9H2PfYDFok (drop_extractor=False)
2025-11-04 01:33:22,415 INFO yt-dlp succeeded on attempt 1 for t9H2PfYDFok
2025-11-04 01:33:22,449 INFO END t9H2PfYDFok status_comments=ok duration=30.28s
2025-11-04 01:33:24,705 INFO START Mya3ZvVRTRg (RTX 3070 Review - Worth the $500?)
2025-11-04 01:33:24,706 INFO yt-dlp attempt 1 for Mya3ZvVRTRg (drop_extractor=False)
2025-11-04 01:33:48,507 INFO yt-dlp succeeded on attempt 1 for Mya3ZvVRTRg
2025-11-04 01:33:48,537 INFO END Mya3ZvVRTRg status_comments=ok duration=23.83s
2025-11-04 01:33:50,501 INFO START ul8F0MmRpmY (Nvidia GeForce RTX 3070 Review: Is It Really As Fast As 2080 Ti?)
2025-11-04 01:33:50,501 INFO yt-dlp attempt 1 for ul8F0MmRpmY (drop_extractor=False)
2025-11-04 01:34:11,501 INFO yt-dlp succeeded on attempt 1 for ul8F0MmRpmY
2025-11-04 01:34:11,524 INFO END ul8F0MmRpmY status_comments=ok duration=21.02s
2025-11-04 01:34:14,039 INFO START 3XaOeLPztN4 (I'm DONE covering for NVIDIA - RTX 3070 Review)
2025-11-04 01:34:14,039 INFO yt-dlp attempt 1 for 3XaOeLPztN4 (drop_extractor=False)
2025-11-04 01:36:01,000 INFO yt-dlp succeeded on attempt 1 for 3XaOeLPztN4
2025-11-04 01:36:01,135 INFO END 3XaOeLPztN4 status_comments=ok duration=107.10s
2025-11-04 01:36:03,143 INFO START NbZDERlshbQ (NVIDIA GeForce RTX 3070 Founders Edition Review: Gaming, Thermals, Noise, & Power Benchmarks)
2025-11-04 01:36:03,143 INFO yt-dlp attempt 1 for NbZDERlshbQ (drop_extractor=False)
2025-11-04 01:36:28,209 INFO yt-dlp succeeded on attempt 1 for NbZDERlshbQ
2025-11-04 01:36:28,236 INFO END NbZDERlshbQ status_comments=ok duration=25.09s
2025-11-04 01:36:31,120 INFO START UFAfOqTzc18 (GeForce RTX 3070 Benchmark Review)
2025-11-04 01:36:31,120 INFO yt-dlp attempt 1 for UFAfOqTzc18 (drop_extractor=False)
2025-11-04 01:36:55,442 INFO yt-dlp succeeded on attempt 1 for UFAfOqTzc18
2025-11-04 01:36:55,474 INFO END UFAfOqTzc18 status_comments=ok duration=24.35s
2025-11-04 01:36:56,881 INFO START ThfeEjogy4Y (PLEASE Don't Waste Your Money! - Nvidia RTX 3070 Review & Overclocking! (Gameplay Benchmarks))
2025-11-04 01:36:56,881 INFO yt-dlp attempt 1 for ThfeEjogy4Y (drop_extractor=False)
2025-11-04 01:37:16,712 INFO yt-dlp succeeded on attempt 1 for ThfeEjogy4Y
2025-11-04 01:37:16,731 INFO END ThfeEjogy4Y status_comments=ok duration=19.85s
2025-11-04 01:37:18,491 INFO START zC0TbZq_oIU (People Will Literally Fight Over This - RTX 3070 Ti Review)
2025-11-04 01:37:18,491 INFO yt-dlp attempt 1 for zC0TbZq_oIU (drop_extractor=False)
2025-11-04 01:38:22,691 INFO yt-dlp succeeded on attempt 1 for zC0TbZq_oIU
2025-11-04 01:38:22,766 INFO END zC0TbZq_oIU status_comments=ok duration=64.27s
2025-11-04 01:38:24,456 INFO START dQJwjxUB0LU (Gaslighting GPU Buyers: NVIDIA RTX 3070 Ti Review & Benchmarks)
2025-11-04 01:38:24,456 INFO yt-dlp attempt 1 for dQJwjxUB0LU (drop_extractor=False)
2025-11-04 01:39:25,263 INFO yt-dlp succeeded on attempt 1 for dQJwjxUB0LU
2025-11-04 01:39:25,333 INFO END dQJwjxUB0LU status_comments=ok duration=60.88s
2025-11-04 01:39:26,527 INFO START csSmiaR3RVE (Nvidia GeForce RTX 3080 Review)
2025-11-04 01:39:26,527 INFO yt-dlp attempt 1 for csSmiaR3RVE (drop_extractor=False)
2025-11-04 01:40:23,443 INFO yt-dlp succeeded on attempt 1 for csSmiaR3RVE
2025-11-04 01:40:23,499 INFO END csSmiaR3RVE status_comments=ok duration=56.97s
2025-11-04 01:40:25,235 INFO START k7FlXu9dAMU (Nvidia GeForce RTX 3080 Review: Brute Force Power Delivers Huge Performance)
2025-11-04 01:40:25,235 INFO yt-dlp attempt 1 for k7FlXu9dAMU (drop_extractor=False)
2025-11-04 01:40:53,294 INFO yt-dlp succeeded on attempt 1 for k7FlXu9dAMU
2025-11-04 01:40:53,325 INFO END k7FlXu9dAMU status_comments=ok duration=28.09s
2025-11-04 01:40:55,878 INFO START HybxSfUtvgY (My Nvidia RTX 3080 Review!)
2025-11-04 01:40:55,878 INFO yt-dlp attempt 1 for HybxSfUtvgY (drop_extractor=False)
2025-11-04 01:41:20,056 INFO yt-dlp succeeded on attempt 1 for HybxSfUtvgY
2025-11-04 01:41:20,089 INFO END HybxSfUtvgY status_comments=ok duration=24.21s
2025-11-04 01:41:22,554 INFO START oTeXh9x0sUc (NVIDIA GeForce RTX 3080 Founders Edition Review: Gaming, Thermals, Noise, & Power Benchmarks)
2025-11-04 01:41:22,554 INFO yt-dlp attempt 1 for oTeXh9x0sUc (drop_extractor=False)
2025-11-04 01:42:27,259 INFO yt-dlp succeeded on attempt 1 for oTeXh9x0sUc
2025-11-04 01:42:27,328 INFO END oTeXh9x0sUc status_comments=ok duration=64.77s
2025-11-04 01:42:30,104 INFO START AG_ZHi3tuyk (Nvidia, you PROMISED! - RTX 3080 Review)
2025-11-04 01:42:30,104 INFO yt-dlp attempt 1 for AG_ZHi3tuyk (drop_extractor=False)
2025-11-04 01:44:38,013 INFO yt-dlp succeeded on attempt 1 for AG_ZHi3tuyk
2025-11-04 01:44:38,151 INFO END AG_ZHi3tuyk status_comments=ok duration=128.05s
2025-11-04 01:44:39,252 INFO START qHqesWMY9OU (NVIDIA RTX 3080 Ti Review - NOT a New Hope for Gamers)
2025-11-04 01:44:39,252 INFO yt-dlp attempt 1 for qHqesWMY9OU (drop_extractor=False)
2025-11-04 01:44:48,995 INFO yt-dlp succeeded on attempt 1 for qHqesWMY9OU
2025-11-04 01:44:49,009 INFO END qHqesWMY9OU status_comments=ok duration=9.76s
2025-11-04 01:44:51,386 INFO START HI7xjsX9o9M (Nvidia GeForce RTX 3080 Ti Review: Big Performance, Extreme Price Tag)
2025-11-04 01:44:51,386 INFO yt-dlp attempt 1 for HI7xjsX9o9M (drop_extractor=False)
2025-11-04 01:45:04,200 INFO yt-dlp succeeded on attempt 1 for HI7xjsX9o9M
2025-11-04 01:45:04,215 INFO END HI7xjsX9o9M status_comments=ok duration=12.83s
2025-11-04 01:45:06,033 INFO START n4_4SKtq_Gs (GeForce RTX 3080 Ti Review, Nvidia Fails to Read the Room)
2025-11-04 01:45:06,033 INFO yt-dlp attempt 1 for n4_4SKtq_Gs (drop_extractor=False)
2025-11-04 08:59:53,881 WARNING yt-dlp failed on attempt 1 for n4_4SKtq_Gs (rc=1)
2025-11-04 08:59:53,889 WARNING WARNING: [youtube] Falling back to generic n function search
         player = https://www.youtube.com/s/player/e237d4c5/player_ias.vflset/en_US/base.js
WARNING: [youtube] n4_4SKtq_Gs: nsig extraction failed: Some formats may be missing
         n = fO2y_zU0DMiYIvQ8bfX ; player = https://www.youtube.com/s/player/e237d4c5/player_ias.vflset/en_US/base.js
         Please report this issue on  https://github.com/yt-dlp/yt-dlp/issues?q= , filling out the appropriate issue template. Confirm you are on the latest version using  yt-dlp -U
WARNING: [youtube] n4_4SKtq_Gs: Some web_safari client https formats have been skipped as they are missing a url. YouTube is forcing SABR streaming for this client. See  https://github.com/yt-dlp/yt-dlp/issues/12482  for more details
WARNING: [youtube] n4_4SKtq_Gs: Some web client https formats have been skipped as they are missing a url. YouTube is forcing SABR streaming for this client. See  https://github.com/yt-dlp/yt-dlp/issues/12482  for more details
WARNING: [youtube] ('Connection aborted.', RemoteDisconnected('Remote end closed connection without response')). Retrying (1/3)...
WARNING: [youtube] <urllib3.connection.HTTPSConnection object at 0x000001EA7F4CBB20>: Failed to resolve 'www.youtube.com' ([Errno 11001] getaddrinfo failed). Retrying (2/3)...
WARNING: [youtube] <urllib3.connection.HTTPSConnection object at 0x000001EA7DEA1390>: Failed to resolve 'www.youtube.com' ([Errno 11001] getaddrinfo failed). Retrying (3/3)...
ERROR: Unable to download API page: <urllib3.connection.HTTPSConnection object at 0x000001EA7F4DB4C0>: Failed to resolve 'www.youtube.com' ([Errno 11001] getaddrinfo failed) (caused by TransportError("<urllib3.connection.HTTPSConnection object at 0x000001EA7F4DB4C0>: Failed to resolve 'www.youtube.com' ([Errno 11001] getaddrinfo failed)"))
2025-11-04 08:59:55,911 INFO yt-dlp attempt 2 for n4_4SKtq_Gs (drop_extractor=False)
2025-11-04 08:59:56,599 WARNING yt-dlp failed on attempt 2 for n4_4SKtq_Gs (rc=1)
2025-11-04 08:59:56,599 WARNING WARNING: [youtube] <urllib3.connection.HTTPSConnection object at 0x000002CD75DFEC50>: Failed to resolve 'www.youtube.com' ([Errno 11001] getaddrinfo failed). Retrying (1/3)...
WARNING: [youtube] <urllib3.connection.HTTPSConnection object at 0x000002CD75E53100>: Failed to resolve 'www.youtube.com' ([Errno 11001] getaddrinfo failed). Retrying (2/3)...
WARNING: [youtube] <urllib3.connection.HTTPSConnection object at 0x000002CD75DFF760>: Failed to resolve 'www.youtube.com' ([Errno 11001] getaddrinfo failed). Retrying (3/3)...
WARNING: [youtube] Unable to download webpage: <urllib3.connection.HTTPSConnection object at 0x000002CD75E50C70>: Failed to resolve 'www.youtube.com' ([Errno 11001] getaddrinfo failed) (caused by TransportError("<urllib3.connection.HTTPSConnection object at 0x000002CD75E50C70>: Failed to resolve 'www.youtube.com' ([Errno 11001] getaddrinfo failed)")). Giving up after 3 retries
WARNING: [youtube] <urllib3.connection.HTTPSConnection object at 0x000002CD75DFDD80>: Failed to resolve 'www.youtube.com' ([Errno 11001] getaddrinfo failed). Retrying (1/3)...
WARNING: [youtube] <urllib3.connection.HTTPSConnection object at 0x000002CD75EBEF20>: Failed to resolve 'www.youtube.com' ([Errno 11001] getaddrinfo failed). Retrying (2/3)...
WARNING: [youtube] <urllib3.connection.HTTPSConnection object at 0x000002CD75EBC970>: Failed to resolve 'www.youtube.com' ([Errno 11001] getaddrinfo failed). Retrying (3/3)...
ERROR: [youtube] n4_4SKtq_Gs: Unable to download API page: <urllib3.connection.HTTPSConnection object at 0x000002CD75EBD450>: Failed to resolve 'www.youtube.com' ([Errno 11001] getaddrinfo failed) (caused by TransportError("<urllib3.connection.HTTPSConnection object at 0x000002CD75EBD450>: Failed to resolve 'www.youtube.com' ([Errno 11001] getaddrinfo failed)"))
2025-11-04 09:00:01,602 INFO yt-dlp attempt 3 for n4_4SKtq_Gs (drop_extractor=False)
2025-11-04 09:00:02,302 WARNING yt-dlp failed on attempt 3 for n4_4SKtq_Gs (rc=1)
2025-11-04 09:00:02,302 WARNING WARNING: [youtube] <urllib3.connection.HTTPSConnection object at 0x000001E42C62AC50>: Failed to resolve 'www.youtube.com' ([Errno 11001] getaddrinfo failed). Retrying (1/3)...
WARNING: [youtube] <urllib3.connection.HTTPSConnection object at 0x000001E42C667100>: Failed to resolve 'www.youtube.com' ([Errno 11001] getaddrinfo failed). Retrying (2/3)...
WARNING: [youtube] <urllib3.connection.HTTPSConnection object at 0x000001E42C62B760>: Failed to resolve 'www.youtube.com' ([Errno 11001] getaddrinfo failed). Retrying (3/3)...
WARNING: [youtube] Unable to download webpage: <urllib3.connection.HTTPSConnection object at 0x000001E42C664C70>: Failed to resolve 'www.youtube.com' ([Errno 11001] getaddrinfo failed) (caused by TransportError("<urllib3.connection.HTTPSConnection object at 0x000001E42C664C70>: Failed to resolve 'www.youtube.com' ([Errno 11001] getaddrinfo failed)")). Giving up after 3 retries
WARNING: [youtube] <urllib3.connection.HTTPSConnection object at 0x000001E42C629D80>: Failed to resolve 'www.youtube.com' ([Errno 11001] getaddrinfo failed). Retrying (1/3)...
WARNING: [youtube] <urllib3.connection.HTTPSConnection object at 0x000001E42C6EAF20>: Failed to resolve 'www.youtube.com' ([Errno 11001] getaddrinfo failed). Retrying (2/3)...
WARNING: [youtube] <urllib3.connection.HTTPSConnection object at 0x000001E42C6E8970>: Failed to resolve 'www.youtube.com' ([Errno 11001] getaddrinfo failed). Retrying (3/3)...
ERROR: [youtube] n4_4SKtq_Gs: Unable to download API page: <urllib3.connection.HTTPSConnection object at 0x000001E42C6E9450>: Failed to resolve 'www.youtube.com' ([Errno 11001] getaddrinfo failed) (caused by TransportError("<urllib3.connection.HTTPSConnection object at 0x000001E42C6E9450>: Failed to resolve 'www.youtube.com' ([Errno 11001] getaddrinfo failed)"))
2025-11-04 09:00:02,302 INFO END n4_4SKtq_Gs status_comments=error duration=26096.27s
2025-11-04 09:00:03,372 INFO START jgLOfZaV3Ac (RTX 3090 Review - 33 Million Pixel Gaming)
2025-11-04 09:00:03,372 INFO yt-dlp attempt 1 for jgLOfZaV3Ac (drop_extractor=False)
2025-11-04 09:00:22,817 INFO yt-dlp succeeded on attempt 1 for jgLOfZaV3Ac
2025-11-04 09:00:22,837 INFO END jgLOfZaV3Ac status_comments=ok duration=19.47s
2025-11-04 09:00:24,966 INFO START PTs1gHqvcjs (GeForce RTX 3090 Review, Insert 8K Gaming Meme!)
2025-11-04 09:00:24,966 INFO yt-dlp attempt 1 for PTs1gHqvcjs (drop_extractor=False)
2025-11-04 09:00:54,826 INFO yt-dlp succeeded on attempt 1 for PTs1gHqvcjs
2025-11-04 09:00:54,853 INFO END PTs1gHqvcjs status_comments=ok duration=29.89s
2025-11-04 09:00:55,996 INFO START Xgs-VbqsuKo (NVIDIA RTX 3090 Founders Edition Review: How to Nuke Your Launch)
2025-11-04 09:00:55,997 INFO yt-dlp attempt 1 for Xgs-VbqsuKo (drop_extractor=False)
2025-11-04 09:02:26,258 INFO yt-dlp succeeded on attempt 1 for Xgs-VbqsuKo
2025-11-04 09:02:26,346 INFO END Xgs-VbqsuKo status_comments=ok duration=90.35s
2025-11-04 09:02:27,401 INFO START YjcxrfEVhc8 (Making Nvidia’s CEO mad - RTX 3090 Review)
2025-11-04 09:02:27,401 INFO yt-dlp attempt 1 for YjcxrfEVhc8 (drop_extractor=False)
2025-11-04 09:05:00,400 INFO yt-dlp succeeded on attempt 1 for YjcxrfEVhc8
2025-11-04 09:05:00,559 INFO END YjcxrfEVhc8 status_comments=ok duration=153.16s
2025-11-04 09:05:01,920 INFO START HeiPdaTQTfo (RTX 3090 Review – The 3080 is Too Fast?)
2025-11-04 09:05:01,920 INFO yt-dlp attempt 1 for HeiPdaTQTfo (drop_extractor=False)
2025-11-04 09:05:15,269 INFO yt-dlp succeeded on attempt 1 for HeiPdaTQTfo
2025-11-04 09:05:15,285 INFO END HeiPdaTQTfo status_comments=ok duration=13.36s
2025-11-04 09:05:17,024 INFO START DDcA0c-Ahq0 (Nvidia missed the memo - GeForce RTX 3090 Ti)
2025-11-04 09:05:17,024 INFO yt-dlp attempt 1 for DDcA0c-Ahq0 (drop_extractor=False)
2025-11-04 09:06:16,801 INFO yt-dlp succeeded on attempt 1 for DDcA0c-Ahq0
2025-11-04 09:06:16,872 INFO END DDcA0c-Ahq0 status_comments=ok duration=59.85s
2025-11-04 09:06:18,691 INFO START HWS9G2WT42Q (EVGA RTX 3090 Ti FTW3 Review & Benchmarks: Power, Thermals, & Overclocking)
2025-11-04 09:06:18,691 INFO yt-dlp attempt 1 for HWS9G2WT42Q (drop_extractor=False)
2025-11-04 09:06:51,413 INFO yt-dlp succeeded on attempt 1 for HWS9G2WT42Q
2025-11-04 09:06:51,455 INFO END HWS9G2WT42Q status_comments=ok duration=32.76s
2025-11-04 09:06:52,596 INFO START CE8ssnSqgZg (Milking Buyers' Wallets: Nvidia GeForce RTX 3090 Ti Review)
2025-11-04 09:06:52,596 INFO yt-dlp attempt 1 for CE8ssnSqgZg (drop_extractor=False)
2025-11-04 09:07:18,110 INFO yt-dlp succeeded on attempt 1 for CE8ssnSqgZg
2025-11-04 09:07:18,142 INFO END CE8ssnSqgZg status_comments=ok duration=25.55s
2025-11-04 09:07:19,387 INFO START SLm8qq9v8Q4 (FINALLY a CHEAP GPU for CREATORS, RIGHT?! | Zotac RTX 4060 vs RTX 3060 Review)
2025-11-04 09:07:19,387 INFO yt-dlp attempt 1 for SLm8qq9v8Q4 (drop_extractor=False)
2025-11-04 09:07:27,864 INFO yt-dlp succeeded on attempt 1 for SLm8qq9v8Q4
2025-11-04 09:07:27,874 INFO END SLm8qq9v8Q4 status_comments=ok duration=8.49s
2025-11-04 09:07:30,079 INFO START By7plJMS780 (The RTX 4060 Review is here!! - $299? (Should you buy?))
2025-11-04 09:07:30,079 INFO yt-dlp attempt 1 for By7plJMS780 (drop_extractor=False)
2025-11-04 09:07:42,795 INFO yt-dlp succeeded on attempt 1 for By7plJMS780
2025-11-04 09:07:42,804 INFO END By7plJMS780 status_comments=ok duration=12.73s
2025-11-04 09:07:43,999 INFO START 7ae7XrIbmao (Nvidia Clown Themselves… Again! GeForce RTX 4060 Review)
2025-11-04 09:07:43,999 INFO yt-dlp attempt 1 for 7ae7XrIbmao (drop_extractor=False)
2025-11-04 09:08:21,229 INFO yt-dlp succeeded on attempt 1 for 7ae7XrIbmao
2025-11-04 09:08:21,272 INFO END 7ae7XrIbmao status_comments=ok duration=37.27s
2025-11-04 09:08:23,629 INFO START WS0sfOb_sVM (NVIDIA GeForce RTX 4060 GPU Review & Benchmarks | Prices Keep Falling)
2025-11-04 09:08:23,629 INFO yt-dlp attempt 1 for WS0sfOb_sVM (drop_extractor=False)
2025-11-04 09:08:58,961 INFO yt-dlp succeeded on attempt 1 for WS0sfOb_sVM
2025-11-04 09:08:59,001 INFO END WS0sfOb_sVM status_comments=ok duration=35.37s
2025-11-04 09:09:01,811 INFO START O0srjKOOR4g (I’m actually getting MAD now. – RTX 4060 Review)
2025-11-04 09:09:01,812 INFO yt-dlp attempt 1 for O0srjKOOR4g (drop_extractor=False)
2025-11-04 09:10:57,385 INFO yt-dlp succeeded on attempt 1 for O0srjKOOR4g
2025-11-04 09:10:57,511 INFO END O0srjKOOR4g status_comments=ok duration=115.70s
2025-11-04 09:11:00,248 INFO START _B6vtMa-US4 (THANK YOU NVIDIA!! - RTX 4060 Ti Review)
2025-11-04 09:11:00,248 INFO yt-dlp attempt 1 for _B6vtMa-US4 (drop_extractor=False)
2025-11-04 09:12:12,028 INFO yt-dlp succeeded on attempt 1 for _B6vtMa-US4
2025-11-04 09:12:12,104 INFO END _B6vtMa-US4 status_comments=ok duration=71.86s
2025-11-04 09:12:13,515 INFO START WLk8xzePDg8 (Laughably Bad at $400: Nvidia GeForce RTX 4060 Ti Review)
2025-11-04 09:12:13,515 INFO yt-dlp attempt 1 for WLk8xzePDg8 (drop_extractor=False)
2025-11-04 09:13:11,553 INFO yt-dlp succeeded on attempt 1 for WLk8xzePDg8
2025-11-04 09:13:11,614 INFO END WLk8xzePDg8 status_comments=ok duration=58.10s
2025-11-04 09:13:14,465 INFO START Y2b0MWGwK_U (Do Not Buy: NVIDIA GeForce RTX 4060 Ti 8GB GPU Review & Benchmarks)
2025-11-04 09:13:14,465 INFO yt-dlp attempt 1 for Y2b0MWGwK_U (drop_extractor=False)
2025-11-04 09:15:03,150 INFO yt-dlp succeeded on attempt 1 for Y2b0MWGwK_U
2025-11-04 09:15:03,260 INFO END Y2b0MWGwK_U status_comments=ok duration=108.80s
2025-11-04 09:15:05,077 INFO START zIy1oYNv3mk (Is The RTX 4070 Worth It? 🤔 | Gigabyte Gaming OC Review & Gameplay Benchmarks)
2025-11-04 09:15:05,077 INFO yt-dlp attempt 1 for zIy1oYNv3mk (drop_extractor=False)
2025-11-04 09:15:17,551 INFO yt-dlp succeeded on attempt 1 for zIy1oYNv3mk
2025-11-04 09:15:17,563 INFO END zIy1oYNv3mk status_comments=ok duration=12.49s
2025-11-04 09:15:19,079 INFO START BQPiN_Cx0xU (RTX 4070 Review (Asus Dual) - Peak Mid at $599. Nuff said.)
2025-11-04 09:15:19,079 INFO yt-dlp attempt 1 for BQPiN_Cx0xU (drop_extractor=False)
2025-11-04 09:15:32,362 INFO yt-dlp succeeded on attempt 1 for BQPiN_Cx0xU
2025-11-04 09:15:32,373 INFO END BQPiN_Cx0xU status_comments=ok duration=13.29s
2025-11-04 09:15:34,361 INFO START GZIoWlGlH_M (So I tried the new RTX 4070..)
2025-11-04 09:15:34,361 INFO yt-dlp attempt 1 for GZIoWlGlH_M (drop_extractor=False)
2025-11-04 09:15:52,220 INFO yt-dlp succeeded on attempt 1 for GZIoWlGlH_M
2025-11-04 09:15:52,238 INFO END GZIoWlGlH_M status_comments=ok duration=17.88s
2025-11-04 09:15:54,566 INFO START uZHDq-LEGzw (NVIDIA RTX 4070 Founders Edition GPU Review & Benchmarks)
2025-11-04 09:15:54,566 INFO yt-dlp attempt 1 for uZHDq-LEGzw (drop_extractor=False)
2025-11-04 09:16:40,269 INFO yt-dlp succeeded on attempt 1 for uZHDq-LEGzw
2025-11-04 09:16:40,317 INFO END uZHDq-LEGzw status_comments=ok duration=45.75s
2025-11-04 09:16:42,201 INFO START nkh9VGCY8as (I’m Dreading this Review – RTX 4070)
2025-11-04 09:16:42,201 INFO yt-dlp attempt 1 for nkh9VGCY8as (drop_extractor=False)
2025-11-04 09:18:06,368 INFO yt-dlp succeeded on attempt 1 for nkh9VGCY8as
2025-11-04 09:18:06,462 INFO END nkh9VGCY8as status_comments=ok duration=84.26s
2025-11-04 09:18:08,703 INFO START 9GdmDvG_rQY (The RTX 4070 Super Review - Things are FINALLY looking Up!)
2025-11-04 09:18:08,703 INFO yt-dlp attempt 1 for 9GdmDvG_rQY (drop_extractor=False)
2025-11-04 09:18:17,340 INFO yt-dlp succeeded on attempt 1 for 9GdmDvG_rQY
2025-11-04 09:18:17,350 INFO END 9GdmDvG_rQY status_comments=ok duration=8.65s
2025-11-04 09:18:20,046 INFO START HT8UmPrQYvk (Nvidia GeForce RTX 4070 Super Review - Finally Good Value?)
2025-11-04 09:18:20,046 INFO yt-dlp attempt 1 for HT8UmPrQYvk (drop_extractor=False)
2025-11-04 09:18:55,176 INFO yt-dlp succeeded on attempt 1 for HT8UmPrQYvk
2025-11-04 09:18:55,212 INFO END HT8UmPrQYvk status_comments=ok duration=35.17s
2025-11-04 09:18:57,961 INFO START jKmmugnOEME (Nvidia is lying to you - RTX 4070 Ti Full Review)
2025-11-04 09:18:57,961 INFO yt-dlp attempt 1 for jKmmugnOEME (drop_extractor=False)
2025-11-04 09:20:49,009 INFO yt-dlp succeeded on attempt 1 for jKmmugnOEME
2025-11-04 09:20:49,133 INFO END jKmmugnOEME status_comments=ok duration=111.17s
2025-11-04 09:20:50,781 INFO START 1mE5aveN4Bo ($800 Meh, Nvidia GeForce RTX 4070 Ti Review & Benchmarks)
2025-11-04 09:20:50,781 INFO yt-dlp attempt 1 for 1mE5aveN4Bo (drop_extractor=False)
2025-11-04 09:21:32,500 INFO yt-dlp succeeded on attempt 1 for 1mE5aveN4Bo
2025-11-04 09:21:32,545 INFO END 1mE5aveN4Bo status_comments=ok duration=41.76s
2025-11-04 09:21:34,060 INFO START N-FMPbm5CNM (NVIDIA's Rip-Off - RTX 4070 Ti Review & Benchmarks)
2025-11-04 09:21:34,060 INFO yt-dlp attempt 1 for N-FMPbm5CNM (drop_extractor=False)
2025-11-04 09:23:19,470 INFO yt-dlp succeeded on attempt 1 for N-FMPbm5CNM
2025-11-04 09:23:19,582 INFO END N-FMPbm5CNM status_comments=ok duration=105.52s
2025-11-04 09:23:22,138 INFO START QruyaA0ZrLk (NVIDIA GeForce RTX 4070 Ti Super GPU Review & Benchmarks: Power Efficiency & Gaming)
2025-11-04 09:23:22,138 INFO yt-dlp attempt 1 for QruyaA0ZrLk (drop_extractor=False)
2025-11-04 09:23:58,990 INFO yt-dlp succeeded on attempt 1 for QruyaA0ZrLk
2025-11-04 09:23:59,027 INFO END QruyaA0ZrLk status_comments=ok duration=36.89s
2025-11-04 09:24:00,061 INFO START ePbKc6THvCM (Nvidia GeForce RTX 4070 Ti Super Review, Now With 16GB Of VRAM!)
2025-11-04 09:24:00,061 INFO yt-dlp attempt 1 for ePbKc6THvCM (drop_extractor=False)
2025-11-04 09:24:29,315 INFO yt-dlp succeeded on attempt 1 for ePbKc6THvCM
2025-11-04 09:24:29,349 INFO END ePbKc6THvCM status_comments=ok duration=29.29s
2025-11-04 09:24:31,514 INFO START T8lS4v3-Nyg (This is NOT OK, NVIDIA! RTX 4080 Review & Benchmarks)
2025-11-04 09:24:31,514 INFO yt-dlp attempt 1 for T8lS4v3-Nyg (drop_extractor=False)
2025-11-04 09:24:43,671 INFO yt-dlp succeeded on attempt 1 for T8lS4v3-Nyg
2025-11-04 09:24:43,693 INFO END T8lS4v3-Nyg status_comments=ok duration=12.18s
2025-11-04 09:24:45,517 INFO START dI7RbdwlhCU (NVIDIA RTX 4080 Review - Before You Buy..)
2025-11-04 09:24:45,517 INFO yt-dlp attempt 1 for dI7RbdwlhCU (drop_extractor=False)
2025-11-04 09:24:52,878 INFO yt-dlp succeeded on attempt 1 for dI7RbdwlhCU
2025-11-04 09:24:52,890 INFO END dI7RbdwlhCU status_comments=ok duration=7.37s
2025-11-04 09:24:54,430 INFO START l6vn6Cpd4Yc (RTX 4080 Is Here! Nvidia GeForce RTX 4080 Review & Benchmarks)
2025-11-04 09:24:54,431 INFO yt-dlp attempt 1 for l6vn6Cpd4Yc (drop_extractor=False)
2025-11-04 09:25:21,942 INFO yt-dlp succeeded on attempt 1 for l6vn6Cpd4Yc
2025-11-04 09:25:21,974 INFO END l6vn6Cpd4Yc status_comments=ok duration=27.54s
2025-11-04 09:25:24,014 INFO START 3bupXxjx0Js (Nvidia GeForce RTX 4080 Review: Great Performance, Poor Pricing)
2025-11-04 09:25:24,014 INFO yt-dlp attempt 1 for 3bupXxjx0Js (drop_extractor=False)
2025-11-04 09:25:44,709 INFO yt-dlp succeeded on attempt 1 for 3bupXxjx0Js
2025-11-04 09:25:44,733 INFO END 3bupXxjx0Js status_comments=ok duration=20.72s
2025-11-04 09:25:46,828 INFO START i2_xTUshy94 (NVIDIA’s Lost It: RTX 4080 16GB GPU Review & Benchmarks)
2025-11-04 09:25:46,828 INFO yt-dlp attempt 1 for i2_xTUshy94 (drop_extractor=False)
2025-11-04 09:26:59,815 INFO yt-dlp succeeded on attempt 1 for i2_xTUshy94
2025-11-04 09:26:59,901 INFO END i2_xTUshy94 status_comments=ok duration=73.07s
2025-11-04 09:27:02,653 INFO START fyUZ1cp4RnI ("New" But Not New - Nvidia GeForce RTX 4080 Super Review)
2025-11-04 09:27:02,653 INFO yt-dlp attempt 1 for fyUZ1cp4RnI (drop_extractor=False)
2025-11-04 09:27:28,479 INFO yt-dlp succeeded on attempt 1 for fyUZ1cp4RnI
2025-11-04 09:27:28,514 INFO END fyUZ1cp4RnI status_comments=ok duration=25.86s
2025-11-04 09:27:29,868 INFO START WCIEzrFwKzM (More Price Cut Than Upgrade: Nvidia GeForce RTX 4080 Super Review - Is The Price Finally Right?)
2025-11-04 09:27:29,868 INFO yt-dlp attempt 1 for WCIEzrFwKzM (drop_extractor=False)
2025-11-04 09:27:41,178 INFO yt-dlp succeeded on attempt 1 for WCIEzrFwKzM
2025-11-04 09:27:41,192 INFO END WCIEzrFwKzM status_comments=ok duration=11.32s
2025-11-04 09:27:43,086 INFO START 8p6FhTBol18 (Lame, But Cheaper: NVIDIA RTX 4080 Super Review, Benchmark Comparison, & Value Discussion)
2025-11-04 09:27:43,086 INFO yt-dlp attempt 1 for 8p6FhTBol18 (drop_extractor=False)
2025-11-04 09:28:22,152 INFO yt-dlp succeeded on attempt 1 for 8p6FhTBol18
2025-11-04 09:28:22,195 INFO END 8p6FhTBol18 status_comments=ok duration=39.11s
2025-11-04 09:28:24,530 INFO START kWGQ432O3Z4 (Beast Mode – NVIDIA RTX 4090 Review)
2025-11-04 09:28:24,530 INFO yt-dlp attempt 1 for kWGQ432O3Z4 (drop_extractor=False)
2025-11-04 09:28:38,849 INFO yt-dlp succeeded on attempt 1 for kWGQ432O3Z4
2025-11-04 09:28:38,864 INFO END kWGQ432O3Z4 status_comments=ok duration=14.33s
2025-11-04 09:28:41,730 INFO START j9vC9NBL8zo (NVIDIA GeForce RTX 4090 Founders Edition Review & Benchmarks: Gaming, Power, & Thermals)
2025-11-04 09:28:41,730 INFO yt-dlp attempt 1 for j9vC9NBL8zo (drop_extractor=False)
2025-11-04 09:29:42,596 INFO yt-dlp succeeded on attempt 1 for j9vC9NBL8zo
2025-11-04 09:29:42,656 INFO END j9vC9NBL8zo status_comments=ok duration=60.93s
2025-11-04 09:29:44,769 INFO START aQklDR8nv8U (GeForce RTX 4090 Review, Nvidia's Stupid Fast GPU!)
2025-11-04 09:29:44,769 INFO yt-dlp attempt 1 for aQklDR8nv8U (drop_extractor=False)
2025-11-04 09:30:34,834 INFO yt-dlp succeeded on attempt 1 for aQklDR8nv8U
2025-11-04 09:30:34,884 INFO END aQklDR8nv8U status_comments=ok duration=50.11s
2025-11-04 09:30:36,234 INFO START glz5B-4IlKE (Nvidia GeForce RTX 4090 Review: The Next Level In Graphics Performance)
2025-11-04 09:30:36,234 INFO yt-dlp attempt 1 for glz5B-4IlKE (drop_extractor=False)
2025-11-04 09:31:10,361 INFO yt-dlp succeeded on attempt 1 for glz5B-4IlKE
2025-11-04 09:31:10,392 INFO END glz5B-4IlKE status_comments=ok duration=34.16s
2025-11-04 09:31:11,852 INFO START THxkY59_xko (Is the fastest GPU ALWAYS the best? RTX 4090 Review)
2025-11-04 09:31:11,852 INFO yt-dlp attempt 1 for THxkY59_xko (drop_extractor=False)
2025-11-04 09:32:27,821 INFO yt-dlp succeeded on attempt 1 for THxkY59_xko
2025-11-04 09:32:27,908 INFO END THxkY59_xko status_comments=ok duration=76.06s
2025-11-04 09:32:29,231 INFO START p89yUxn1E6k (I Got Nvidia's Best New "Budget" GPU to See if it's Actually that Bad)
2025-11-04 09:32:29,231 INFO yt-dlp attempt 1 for p89yUxn1E6k (drop_extractor=False)
2025-11-04 09:32:44,168 INFO yt-dlp succeeded on attempt 1 for p89yUxn1E6k
2025-11-04 09:32:44,189 INFO END p89yUxn1E6k status_comments=ok duration=14.96s
2025-11-04 09:32:46,250 INFO START OibVY-q2SAw (Is NVIDIA Even Trying - GeForce RTX 5050 Gaming GPU Review)
2025-11-04 09:32:46,250 INFO yt-dlp attempt 1 for OibVY-q2SAw (drop_extractor=False)
2025-11-04 09:33:19,994 INFO yt-dlp succeeded on attempt 1 for OibVY-q2SAw
2025-11-04 09:33:20,034 INFO END OibVY-q2SAw status_comments=ok duration=33.78s
2025-11-04 09:33:22,966 INFO START caU0RG0mNHg (NVIDIA's Exploitation | Waste of Sand RTX "5050" for $250)
2025-11-04 09:33:22,966 INFO yt-dlp attempt 1 for caU0RG0mNHg (drop_extractor=False)
2025-11-04 09:34:26,017 INFO yt-dlp succeeded on attempt 1 for caU0RG0mNHg
2025-11-04 09:34:26,092 INFO END caU0RG0mNHg status_comments=ok duration=63.13s
2025-11-04 09:34:27,757 INFO START B93XAEHlGvI (Nvidia Did It Again…. RTX 5050 Review)
2025-11-04 09:34:27,757 INFO yt-dlp attempt 1 for B93XAEHlGvI (drop_extractor=False)
2025-11-04 09:35:04,767 INFO yt-dlp succeeded on attempt 1 for B93XAEHlGvI
2025-11-04 09:35:04,807 INFO END B93XAEHlGvI status_comments=ok duration=37.05s
2025-11-04 09:35:06,839 INFO START lf6dj9OYKE4 (RTX 5060 8GB - The Gameplay Review at 1080p!)
2025-11-04 09:35:06,839 INFO yt-dlp attempt 1 for lf6dj9OYKE4 (drop_extractor=False)
2025-11-04 09:35:26,408 INFO yt-dlp succeeded on attempt 1 for lf6dj9OYKE4
2025-11-04 09:35:26,428 INFO END lf6dj9OYKE4 status_comments=ok duration=19.59s
2025-11-04 09:35:27,696 INFO START fGn-_qj76sk (RTX 5060 Review... No wonder NVIDIA tried to stop us from talking about it!)
2025-11-04 09:35:27,696 INFO yt-dlp attempt 1 for fGn-_qj76sk (drop_extractor=False)
2025-11-04 09:36:07,775 INFO yt-dlp succeeded on attempt 1 for fGn-_qj76sk
2025-11-04 09:36:07,830 INFO END fGn-_qj76sk status_comments=ok duration=40.13s
2025-11-04 09:36:09,491 INFO START 2e1a2-VxxvQ (GeForce RTX 5060 Review - Nvidia Didn't Want You to See This)
2025-11-04 09:36:09,492 INFO yt-dlp attempt 1 for 2e1a2-VxxvQ (drop_extractor=False)
2025-11-04 09:37:01,388 INFO yt-dlp succeeded on attempt 1 for 2e1a2-VxxvQ
2025-11-04 09:37:01,452 INFO END 2e1a2-VxxvQ status_comments=ok duration=51.96s
2025-11-04 09:37:03,628 INFO START 9K6VIhA7atw (The RTX 5060 Is Better AND Worse Than You Think)
2025-11-04 09:37:03,628 INFO yt-dlp attempt 1 for 9K6VIhA7atw (drop_extractor=False)
2025-11-04 09:37:11,308 INFO yt-dlp succeeded on attempt 1 for 9K6VIhA7atw
2025-11-04 09:37:11,316 INFO END 9K6VIhA7atw status_comments=ok duration=7.69s
2025-11-04 09:37:13,324 INFO START Z0jjxWRcp_0 (Forbidden Review: NVIDIA RTX 5060 GPU Benchmarks)
2025-11-04 09:37:13,324 INFO yt-dlp attempt 1 for Z0jjxWRcp_0 (drop_extractor=False)
2025-11-04 09:37:53,409 INFO yt-dlp succeeded on attempt 1 for Z0jjxWRcp_0
2025-11-04 09:37:53,459 INFO END Z0jjxWRcp_0 status_comments=ok duration=40.13s
2025-11-04 09:37:55,461 INFO START B6qZwJsp5X4 (GeForce RTX 5060 Ti 16GB Review & Benchmarks - Not Great, Not Terrible)
2025-11-04 09:37:55,461 INFO yt-dlp attempt 1 for B6qZwJsp5X4 (drop_extractor=False)
2025-11-04 09:38:08,419 INFO yt-dlp succeeded on attempt 1 for B6qZwJsp5X4
2025-11-04 09:38:08,442 INFO END B6qZwJsp5X4 status_comments=ok duration=12.98s
2025-11-04 09:38:10,514 INFO START Cskegn1-D7s (More Marketing BS: NVIDIA GeForce RTX 5060 Ti Review & Benchmarks vs GTX 1060, 4060 Ti, & More)
2025-11-04 09:38:10,514 INFO yt-dlp attempt 1 for Cskegn1-D7s (drop_extractor=False)
2025-11-04 09:38:42,690 INFO yt-dlp succeeded on attempt 1 for Cskegn1-D7s
2025-11-04 09:38:42,727 INFO END Cskegn1-D7s status_comments=ok duration=32.21s
2025-11-04 09:38:44,894 INFO START vBVLnN5UGvk (I finally understand where we went wrong... 5060Ti Full Review!)
2025-11-04 09:38:44,894 INFO yt-dlp attempt 1 for vBVLnN5UGvk (drop_extractor=False)
2025-11-04 09:39:06,555 INFO yt-dlp succeeded on attempt 1 for vBVLnN5UGvk
2025-11-04 09:39:06,584 INFO END vBVLnN5UGvk status_comments=ok duration=21.69s
2025-11-04 09:39:07,727 INFO START IvzECuzFvp0 (If you came here for 50x better performance... - Nvidia RTX 5060Ti 16GB)
2025-11-04 09:39:07,727 INFO yt-dlp attempt 1 for IvzECuzFvp0 (drop_extractor=False)
2025-11-04 09:39:28,342 INFO yt-dlp succeeded on attempt 1 for IvzECuzFvp0
2025-11-04 09:39:28,368 INFO END IvzECuzFvp0 status_comments=ok duration=20.64s
2025-11-04 09:39:30,088 INFO START AdZoa6Gzl6s (RTX 5060 Ti 8GB - Instantly Obsolete, Nvidia Screws Gamers)
2025-11-04 09:39:30,088 INFO yt-dlp attempt 1 for AdZoa6Gzl6s (drop_extractor=False)
2025-11-04 09:40:36,567 INFO yt-dlp succeeded on attempt 1 for AdZoa6Gzl6s
2025-11-04 09:40:36,640 INFO END AdZoa6Gzl6s status_comments=ok duration=66.55s
2025-11-04 09:40:38,806 INFO START nldUI2yQomw (Nvidia RTX 5070 Review + Benchmarks: DLSS 4 Doesn't Deliver 4090 Performance)
2025-11-04 09:40:38,806 INFO yt-dlp attempt 1 for nldUI2yQomw (drop_extractor=False)
2025-11-04 09:40:54,116 INFO yt-dlp succeeded on attempt 1 for nldUI2yQomw
2025-11-04 09:40:54,136 INFO END nldUI2yQomw status_comments=ok duration=15.33s
2025-11-04 09:40:56,569 INFO START qPGDVh_cQb0 (Worst 70 Series Ever, GeForce RTX 5070 Review)
2025-11-04 09:40:56,569 INFO yt-dlp attempt 1 for qPGDVh_cQb0 (drop_extractor=False)
2025-11-04 09:41:42,274 INFO yt-dlp succeeded on attempt 1 for qPGDVh_cQb0
2025-11-04 09:41:42,327 INFO END qPGDVh_cQb0 status_comments=ok duration=45.76s
2025-11-04 09:41:44,401 INFO START rUaztYdgoj0 (This is a 4090 Killer… and I’m a Liar - RTX 5070 Review)
2025-11-04 09:41:44,401 INFO yt-dlp attempt 1 for rUaztYdgoj0 (drop_extractor=False)
2025-11-04 09:42:43,828 INFO yt-dlp succeeded on attempt 1 for rUaztYdgoj0
2025-11-04 09:42:43,901 INFO END rUaztYdgoj0 status_comments=ok duration=59.50s
2025-11-04 09:42:45,038 INFO START ntSylZ1Bp1Y (NVIDIA is Selling Lies | RTX 5070 Founders Edition Review & Benchmarks)
2025-11-04 09:42:45,038 INFO yt-dlp attempt 1 for ntSylZ1Bp1Y (drop_extractor=False)
2025-11-04 09:43:55,902 INFO yt-dlp succeeded on attempt 1 for ntSylZ1Bp1Y
2025-11-04 09:43:55,983 INFO END ntSylZ1Bp1Y status_comments=ok duration=70.94s
2025-11-04 09:43:57,302 INFO START UxvmfEZkvc8 (This isn't going to age well... RTX 5070 FE Review…)
2025-11-04 09:43:57,302 INFO yt-dlp attempt 1 for UxvmfEZkvc8 (drop_extractor=False)
2025-11-04 09:44:25,201 INFO yt-dlp succeeded on attempt 1 for UxvmfEZkvc8
2025-11-04 09:44:25,236 INFO END UxvmfEZkvc8 status_comments=ok duration=27.93s
2025-11-04 09:44:27,387 INFO START zhSA5LYA8XU (RTX 5070Ti - I don't trust what I am being told one bit!)
2025-11-04 09:44:27,388 INFO yt-dlp attempt 1 for zhSA5LYA8XU (drop_extractor=False)
2025-11-04 09:45:25,055 INFO yt-dlp succeeded on attempt 1 for zhSA5LYA8XU
2025-11-04 09:45:25,133 INFO END zhSA5LYA8XU status_comments=ok duration=57.75s
2025-11-04 09:45:26,873 INFO START wfy84tWnhS8 (RTX 5070 Ti - The GOOD and The BAD)
2025-11-04 09:45:26,873 INFO yt-dlp attempt 1 for wfy84tWnhS8 (drop_extractor=False)
2025-11-04 09:45:44,126 INFO yt-dlp succeeded on attempt 1 for wfy84tWnhS8
2025-11-04 09:45:44,147 INFO END wfy84tWnhS8 status_comments=ok duration=17.27s
2025-11-04 09:45:46,009 INFO START UMPK1SeMEZM (GeForce RTX 5070 Ti Review, If Only It Was Really $750…)
2025-11-04 09:45:46,009 INFO yt-dlp attempt 1 for UMPK1SeMEZM (drop_extractor=False)
2025-11-04 09:46:15,404 INFO yt-dlp succeeded on attempt 1 for UMPK1SeMEZM
2025-11-04 09:46:15,440 INFO END UMPK1SeMEZM status_comments=ok duration=29.43s
2025-11-04 09:46:17,834 INFO START PhtVic3Vm0Y (Do Not Buy: NVIDIA RTX 5070 Ti GPU Absurdity (Benchmarks & Review))
2025-11-04 09:46:17,834 INFO yt-dlp attempt 1 for PhtVic3Vm0Y (drop_extractor=False)
2025-11-04 09:47:55,839 INFO yt-dlp succeeded on attempt 1 for PhtVic3Vm0Y
2025-11-04 09:47:55,952 INFO END PhtVic3Vm0Y status_comments=ok duration=98.12s
2025-11-04 09:47:57,841 INFO START NnhU2ZvHb10 (Nvidia Didn’t Want to Make the RTX 5070 Ti - Full Review)
2025-11-04 09:47:57,841 INFO yt-dlp attempt 1 for NnhU2ZvHb10 (drop_extractor=False)
2025-11-04 09:48:43,295 INFO yt-dlp succeeded on attempt 1 for NnhU2ZvHb10
2025-11-04 09:48:43,352 INFO END NnhU2ZvHb10 status_comments=ok duration=45.51s
2025-11-04 09:48:46,152 INFO START 0L1Uyw22UAw (Why Does the RTX 5080 Suck?)
2025-11-04 09:48:46,152 INFO yt-dlp attempt 1 for 0L1Uyw22UAw (drop_extractor=False)
2025-11-04 09:49:18,948 INFO yt-dlp succeeded on attempt 1 for 0L1Uyw22UAw
2025-11-04 09:49:18,993 INFO END 0L1Uyw22UAw status_comments=ok duration=32.84s
2025-11-04 09:49:21,329 INFO START sEu6k-MdZgc (Nvidia GeForce RTX 5080 Review, 1440p & 4K Gaming Benchmarks)
2025-11-04 09:49:21,329 INFO yt-dlp attempt 1 for sEu6k-MdZgc (drop_extractor=False)
2025-11-04 09:50:12,532 INFO yt-dlp succeeded on attempt 1 for sEu6k-MdZgc
2025-11-04 09:50:12,590 INFO END sEu6k-MdZgc status_comments=ok duration=51.26s
2025-11-04 09:50:14,827 INFO START d7k4XWg-TcA (NVIDIA, this is a joke right? – RTX 5080.)
2025-11-04 09:50:14,827 INFO yt-dlp attempt 1 for d7k4XWg-TcA (drop_extractor=False)
2025-11-04 09:51:16,548 INFO yt-dlp succeeded on attempt 1 for d7k4XWg-TcA
2025-11-04 09:51:16,626 INFO END d7k4XWg-TcA status_comments=ok duration=61.80s
2025-11-04 09:51:18,865 INFO START nShh_j4s2YE (NVIDIA GeForce RTX 5080 Founders Edition Review & Benchmarks vs 5090, 7900 XTX, 4080, & More)
2025-11-04 09:51:18,865 INFO yt-dlp attempt 1 for nShh_j4s2YE (drop_extractor=False)
2025-11-04 09:52:13,527 INFO yt-dlp succeeded on attempt 1 for nShh_j4s2YE
2025-11-04 09:52:13,595 INFO END nShh_j4s2YE status_comments=ok duration=54.73s
2025-11-04 09:52:14,818 INFO START Fbg7ChsjmEA (I Can’t Put a Positive Spin on the RTX 5080 - Full Review)
2025-11-04 09:52:14,818 INFO yt-dlp attempt 1 for Fbg7ChsjmEA (drop_extractor=False)
2025-11-04 09:53:23,176 INFO yt-dlp succeeded on attempt 1 for Fbg7ChsjmEA
2025-11-04 09:53:23,258 INFO END Fbg7ChsjmEA status_comments=ok duration=68.44s
2025-11-04 09:53:24,634 INFO START nryZwnVYpns (NVIDIA is Taking a Risk with this Generation: The Blackwell GeForce RTX 5090 Review and Benchmarks)
2025-11-04 09:53:24,634 INFO yt-dlp attempt 1 for nryZwnVYpns (drop_extractor=False)
2025-11-04 09:53:44,098 INFO yt-dlp succeeded on attempt 1 for nryZwnVYpns
2025-11-04 09:53:44,119 INFO END nryZwnVYpns status_comments=ok duration=19.48s
2025-11-04 09:53:46,373 INFO START 5YJNFREQHiw (The RTX 5090 Experience.)
2025-11-04 09:53:46,373 INFO yt-dlp attempt 1 for 5YJNFREQHiw (drop_extractor=False)
2025-11-04 09:54:19,510 INFO yt-dlp succeeded on attempt 1 for 5YJNFREQHiw
2025-11-04 09:54:19,556 INFO END 5YJNFREQHiw status_comments=ok duration=33.18s
2025-11-04 09:54:21,790 INFO START ulUZ7bf_MXI (Full in-Depth RTX 5090 Review!)
2025-11-04 09:54:21,790 INFO yt-dlp attempt 1 for ulUZ7bf_MXI (drop_extractor=False)
2025-11-04 09:55:09,631 INFO yt-dlp succeeded on attempt 1 for ulUZ7bf_MXI
2025-11-04 09:55:09,686 INFO END ulUZ7bf_MXI status_comments=ok duration=47.90s
2025-11-04 09:55:11,914 INFO START eA5lFiP3mrs (Nvidia GeForce RTX 5090 Review, 1440p & 4K Gaming Benchmarks)
2025-11-04 09:55:11,914 INFO yt-dlp attempt 1 for eA5lFiP3mrs (drop_extractor=False)
2025-11-04 09:56:14,869 INFO yt-dlp succeeded on attempt 1 for eA5lFiP3mrs
2025-11-04 09:56:14,939 INFO END eA5lFiP3mrs status_comments=ok duration=63.02s
2025-11-04 09:56:16,103 INFO START VWSlOC_jiLQ (NVIDIA GeForce RTX 5090 Founders Edition Review & Benchmarks: Gaming, Thermals, & Power)
2025-11-04 09:56:16,103 INFO yt-dlp attempt 1 for VWSlOC_jiLQ (drop_extractor=False)
2025-11-04 09:57:15,319 INFO yt-dlp succeeded on attempt 1 for VWSlOC_jiLQ
2025-11-04 09:57:15,387 INFO END VWSlOC_jiLQ status_comments=ok duration=59.28s
2025-11-04 09:57:16,549 INFO START _HfizETJtsY (RX 460 Review: Polaris 11 Analysed In-Depth!)
2025-11-04 09:57:16,550 INFO yt-dlp attempt 1 for _HfizETJtsY (drop_extractor=False)
2025-11-04 09:57:23,691 INFO yt-dlp succeeded on attempt 1 for _HfizETJtsY
2025-11-04 09:57:23,699 INFO END _HfizETJtsY status_comments=ok duration=7.15s
2025-11-04 09:57:26,107 INFO START xeXGMkMCVzs (AMD RX 460 Review - Asus ROG Strix)
2025-11-04 09:57:26,107 INFO yt-dlp attempt 1 for xeXGMkMCVzs (drop_extractor=False)
2025-11-04 09:57:32,952 INFO yt-dlp succeeded on attempt 1 for xeXGMkMCVzs
2025-11-04 09:57:32,959 INFO END xeXGMkMCVzs status_comments=ok duration=6.85s
2025-11-04 09:57:34,799 INFO START b_ahq7GSfoY (RX 460)
2025-11-04 09:57:34,799 INFO yt-dlp attempt 1 for b_ahq7GSfoY (drop_extractor=False)
2025-11-04 09:57:49,644 INFO yt-dlp succeeded on attempt 1 for b_ahq7GSfoY
2025-11-04 09:57:49,659 INFO END b_ahq7GSfoY status_comments=ok duration=14.86s
2025-11-04 09:57:51,484 INFO START OnB4e4wk2CI (What the f*** is wrong with GPU pricing? - XFX RX 460 Review)
2025-11-04 09:57:51,484 INFO yt-dlp attempt 1 for OnB4e4wk2CI (drop_extractor=False)
2025-11-04 09:58:44,255 INFO yt-dlp succeeded on attempt 1 for OnB4e4wk2CI
2025-11-04 09:58:44,313 INFO END OnB4e4wk2CI status_comments=ok duration=52.83s
2025-11-04 09:58:46,367 INFO START 8I8MP8-Ipkg (Sapphire NITRO+ RX 470 Review - The 1080p Sweet Spot?)
2025-11-04 09:58:46,367 INFO yt-dlp attempt 1 for 8I8MP8-Ipkg (drop_extractor=False)
2025-11-04 09:59:28,529 INFO yt-dlp succeeded on attempt 1 for 8I8MP8-Ipkg
2025-11-04 09:59:28,564 INFO END 8I8MP8-Ipkg status_comments=ok duration=42.20s
2025-11-04 09:59:30,599 INFO START s7t6lN2-bK8 (AMD Radeon RX 470 Benchmarks Review - New Cost Per Frame King?)
2025-11-04 09:59:30,599 INFO yt-dlp attempt 1 for s7t6lN2-bK8 (drop_extractor=False)
2025-11-04 09:59:47,273 INFO yt-dlp succeeded on attempt 1 for s7t6lN2-bK8
2025-11-04 09:59:47,295 INFO END s7t6lN2-bK8 status_comments=ok duration=16.70s
2025-11-04 09:59:48,641 INFO START cWS02ajdR4Q (AMD Radeon RX 470 Review: It's Fast! But What About CrossFire?)
2025-11-04 09:59:48,641 INFO yt-dlp attempt 1 for cWS02ajdR4Q (drop_extractor=False)
2025-11-04 09:59:57,509 INFO yt-dlp succeeded on attempt 1 for cWS02ajdR4Q
2025-11-04 09:59:57,519 INFO END cWS02ajdR4Q status_comments=ok duration=8.88s
2025-11-04 09:59:59,408 INFO START PFSL3pzv82M (How Powerful is AMD's RX 470?)
2025-11-04 09:59:59,409 INFO yt-dlp attempt 1 for PFSL3pzv82M (drop_extractor=False)
2025-11-04 10:00:17,282 INFO yt-dlp succeeded on attempt 1 for PFSL3pzv82M
2025-11-04 10:00:17,298 INFO END PFSL3pzv82M status_comments=ok duration=17.89s
2025-11-04 10:00:19,031 INFO START lRDgiWBfs5I (Is the AMD RX 480 the new mid-range king??)
2025-11-04 10:00:19,031 INFO yt-dlp attempt 1 for lRDgiWBfs5I (drop_extractor=False)
2025-11-04 10:01:00,252 INFO yt-dlp succeeded on attempt 1 for lRDgiWBfs5I
2025-11-04 10:01:00,297 INFO END lRDgiWBfs5I status_comments=ok duration=41.27s
2025-11-04 10:01:02,999 INFO START -y6Ky_pCawQ (AMD RX 480 Review & Benchmarks)
2025-11-04 10:01:02,999 INFO yt-dlp attempt 1 for -y6Ky_pCawQ (drop_extractor=False)
2025-11-04 10:01:22,234 INFO yt-dlp succeeded on attempt 1 for -y6Ky_pCawQ
2025-11-04 10:01:22,257 INFO END -y6Ky_pCawQ status_comments=ok duration=19.26s
2025-11-04 10:01:23,839 INFO START YTku-GqDSWg (AMD Radeon RX 480 Review: The Best Value 1080p60 GPU?)
2025-11-04 10:01:23,839 INFO yt-dlp attempt 1 for YTku-GqDSWg (drop_extractor=False)
2025-11-04 10:01:36,838 INFO yt-dlp succeeded on attempt 1 for YTku-GqDSWg
2025-11-04 10:01:36,853 INFO END YTku-GqDSWg status_comments=ok duration=13.01s
2025-11-04 10:01:38,829 INFO START 2GdfDCq86Gk (RX 480 Review - The New Value King)
2025-11-04 10:01:38,829 INFO yt-dlp attempt 1 for 2GdfDCq86Gk (drop_extractor=False)
2025-11-04 10:02:46,458 INFO yt-dlp succeeded on attempt 1 for 2GdfDCq86Gk
2025-11-04 10:02:46,551 INFO END 2GdfDCq86Gk status_comments=ok duration=67.72s
2025-11-04 10:02:49,311 INFO START Nz5Mgim0Z80 (Dodgy Alert! AMD launches slower RX 560 with SAME NAME!)
2025-11-04 10:02:49,311 INFO yt-dlp attempt 1 for Nz5Mgim0Z80 (drop_extractor=False)
2025-11-04 10:03:03,857 INFO yt-dlp succeeded on attempt 1 for Nz5Mgim0Z80
2025-11-04 10:03:03,872 INFO END Nz5Mgim0Z80 status_comments=ok duration=14.56s
2025-11-04 10:03:06,351 INFO START 237L9UGQtGk (RX 560 - Which Card Should You Buy? - 8 Card Review - 2GB vs 4GB)
2025-11-04 10:03:06,351 INFO yt-dlp attempt 1 for 237L9UGQtGk (drop_extractor=False)
2025-11-04 10:03:20,233 INFO yt-dlp succeeded on attempt 1 for 237L9UGQtGk
2025-11-04 10:03:20,248 INFO END 237L9UGQtGk status_comments=ok duration=13.90s
2025-11-04 10:03:22,259 INFO START SKGDl_T0nJ4 (Should You Buy the RX 560?)
2025-11-04 10:03:22,259 INFO yt-dlp attempt 1 for SKGDl_T0nJ4 (drop_extractor=False)
2025-11-04 10:03:50,593 INFO yt-dlp succeeded on attempt 1 for SKGDl_T0nJ4
2025-11-04 10:03:50,618 INFO END SKGDl_T0nJ4 status_comments=ok duration=28.36s
2025-11-04 10:03:52,352 INFO START _fYtV67NPo8 (AMD Radeon RX 560 in 5 of the NEWEST games 2018 Review!)
2025-11-04 10:03:52,352 INFO yt-dlp attempt 1 for _fYtV67NPo8 (drop_extractor=False)
2025-11-04 10:04:02,534 INFO yt-dlp succeeded on attempt 1 for _fYtV67NPo8
2025-11-04 10:04:02,543 INFO END _fYtV67NPo8 status_comments=ok duration=10.19s
2025-11-04 10:04:04,232 INFO START xH37gHQEyVY (AMD’s RX570 4GB – Worth Buying in 2018?)
2025-11-04 10:04:04,232 INFO yt-dlp attempt 1 for xH37gHQEyVY (drop_extractor=False)
2025-11-04 10:04:14,205 INFO yt-dlp succeeded on attempt 1 for xH37gHQEyVY
2025-11-04 10:04:14,217 INFO END xH37gHQEyVY status_comments=ok duration=9.98s
2025-11-04 10:04:15,815 INFO START uHM4c22JJeI (The 1080p 60FPS PC Gaming Value KING - MSI Armor AMD Radeon RX 570 8GB Review)
2025-11-04 10:04:15,815 INFO yt-dlp attempt 1 for uHM4c22JJeI (drop_extractor=False)
2025-11-04 10:04:27,132 INFO yt-dlp succeeded on attempt 1 for uHM4c22JJeI
2025-11-04 10:04:27,141 INFO END uHM4c22JJeI status_comments=ok duration=11.33s
2025-11-04 10:04:29,380 INFO START VBHS6sLnwhg (AMD RX 570 Review - Sapphire Nitro+ Edition)
2025-11-04 10:04:29,380 INFO yt-dlp attempt 1 for VBHS6sLnwhg (drop_extractor=False)
2025-11-04 10:04:32,662 INFO yt-dlp succeeded on attempt 1 for VBHS6sLnwhg
2025-11-04 10:04:32,668 INFO END VBHS6sLnwhg status_comments=ok duration=3.29s
2025-11-04 10:04:35,286 INFO START Z-SmvMykfR4 (Radeon RX 570 Review: The Best Cheap GPU For 1080p60 Gaming?)
2025-11-04 10:04:35,286 INFO yt-dlp attempt 1 for Z-SmvMykfR4 (drop_extractor=False)
2025-11-04 10:04:52,871 INFO yt-dlp succeeded on attempt 1 for Z-SmvMykfR4
2025-11-04 10:04:52,889 INFO END Z-SmvMykfR4 status_comments=ok duration=17.60s
2025-11-04 10:04:55,604 INFO START vYQiVsvmvwc (Radeon RX 580, Worth Buying in 2018? Asrock's New Phantom Gaming RX 580)
2025-11-04 10:04:55,604 INFO yt-dlp attempt 1 for vYQiVsvmvwc (drop_extractor=False)
2025-11-04 10:05:07,834 INFO yt-dlp succeeded on attempt 1 for vYQiVsvmvwc
2025-11-04 10:05:07,845 INFO END vYQiVsvmvwc status_comments=ok duration=12.24s
2025-11-04 10:05:09,492 INFO START H6st6QZTDxE (Can the RX 580 Dethrone The GTX 1060? Yep, We're Doing It Again!)
2025-11-04 10:05:09,492 INFO yt-dlp attempt 1 for H6st6QZTDxE (drop_extractor=False)
2025-11-04 10:05:43,014 INFO yt-dlp succeeded on attempt 1 for H6st6QZTDxE
2025-11-04 10:05:43,042 INFO END H6st6QZTDxE status_comments=ok duration=33.55s
2025-11-04 10:05:44,861 INFO START BWqF5fDAZqA (RX 580 & 570 Review - AMD Strikes Back... at AMD???)
2025-11-04 10:05:44,861 INFO yt-dlp attempt 1 for BWqF5fDAZqA (drop_extractor=False)
2025-11-04 10:06:49,736 INFO yt-dlp succeeded on attempt 1 for BWqF5fDAZqA
2025-11-04 10:06:49,795 INFO END BWqF5fDAZqA status_comments=ok duration=64.93s
2025-11-04 10:06:51,359 INFO START hTnFKwK_DaQ (AMD Radeon RX 580 Review: How Much Faster Is 2nd Gen Polaris?)
2025-11-04 10:06:51,360 INFO yt-dlp attempt 1 for hTnFKwK_DaQ (drop_extractor=False)
2025-11-04 10:07:06,298 INFO yt-dlp succeeded on attempt 1 for hTnFKwK_DaQ
2025-11-04 10:07:06,312 INFO END hTnFKwK_DaQ status_comments=ok duration=14.95s
2025-11-04 10:07:08,950 INFO START JmfNtunmBsQ (AMD Sapphire Nitro+ RX590 Review - It's a CRACKING card!)
2025-11-04 10:07:08,950 INFO yt-dlp attempt 1 for JmfNtunmBsQ (drop_extractor=False)
2025-11-04 10:07:20,470 INFO yt-dlp succeeded on attempt 1 for JmfNtunmBsQ
2025-11-04 10:07:20,484 INFO END JmfNtunmBsQ status_comments=ok duration=11.53s
2025-11-04 10:07:22,287 INFO START BBN2KDiw-V8 (XFX RX 590 Fatboy Review: Competitive Silicon, Weak Cooler)
2025-11-04 10:07:22,287 INFO yt-dlp attempt 1 for BBN2KDiw-V8 (drop_extractor=False)
2025-11-04 10:07:34,977 INFO yt-dlp succeeded on attempt 1 for BBN2KDiw-V8
2025-11-04 10:07:34,991 INFO END BBN2KDiw-V8 status_comments=ok duration=12.70s
2025-11-04 10:07:36,325 INFO START xEileqxmags (I'm not reviewing this. - Radeon RX 590)
2025-11-04 10:07:36,325 INFO yt-dlp attempt 1 for xEileqxmags (drop_extractor=False)
2025-11-04 10:08:49,154 INFO yt-dlp succeeded on attempt 1 for xEileqxmags
2025-11-04 10:08:49,228 INFO END xEileqxmags status_comments=ok duration=72.90s
2025-11-04 10:08:51,734 INFO START utEpgpYywY0 (Radeon RX 590 Review - AMD Strikes BACK... Sort Of)
2025-11-04 10:08:51,734 INFO yt-dlp attempt 1 for utEpgpYywY0 (drop_extractor=False)
2025-11-04 10:09:08,217 INFO yt-dlp succeeded on attempt 1 for utEpgpYywY0
2025-11-04 10:09:08,234 INFO END utEpgpYywY0 status_comments=ok duration=16.50s
2025-11-04 10:09:11,192 INFO START 7pSPa0Q-ec8 (AMD RX 5500 XT Review - Budget 1080p Gaming Powerhouse?)
2025-11-04 10:09:11,192 INFO yt-dlp attempt 1 for 7pSPa0Q-ec8 (drop_extractor=False)
2025-11-04 10:09:20,598 INFO yt-dlp succeeded on attempt 1 for 7pSPa0Q-ec8
2025-11-04 10:09:20,610 INFO END 7pSPa0Q-ec8 status_comments=ok duration=9.42s
2025-11-04 10:09:23,202 INFO START TXSeVBCR6yg (Is the RX 5500 XT Worth it One Month Later...? (Sapphire Pulse 4GB and ASUS R.O.G 8GB Review))
2025-11-04 10:09:23,202 INFO yt-dlp attempt 1 for TXSeVBCR6yg (drop_extractor=False)
2025-11-04 10:09:30,950 INFO yt-dlp succeeded on attempt 1 for TXSeVBCR6yg
2025-11-04 10:09:30,959 INFO END TXSeVBCR6yg status_comments=ok duration=7.76s
2025-11-04 10:09:32,934 INFO START 04SwpnoCbnI (AMD Radeon RX 5500 XT 8GB Review, More Like 'RX 5500 Super')
2025-11-04 10:09:32,934 INFO yt-dlp attempt 1 for 04SwpnoCbnI (drop_extractor=False)
2025-11-04 10:10:05,521 INFO yt-dlp succeeded on attempt 1 for 04SwpnoCbnI
2025-11-04 10:10:05,556 INFO END 04SwpnoCbnI status_comments=ok duration=32.62s
2025-11-04 10:10:07,203 INFO START KH8jBffBOuE (AMD RX 5500 XT GPU Review: 4GB vs. 8GB Benchmarks, Thermals, & Noise)
2025-11-04 10:10:07,203 INFO yt-dlp attempt 1 for KH8jBffBOuE (drop_extractor=False)
2025-11-04 10:10:28,012 INFO yt-dlp succeeded on attempt 1 for KH8jBffBOuE
2025-11-04 10:10:28,035 INFO END KH8jBffBOuE status_comments=ok duration=20.83s
2025-11-04 10:10:30,716 INFO START r2d24PnqiOE (Is the RADEON 5500XT worth the price?)
2025-11-04 10:10:30,716 INFO yt-dlp attempt 1 for r2d24PnqiOE (drop_extractor=False)
2025-11-04 10:11:07,668 INFO yt-dlp succeeded on attempt 1 for r2d24PnqiOE
2025-11-04 10:11:07,705 INFO END r2d24PnqiOE status_comments=ok duration=36.99s
2025-11-04 10:11:09,094 INFO START e0RKu_gyKOA (Sapphire Pulse RX 5500 XT Review)
2025-11-04 10:11:09,094 INFO yt-dlp attempt 1 for e0RKu_gyKOA (drop_extractor=False)
2025-11-04 10:11:13,455 INFO yt-dlp succeeded on attempt 1 for e0RKu_gyKOA
2025-11-04 10:11:13,462 INFO END e0RKu_gyKOA status_comments=ok duration=4.37s
2025-11-04 10:11:15,515 INFO START uiKImSacj0o (The New Polaris | RX 5600 XT)
2025-11-04 10:11:15,515 INFO yt-dlp attempt 1 for uiKImSacj0o (drop_extractor=False)
2025-11-04 10:11:23,949 INFO yt-dlp succeeded on attempt 1 for uiKImSacj0o
2025-11-04 10:11:23,960 INFO END uiKImSacj0o status_comments=ok duration=8.45s
2025-11-04 10:11:26,442 INFO START -Lcyyl2kQL8 (AMD RX 5600 XT Review – Gaming & Overclocking)
2025-11-04 10:11:26,442 INFO yt-dlp attempt 1 for -Lcyyl2kQL8 (drop_extractor=False)
2025-11-04 10:11:31,980 INFO yt-dlp succeeded on attempt 1 for -Lcyyl2kQL8
2025-11-04 10:11:31,989 INFO END -Lcyyl2kQL8 status_comments=ok duration=5.55s
2025-11-04 10:11:34,250 INFO START rKn-vWDMkwQ (It’s time to upgrade your GPU - RX 5600 XT)
2025-11-04 10:11:34,250 INFO yt-dlp attempt 1 for rKn-vWDMkwQ (drop_extractor=False)
2025-11-04 10:12:49,524 INFO yt-dlp succeeded on attempt 1 for rKn-vWDMkwQ
2025-11-04 10:12:49,598 INFO END rKn-vWDMkwQ status_comments=ok duration=75.35s
2025-11-04 10:12:51,157 INFO START qcAwR49zRCg (AMD Radeon RX 5600 XT Review, Navi at $280, RTX 2060 down to $300)
2025-11-04 10:12:51,157 INFO yt-dlp attempt 1 for qcAwR49zRCg (drop_extractor=False)
2025-11-04 10:13:19,579 INFO yt-dlp succeeded on attempt 1 for qcAwR49zRCg
2025-11-04 10:13:19,603 INFO END qcAwR49zRCg status_comments=ok duration=28.45s
2025-11-04 10:13:22,243 INFO START P5MiBoPpCW4 (AMD Tricked Everyone! Radeon RX 5600 XT Review and Benchmarks)
2025-11-04 10:13:22,243 INFO yt-dlp attempt 1 for P5MiBoPpCW4 (drop_extractor=False)
2025-11-04 10:13:41,423 INFO yt-dlp succeeded on attempt 1 for P5MiBoPpCW4
2025-11-04 10:13:41,441 INFO END P5MiBoPpCW4 status_comments=ok duration=19.20s
2025-11-04 10:13:44,180 INFO START PCi9c8KqpNk (The Best Value Radeon RX 5600 XT, The Entry-Level Roundup)
2025-11-04 10:13:44,180 INFO yt-dlp attempt 1 for PCi9c8KqpNk (drop_extractor=False)
2025-11-04 10:13:59,529 INFO yt-dlp succeeded on attempt 1 for PCi9c8KqpNk
2025-11-04 10:13:59,545 INFO END PCi9c8KqpNk status_comments=ok duration=15.36s
2025-11-04 10:14:02,414 INFO START kh1DeO4yz2s (Sapphire RX 5700 XT Nitro+ Review: In-Depth Thermals, Noise, Overclocking, & Power)
2025-11-04 10:14:02,414 INFO yt-dlp attempt 1 for kh1DeO4yz2s (drop_extractor=False)
2025-11-04 10:14:23,621 INFO yt-dlp succeeded on attempt 1 for kh1DeO4yz2s
2025-11-04 10:14:23,638 INFO END kh1DeO4yz2s status_comments=ok duration=21.22s
2025-11-04 10:14:25,545 INFO START U1y-J0p-uJc (AMD RX 5700 XT & RX 5700 Review - Benchmarks Are Finally Here!)
2025-11-04 10:14:25,545 INFO yt-dlp attempt 1 for U1y-J0p-uJc (drop_extractor=False)
2025-11-04 10:14:53,459 INFO yt-dlp succeeded on attempt 1 for U1y-J0p-uJc
2025-11-04 10:14:53,487 INFO END U1y-J0p-uJc status_comments=ok duration=27.94s
2025-11-04 10:14:56,077 INFO START Fd7bTccL9fo (Asus ROG Strix RX 5700 XT Review, Is The Most Expensive 5700 XT The Best?)
2025-11-04 10:14:56,077 INFO yt-dlp attempt 1 for Fd7bTccL9fo (drop_extractor=False)
2025-11-04 10:15:15,287 INFO yt-dlp succeeded on attempt 1 for Fd7bTccL9fo
2025-11-04 10:15:15,301 INFO END Fd7bTccL9fo status_comments=ok duration=19.22s
2025-11-04 10:15:17,837 INFO START -SAWtKEIYbw (AMD Radeon RX 5700 XT Review: Thermals, Noise, Gaming, & Broken Drivers)
2025-11-04 10:15:17,837 INFO yt-dlp attempt 1 for -SAWtKEIYbw (drop_extractor=False)
2025-11-04 10:16:01,966 INFO yt-dlp succeeded on attempt 1 for -SAWtKEIYbw
2025-11-04 10:16:02,000 INFO END -SAWtKEIYbw status_comments=ok duration=44.16s
2025-11-04 10:16:04,118 INFO START 3bmQPx9EJLA (Why NOT to buy Radeon 5700 XT… Yet – Our Review)
2025-11-04 10:16:04,118 INFO yt-dlp attempt 1 for 3bmQPx9EJLA (drop_extractor=False)
2025-11-04 10:17:28,724 INFO yt-dlp succeeded on attempt 1 for 3bmQPx9EJLA
2025-11-04 10:17:28,798 INFO END 3bmQPx9EJLA status_comments=ok duration=84.68s
2025-11-04 10:17:31,316 INFO START rz47WqRDDK4 (AMD Radeon RX 5700 XT & RX 5700 Review, New Value Champions!)
2025-11-04 10:17:31,316 INFO yt-dlp attempt 1 for rz47WqRDDK4 (drop_extractor=False)
2025-11-04 10:18:10,673 INFO yt-dlp succeeded on attempt 1 for rz47WqRDDK4
2025-11-04 10:18:10,709 INFO END rz47WqRDDK4 status_comments=ok duration=39.39s
2025-11-04 10:18:13,136 INFO START GL5zY1DIrok (This RX 6500 XT Comparison Was A Terrible Idea…)
2025-11-04 10:18:13,136 INFO yt-dlp attempt 1 for GL5zY1DIrok (drop_extractor=False)
2025-11-04 10:18:28,368 INFO yt-dlp succeeded on attempt 1 for GL5zY1DIrok
2025-11-04 10:18:28,383 INFO END GL5zY1DIrok status_comments=ok duration=15.25s
2025-11-04 10:18:31,008 INFO START M5_oM3Ow_CI (Worst GPU: Radeon RX 6500 XT Review, Corner Cutting Edition)
2025-11-04 10:18:31,008 INFO yt-dlp attempt 1 for M5_oM3Ow_CI (drop_extractor=False)
2025-11-04 10:19:18,034 INFO yt-dlp succeeded on attempt 1 for M5_oM3Ow_CI
2025-11-04 10:19:18,088 INFO END M5_oM3Ow_CI status_comments=ok duration=47.08s
2025-11-04 10:19:19,824 INFO START ArW4-mkGHSw (WTF AMD!? RX 6500 XT Review)
2025-11-04 10:19:19,824 INFO yt-dlp attempt 1 for ArW4-mkGHSw (drop_extractor=False)
2025-11-04 10:19:32,795 INFO yt-dlp succeeded on attempt 1 for ArW4-mkGHSw
2025-11-04 10:19:32,810 INFO END ArW4-mkGHSw status_comments=ok duration=12.99s
2025-11-04 10:19:34,562 INFO START KYp6pEDm4E8 (A GPU you might be able to buy… But shouldn’t. - AMD Radeon RX 6500 XT)
2025-11-04 10:19:34,562 INFO yt-dlp attempt 1 for KYp6pEDm4E8 (drop_extractor=False)
2025-11-04 10:20:29,736 INFO yt-dlp succeeded on attempt 1 for KYp6pEDm4E8
2025-11-04 10:20:29,793 INFO END KYp6pEDm4E8 status_comments=ok duration=55.23s
2025-11-04 10:20:30,934 INFO START ICnz6E7vux0 (Why Everyone is WRONG About the RX 6500XT)
2025-11-04 10:20:30,934 INFO yt-dlp attempt 1 for ICnz6E7vux0 (drop_extractor=False)
2025-11-04 10:21:04,516 INFO yt-dlp succeeded on attempt 1 for ICnz6E7vux0
2025-11-04 10:21:04,547 INFO END ICnz6E7vux0 status_comments=ok duration=33.61s
2025-11-04 10:21:05,826 INFO START VFHOZN5AV6E (Mid-Range is Dead: AMD RX 6600 XT Review & Benchmarks (PowerColor Fighter))
2025-11-04 10:21:05,826 INFO yt-dlp attempt 1 for VFHOZN5AV6E (drop_extractor=False)
2025-11-04 10:21:54,680 INFO yt-dlp succeeded on attempt 1 for VFHOZN5AV6E
2025-11-04 10:21:54,730 INFO END VFHOZN5AV6E status_comments=ok duration=48.90s
2025-11-04 10:21:56,618 INFO START 8cTquLSUP18 (Is the 6600XT REALLY as bad as reviewers say??)
2025-11-04 10:21:56,618 INFO yt-dlp attempt 1 for 8cTquLSUP18 (drop_extractor=False)
2025-11-04 10:23:08,040 INFO yt-dlp succeeded on attempt 1 for 8cTquLSUP18
2025-11-04 10:23:08,112 INFO END 8cTquLSUP18 status_comments=ok duration=71.49s
2025-11-04 10:23:10,745 INFO START 5r67vt8-_Xg (AMD Radeon RX 6600 XT Review - The Little GPU that Couldn't)
2025-11-04 10:23:10,745 INFO yt-dlp attempt 1 for 5r67vt8-_Xg (drop_extractor=False)
2025-11-04 10:23:27,308 INFO yt-dlp succeeded on attempt 1 for 5r67vt8-_Xg
2025-11-04 10:23:27,325 INFO END 5r67vt8-_Xg status_comments=ok duration=16.58s
2025-11-04 10:23:29,420 INFO START _tDYu5sBtFs (AMD Radeon RX 6600 XT Review: Worse Than Expected, But Can It Be Saved?)
2025-11-04 10:23:29,420 INFO yt-dlp attempt 1 for _tDYu5sBtFs (drop_extractor=False)
2025-11-04 10:24:06,971 INFO yt-dlp succeeded on attempt 1 for _tDYu5sBtFs
2025-11-04 10:24:07,013 INFO END _tDYu5sBtFs status_comments=ok duration=37.59s
2025-11-04 10:24:09,379 INFO START v0HcvMoMjy8 (AMD wants HOW MUCH for 1080p Gaming?? - Radeon RX 6600 XT Review)
2025-11-04 10:24:09,379 INFO yt-dlp attempt 1 for v0HcvMoMjy8 (drop_extractor=False)
2025-11-04 10:24:58,488 INFO yt-dlp succeeded on attempt 1 for v0HcvMoMjy8
2025-11-04 10:24:58,539 INFO END v0HcvMoMjy8 status_comments=ok duration=49.16s
2025-11-04 10:25:00,226 INFO START zjohRuvXtLw (AMD Are In BIG Trouble 🤦‍♂️ RX 6700 XT Review - Powercolor Hellhound Gameplay Benchmarks Ray Tracing)
2025-11-04 10:25:00,226 INFO yt-dlp attempt 1 for zjohRuvXtLw (drop_extractor=False)
2025-11-04 10:25:12,512 INFO yt-dlp succeeded on attempt 1 for zjohRuvXtLw
2025-11-04 10:25:12,525 INFO END zjohRuvXtLw status_comments=ok duration=12.30s
2025-11-04 10:25:14,241 INFO START PJboWJJFk9I (AMD Radeon RX 6700 XT Review, A Worthy 5700 XT Successor?)
2025-11-04 10:25:14,241 INFO yt-dlp attempt 1 for PJboWJJFk9I (drop_extractor=False)
2025-11-04 10:25:42,086 INFO yt-dlp succeeded on attempt 1 for PJboWJJFk9I
2025-11-04 10:25:42,115 INFO END PJboWJJFk9I status_comments=ok duration=27.87s
2025-11-04 10:25:43,327 INFO START xs4wSysBDxM (Okay, Last Chance - AMD RX 6700 XT Review)
2025-11-04 10:25:43,327 INFO yt-dlp attempt 1 for xs4wSysBDxM (drop_extractor=False)
2025-11-04 10:25:52,126 INFO yt-dlp succeeded on attempt 1 for xs4wSysBDxM
2025-11-04 10:25:52,136 INFO END xs4wSysBDxM status_comments=ok duration=8.81s
2025-11-04 10:25:53,625 INFO START oj8SuJ2Mb6A (AMD Radeon RX 6700 XT GPU Review: Literally Anything Will Sell)
2025-11-04 10:25:53,625 INFO yt-dlp attempt 1 for oj8SuJ2Mb6A (drop_extractor=False)
2025-11-04 10:26:35,583 INFO yt-dlp succeeded on attempt 1 for oj8SuJ2Mb6A
2025-11-04 10:26:35,621 INFO END oj8SuJ2Mb6A status_comments=ok duration=42.00s
2025-11-04 10:26:37,560 INFO START 5wO2vUZv4zw (AMD has got to be kidding - Radeon 6700 XT Review)
2025-11-04 10:26:37,560 INFO yt-dlp attempt 1 for 5wO2vUZv4zw (drop_extractor=False)
2025-11-04 10:27:56,535 INFO yt-dlp succeeded on attempt 1 for 5wO2vUZv4zw
2025-11-04 10:27:56,613 INFO END 5wO2vUZv4zw status_comments=ok duration=79.05s
2025-11-04 10:27:58,676 INFO START LzjRPbSIW4I (Sapphire Radeon RX 6800 XT Nitro+ Review, Power, Thermals, Overclocking & Gaming)
2025-11-04 10:27:58,676 INFO yt-dlp attempt 1 for LzjRPbSIW4I (drop_extractor=False)
2025-11-04 10:28:23,800 INFO yt-dlp succeeded on attempt 1 for LzjRPbSIW4I
2025-11-04 10:28:23,825 INFO END LzjRPbSIW4I status_comments=ok duration=25.15s
2025-11-04 10:28:24,872 INFO START 5bKaJDbKVt0 (AMD RX 6800 XT Review - The RTX 3080 Killer?)
2025-11-04 10:28:24,872 INFO yt-dlp attempt 1 for 5bKaJDbKVt0 (drop_extractor=False)
2025-11-04 10:28:41,184 INFO yt-dlp succeeded on attempt 1 for 5bKaJDbKVt0
2025-11-04 10:28:41,205 INFO END 5bKaJDbKVt0 status_comments=ok duration=16.33s
2025-11-04 10:28:43,321 INFO START jLVGL7aAYgY (AMD Radeon RX 6800 XT GPU Review: Gaming, Thermals, Noise, & Smart Access Memory Benchmarks)
2025-11-04 10:28:43,321 INFO yt-dlp attempt 1 for jLVGL7aAYgY (drop_extractor=False)
2025-11-04 10:29:42,862 INFO yt-dlp succeeded on attempt 1 for jLVGL7aAYgY
2025-11-04 10:29:42,916 INFO END jLVGL7aAYgY status_comments=ok duration=59.60s
2025-11-04 10:29:45,655 INFO START ZtxrrrkkTjc (AMD Radeon RX 6800 XT Benchmark Review, Smart Access Memory, Thermals & Gaming)
2025-11-04 10:29:45,655 INFO yt-dlp attempt 1 for ZtxrrrkkTjc (drop_extractor=False)
2025-11-04 10:30:41,200 INFO yt-dlp succeeded on attempt 1 for ZtxrrrkkTjc
2025-11-04 10:30:41,249 INFO END ZtxrrrkkTjc status_comments=ok duration=55.59s
2025-11-04 10:30:43,501 INFO START oUzCn-ITJ_o (AMD did NOT disappoint me - RX 6800 Series Review)
2025-11-04 10:30:43,501 INFO yt-dlp attempt 1 for oUzCn-ITJ_o (drop_extractor=False)
2025-11-04 10:33:07,252 INFO yt-dlp succeeded on attempt 1 for oUzCn-ITJ_o
2025-11-04 10:33:07,394 INFO END oUzCn-ITJ_o status_comments=ok duration=143.89s
2025-11-04 10:33:09,214 INFO START -PtTUnj4od4 (AMD 6900XT... Something isn’t right…)
2025-11-04 10:33:09,214 INFO yt-dlp attempt 1 for -PtTUnj4od4 (drop_extractor=False)
2025-11-04 10:34:36,160 INFO yt-dlp succeeded on attempt 1 for -PtTUnj4od4
2025-11-04 10:34:36,238 INFO END -PtTUnj4od4 status_comments=ok duration=87.02s
2025-11-04 10:34:38,465 INFO START nxQ0-QtAtxA (Radeon RX 6900 XT Review, AMD's Fight For the Top)
2025-11-04 10:34:38,465 INFO yt-dlp attempt 1 for nxQ0-QtAtxA (drop_extractor=False)
2025-11-04 10:35:10,999 INFO yt-dlp succeeded on attempt 1 for nxQ0-QtAtxA
2025-11-04 10:35:11,034 INFO END nxQ0-QtAtxA status_comments=ok duration=32.57s
2025-11-04 10:35:12,626 INFO START 0LuIGI_9guQ (AMD RX 6900 XT Review - I Can't Recommend This.)
2025-11-04 10:35:12,626 INFO yt-dlp attempt 1 for 0LuIGI_9guQ (drop_extractor=False)
2025-11-04 10:35:30,037 INFO yt-dlp succeeded on attempt 1 for 0LuIGI_9guQ
2025-11-04 10:35:30,057 INFO END 0LuIGI_9guQ status_comments=ok duration=17.43s
2025-11-04 10:35:32,032 INFO START 1ITdex_JrBM (AMD Radeon RX 6900 XT GPU Review & Benchmarks: Undervolting, Gaming, Power, Noise)
2025-11-04 10:35:32,032 INFO yt-dlp attempt 1 for 1ITdex_JrBM (drop_extractor=False)
2025-11-04 10:35:59,027 INFO yt-dlp succeeded on attempt 1 for 1ITdex_JrBM
2025-11-04 10:35:59,055 INFO END 1ITdex_JrBM status_comments=ok duration=27.02s
2025-11-04 10:36:00,143 INFO START FxoPz1DO0Sg (Radeon RX 6900 XT Review & Benchmarks vs RTX 3090!)
2025-11-04 10:36:00,144 INFO yt-dlp attempt 1 for FxoPz1DO0Sg (drop_extractor=False)
2025-11-04 10:36:16,011 INFO yt-dlp succeeded on attempt 1 for FxoPz1DO0Sg
2025-11-04 10:36:16,028 INFO END FxoPz1DO0Sg status_comments=ok duration=15.88s
2025-11-04 10:36:18,111 INFO START GsY96xFWeN0 (AMD kept their best GPU a secret - 6950XT Review)
2025-11-04 10:36:18,111 INFO yt-dlp attempt 1 for GsY96xFWeN0 (drop_extractor=False)
2025-11-04 10:36:46,533 INFO yt-dlp succeeded on attempt 1 for GsY96xFWeN0
2025-11-04 10:36:46,565 INFO END GsY96xFWeN0 status_comments=ok duration=28.45s
2025-11-04 10:36:48,222 INFO START WSTmeZXHWyk ($1250 AMD Radeon RX 6950 XT GPU Review & Benchmarks (Sapphire Nitro+ Pure))
2025-11-04 10:36:48,222 INFO yt-dlp attempt 1 for WSTmeZXHWyk (drop_extractor=False)
2025-11-04 10:37:22,420 INFO yt-dlp succeeded on attempt 1 for WSTmeZXHWyk
2025-11-04 10:37:22,455 INFO END WSTmeZXHWyk status_comments=ok duration=34.23s
2025-11-04 10:37:24,267 INFO START XlT5WPP0o3Y (I Can't Figure Out What's Wrong With This Gigabyte RX 6950 XT)
2025-11-04 10:37:24,267 INFO yt-dlp attempt 1 for XlT5WPP0o3Y (drop_extractor=False)
2025-11-04 10:37:50,309 INFO yt-dlp succeeded on attempt 1 for XlT5WPP0o3Y
2025-11-04 10:37:50,338 INFO END XlT5WPP0o3Y status_comments=ok duration=26.07s
2025-11-04 10:37:52,531 INFO START KugxMJFhx7k (Radeon RX 6950 XT vs. GeForce RTX 3080 Ti, RTX 3090 & RTX 3090 Ti: Benchmarks, Power & Thermals)
2025-11-04 10:37:52,531 INFO yt-dlp attempt 1 for KugxMJFhx7k (drop_extractor=False)
2025-11-04 10:38:15,580 INFO yt-dlp succeeded on attempt 1 for KugxMJFhx7k
2025-11-04 10:38:15,602 INFO END KugxMJFhx7k status_comments=ok duration=23.07s
2025-11-04 10:38:17,451 INFO START BSaznwwRG-8 (Buying A New 6950 XT OC Formula for a Friend: Experiencing Wonder Once Again!)
2025-11-04 10:38:17,451 INFO yt-dlp attempt 1 for BSaznwwRG-8 (drop_extractor=False)
2025-11-04 10:38:24,470 INFO yt-dlp succeeded on attempt 1 for BSaznwwRG-8
2025-11-04 10:38:24,478 INFO END BSaznwwRG-8 status_comments=ok duration=7.03s
2025-11-04 10:38:26,110 INFO START 4Zsaj_9Zpjc (AMD, you NEED to hire me! - AMD Radeon RX 7600 Review)
2025-11-04 10:38:26,110 INFO yt-dlp attempt 1 for 4Zsaj_9Zpjc (drop_extractor=False)
2025-11-04 10:39:06,742 INFO yt-dlp succeeded on attempt 1 for 4Zsaj_9Zpjc
2025-11-04 10:39:06,789 INFO END 4Zsaj_9Zpjc status_comments=ok duration=40.68s
2025-11-04 10:39:09,468 INFO START 6UMFUqTUbEw (AMD cuts price of RX 7600... not because of NVIDIA but because of Intel! $270 GPU battle!)
2025-11-04 10:39:09,468 INFO yt-dlp attempt 1 for 6UMFUqTUbEw (drop_extractor=False)
2025-11-04 10:39:32,778 INFO yt-dlp succeeded on attempt 1 for 6UMFUqTUbEw
2025-11-04 10:39:32,806 INFO END 6UMFUqTUbEw status_comments=ok duration=23.34s
2025-11-04 10:39:34,805 INFO START sJCtMfKbsv8 (AMD has a new Graphics Card too!! - Radeon RX 7600 XT)
2025-11-04 10:39:34,805 INFO yt-dlp attempt 1 for sJCtMfKbsv8 (drop_extractor=False)
2025-11-04 10:39:44,993 INFO yt-dlp succeeded on attempt 1 for sJCtMfKbsv8
2025-11-04 10:39:45,006 INFO END sJCtMfKbsv8 status_comments=ok duration=10.20s
2025-11-04 10:39:46,591 INFO START Lcb1dpe2IhE (Radeon RX 7600 XT Review: Can AMD Eliminate The RTX 4060?)
2025-11-04 10:39:46,591 INFO yt-dlp attempt 1 for Lcb1dpe2IhE (drop_extractor=False)
2025-11-04 10:40:09,220 INFO yt-dlp succeeded on attempt 1 for Lcb1dpe2IhE
2025-11-04 10:40:09,243 INFO END Lcb1dpe2IhE status_comments=ok duration=22.65s
2025-11-04 10:40:11,106 INFO START 1aopp8XolXE (AMD Radeon RX 7600 XT GPU Benchmarks & Review: Power Efficiency & Gaming)
2025-11-04 10:40:11,106 INFO yt-dlp attempt 1 for 1aopp8XolXE (drop_extractor=False)
2025-11-04 10:40:36,622 INFO yt-dlp succeeded on attempt 1 for 1aopp8XolXE
2025-11-04 10:40:36,647 INFO END 1aopp8XolXE status_comments=ok duration=25.54s
2025-11-04 10:40:37,817 INFO START FI7xiNZLKTo (Already Below MSRP! But is That Enough? - AMD Radeon RX 7700 XT Review)
2025-11-04 10:40:37,818 INFO yt-dlp attempt 1 for FI7xiNZLKTo (drop_extractor=False)
2025-11-04 10:40:45,943 INFO yt-dlp succeeded on attempt 1 for FI7xiNZLKTo
2025-11-04 10:40:45,952 INFO END FI7xiNZLKTo status_comments=ok duration=8.14s
2025-11-04 10:40:48,737 INFO START cLHXXtUZBCo (PLEASE Don't Waste Your Money! - AMD RX 7700 XT Review & Gameplay Benchmarks)
2025-11-04 10:40:48,737 INFO yt-dlp attempt 1 for cLHXXtUZBCo (drop_extractor=False)
2025-11-04 10:40:58,116 INFO yt-dlp succeeded on attempt 1 for cLHXXtUZBCo
2025-11-04 10:40:58,126 INFO END cLHXXtUZBCo status_comments=ok duration=9.39s
2025-11-04 10:41:00,794 INFO START _LEBEqsCwiM (AMD Radeon RX 7700 XT Review, It's The 7900 XT All Over Again!)
2025-11-04 10:41:00,794 INFO yt-dlp attempt 1 for _LEBEqsCwiM (drop_extractor=False)
2025-11-04 10:41:20,391 INFO yt-dlp succeeded on attempt 1 for _LEBEqsCwiM
2025-11-04 10:41:20,413 INFO END _LEBEqsCwiM status_comments=ok duration=19.62s
2025-11-04 10:41:22,842 INFO START gggehz298L8 (Thank you for not spitting in my face – AMD Radeon RX 7700 XT & 7800 XT Review)
2025-11-04 10:41:22,842 INFO yt-dlp attempt 1 for gggehz298L8 (drop_extractor=False)
2025-11-04 10:42:06,811 INFO yt-dlp succeeded on attempt 1 for gggehz298L8
2025-11-04 10:42:06,856 INFO END gggehz298L8 status_comments=ok duration=44.01s
2025-11-04 10:42:08,570 INFO START PpxMKtbI8G8 (AMD RX 7700 XT GPU Review & Benchmarks vs. 7800 XT, 6800 XT, RTX 4060 Ti, & More)
2025-11-04 10:42:08,570 INFO yt-dlp attempt 1 for PpxMKtbI8G8 (drop_extractor=False)
2025-11-04 10:42:32,582 INFO yt-dlp succeeded on attempt 1 for PpxMKtbI8G8
2025-11-04 10:42:32,608 INFO END PpxMKtbI8G8 status_comments=ok duration=24.04s
2025-11-04 10:42:35,453 INFO START IJ_C7EZeWFY (Sapphire Nitro + 7800 XT Quick Review)
2025-11-04 10:42:35,453 INFO yt-dlp attempt 1 for IJ_C7EZeWFY (drop_extractor=False)
2025-11-04 10:42:39,235 INFO yt-dlp succeeded on attempt 1 for IJ_C7EZeWFY
2025-11-04 10:42:39,241 INFO END IJ_C7EZeWFY status_comments=ok duration=3.79s
2025-11-04 10:42:41,339 INFO START AdWv3GwS-kY (AMD 7800 XT: Your Next 5-year GPU!)
2025-11-04 10:42:41,339 INFO yt-dlp attempt 1 for AdWv3GwS-kY (drop_extractor=False)
2025-11-04 10:42:55,365 INFO yt-dlp succeeded on attempt 1 for AdWv3GwS-kY
2025-11-04 10:42:55,380 INFO END AdWv3GwS-kY status_comments=ok duration=14.04s
2025-11-04 10:42:58,381 INFO START G9XmJd6cGeA (AMD Radeon RX 7800 XT Review - 33 Games, 1080p, 1440p & 4K Tested)
2025-11-04 10:42:58,381 INFO yt-dlp attempt 1 for G9XmJd6cGeA (drop_extractor=False)
2025-11-04 10:43:19,733 INFO yt-dlp succeeded on attempt 1 for G9XmJd6cGeA
2025-11-04 10:43:19,750 INFO END G9XmJd6cGeA status_comments=ok duration=21.37s
2025-11-04 10:43:21,942 INFO START x4TW8fHVcxw (Radeon RX 7800 XT Review, AMD Finally Worked It Out!)
2025-11-04 10:43:21,943 INFO yt-dlp attempt 1 for x4TW8fHVcxw (drop_extractor=False)
2025-11-04 10:44:02,063 INFO yt-dlp succeeded on attempt 1 for x4TW8fHVcxw
2025-11-04 10:44:02,103 INFO END x4TW8fHVcxw status_comments=ok duration=40.16s
2025-11-04 10:44:03,773 INFO START 8qBQ0eZEnbY (AMD Radeon RX 7800 XT GPU Review & Benchmarks vs. RX 6800 XT, RTX 4070, & More)
2025-11-04 10:44:03,774 INFO yt-dlp attempt 1 for 8qBQ0eZEnbY (drop_extractor=False)
2025-11-04 10:44:50,112 INFO yt-dlp succeeded on attempt 1 for 8qBQ0eZEnbY
2025-11-04 10:44:50,156 INFO END 8qBQ0eZEnbY status_comments=ok duration=46.38s
2025-11-04 10:44:52,452 INFO START e7DjJR3zpCw (AMD's Greedy Upsell: RX 7900 XT Review & Benchmarks vs. XTX, 4080, & More)
2025-11-04 10:44:52,452 INFO yt-dlp attempt 1 for e7DjJR3zpCw (drop_extractor=False)
2025-11-04 10:45:31,131 INFO yt-dlp succeeded on attempt 1 for e7DjJR3zpCw
2025-11-04 10:45:31,173 INFO END e7DjJR3zpCw status_comments=ok duration=38.72s
2025-11-04 10:45:32,717 INFO START NFu7fhsGymY ($900 LOL, AMD Radeon RX 7900 XT Review & Benchmarks)
2025-11-04 10:45:32,717 INFO yt-dlp attempt 1 for NFu7fhsGymY (drop_extractor=False)
2025-11-04 10:46:36,651 INFO yt-dlp succeeded on attempt 1 for NFu7fhsGymY
2025-11-04 10:46:36,715 INFO END NFu7fhsGymY status_comments=ok duration=64.00s
2025-11-04 10:46:38,152 INFO START TBJ-vo6Ri9c (This video will not age well... - AMD Radeon RX 7900 Series Review)
2025-11-04 10:46:38,152 INFO yt-dlp attempt 1 for TBJ-vo6Ri9c (drop_extractor=False)
2025-11-04 10:48:01,385 INFO yt-dlp succeeded on attempt 1 for TBJ-vo6Ri9c
2025-11-04 10:48:01,467 INFO END TBJ-vo6Ri9c status_comments=ok duration=83.31s
2025-11-04 10:48:03,931 INFO START 23bVb1l6ZQo (Radeon RX 7900 XT Re-Review, What Should Have Been!)
2025-11-04 10:48:03,931 INFO yt-dlp attempt 1 for 23bVb1l6ZQo (drop_extractor=False)
2025-11-04 10:48:36,744 INFO yt-dlp succeeded on attempt 1 for 23bVb1l6ZQo
2025-11-04 10:48:36,778 INFO END 23bVb1l6ZQo status_comments=ok duration=32.85s
2025-11-04 10:48:38,715 INFO START 0XVdsKHBcPE (The Cheapest* AMD RX 7900 XT: Revisit Benchmarks, & Price Drops vs. 4070 Ti & More)
2025-11-04 10:48:38,715 INFO yt-dlp attempt 1 for 0XVdsKHBcPE (drop_extractor=False)
2025-11-04 10:49:07,140 INFO yt-dlp succeeded on attempt 1 for 0XVdsKHBcPE
2025-11-04 10:49:07,173 INFO END 0XVdsKHBcPE status_comments=ok duration=28.46s
2025-11-04 10:49:09,866 INFO START XaEWPgPDF7U (Sapphire RX 7900 XTX Nitro+... one heck of a card!)
2025-11-04 10:49:09,866 INFO yt-dlp attempt 1 for XaEWPgPDF7U (drop_extractor=False)
2025-11-04 10:49:25,877 INFO yt-dlp succeeded on attempt 1 for XaEWPgPDF7U
2025-11-04 10:49:25,895 INFO END XaEWPgPDF7U status_comments=ok duration=16.03s
2025-11-04 10:49:28,159 INFO START tMH9vfvos00 (Before you buy the AMD 7900 XTX..)
2025-11-04 10:49:28,159 INFO yt-dlp attempt 1 for tMH9vfvos00 (drop_extractor=False)
2025-11-04 10:49:51,735 INFO yt-dlp succeeded on attempt 1 for tMH9vfvos00
2025-11-04 10:49:51,758 INFO END tMH9vfvos00 status_comments=ok duration=23.60s
2025-11-04 10:49:54,437 INFO START OjaE2g4VOXI (Nvidia was clearly wrong - AMD RX 7900 XT and XTX)
2025-11-04 10:49:54,438 INFO yt-dlp attempt 1 for OjaE2g4VOXI (drop_extractor=False)
2025-11-04 10:51:03,027 INFO yt-dlp succeeded on attempt 1 for OjaE2g4VOXI
2025-11-04 10:51:03,103 INFO END OjaE2g4VOXI status_comments=ok duration=68.67s
2025-11-04 10:51:04,723 INFO START 4UFiG7CwpHk (RTX 4080 Killer? Radeon RX 7900 XTX Review & Benchmarks)
2025-11-04 10:51:04,723 INFO yt-dlp attempt 1 for 4UFiG7CwpHk (drop_extractor=False)
2025-11-04 10:52:18,119 INFO yt-dlp succeeded on attempt 1 for 4UFiG7CwpHk
2025-11-04 10:52:18,188 INFO END 4UFiG7CwpHk status_comments=ok duration=73.46s
2025-11-04 10:52:20,924 INFO START We71eXwKODw (AMD Radeon RX 7900 XTX Review & GPU Benchmarks: Gaming, Thermals, Power, & Noise)
2025-11-04 10:52:20,924 INFO yt-dlp attempt 1 for We71eXwKODw (drop_extractor=False)
2025-11-04 10:53:23,634 INFO yt-dlp succeeded on attempt 1 for We71eXwKODw
2025-11-04 10:53:23,705 INFO END We71eXwKODw status_comments=ok duration=62.78s
2025-11-04 10:53:25,180 INFO START MjKs8KjbTqQ (And just like that, the 5060 is irrelevant - 9060XT Review)
2025-11-04 10:53:25,180 INFO yt-dlp attempt 1 for MjKs8KjbTqQ (drop_extractor=False)
2025-11-04 10:53:58,162 INFO yt-dlp succeeded on attempt 1 for MjKs8KjbTqQ
2025-11-04 10:53:58,204 INFO END MjKs8KjbTqQ status_comments=ok duration=33.02s
2025-11-04 10:54:00,288 INFO START uCIcYgRJUtc (RX 9060 XT 16GB - The Gameplay Review at 1440p!)
2025-11-04 10:54:00,288 INFO yt-dlp attempt 1 for uCIcYgRJUtc (drop_extractor=False)
2025-11-04 10:54:20,510 INFO yt-dlp succeeded on attempt 1 for uCIcYgRJUtc
2025-11-04 10:54:20,531 INFO END uCIcYgRJUtc status_comments=ok duration=20.24s
2025-11-04 10:54:21,635 INFO START DJf0qCHZHs0 (AMD GPUs are Better at RTX Now.. — RX 9060 XT 16GB Review!)
2025-11-04 10:54:21,635 INFO yt-dlp attempt 1 for DJf0qCHZHs0 (drop_extractor=False)
2025-11-04 10:55:00,841 INFO yt-dlp succeeded on attempt 1 for DJf0qCHZHs0
2025-11-04 10:55:00,888 INFO END DJf0qCHZHs0 status_comments=ok duration=39.25s
2025-11-04 10:55:01,909 INFO START -LAH5vh-Cpg (AMD Radeon RX 9060 XT 16GB Review, Gaming Benchmarks!)
2025-11-04 10:55:01,909 INFO yt-dlp attempt 1 for -LAH5vh-Cpg (drop_extractor=False)
2025-11-04 10:55:34,670 INFO yt-dlp succeeded on attempt 1 for -LAH5vh-Cpg
2025-11-04 10:55:34,701 INFO END -LAH5vh-Cpg status_comments=ok duration=32.79s
2025-11-04 10:55:37,206 INFO START O9u3UPkqp_0 (AMD Needs to Just Shut Up: AMD Radeon RX 9060 XT 16GB GPU Review)
2025-11-04 10:55:37,206 INFO yt-dlp attempt 1 for O9u3UPkqp_0 (drop_extractor=False)
2025-11-04 10:56:27,954 INFO yt-dlp succeeded on attempt 1 for O9u3UPkqp_0
2025-11-04 10:56:28,014 INFO END O9u3UPkqp_0 status_comments=ok duration=50.81s
2025-11-04 10:56:30,818 INFO START j6yHMCTb-YA (This Was Supposed to be a Happy Day - AMD Radeon 9060XT Review)
2025-11-04 10:56:30,818 INFO yt-dlp attempt 1 for j6yHMCTb-YA (drop_extractor=False)
2025-11-04 10:57:16,821 INFO yt-dlp succeeded on attempt 1 for j6yHMCTb-YA
2025-11-04 10:57:16,876 INFO END j6yHMCTb-YA status_comments=ok duration=46.06s
2025-11-04 10:57:19,713 INFO START acE6VJ0ujA4 (AMD Radeon RX 9060 XT 16GB Review vs RTX 5060 Ti vs... PlayStation 5 Pro?)
2025-11-04 10:57:19,713 INFO yt-dlp attempt 1 for acE6VJ0ujA4 (drop_extractor=False)
2025-11-04 10:57:40,701 INFO yt-dlp succeeded on attempt 1 for acE6VJ0ujA4
2025-11-04 10:57:40,723 INFO END acE6VJ0ujA4 status_comments=ok duration=21.01s
2025-11-04 10:57:43,514 INFO START VciMks_Yd9k (RX 9060 XT 16GB Review - is it actually good value!?)
2025-11-04 10:57:43,515 INFO yt-dlp attempt 1 for VciMks_Yd9k (drop_extractor=False)
2025-11-04 10:57:56,868 INFO yt-dlp succeeded on attempt 1 for VciMks_Yd9k
2025-11-04 10:57:56,883 INFO END VciMks_Yd9k status_comments=ok duration=13.37s
2025-11-04 10:57:59,203 INFO START q0k6StODt7g (Should you buy RX 9060 XT 16GB?)
2025-11-04 10:57:59,203 INFO yt-dlp attempt 1 for q0k6StODt7g (drop_extractor=False)
2025-11-04 10:58:10,746 INFO yt-dlp succeeded on attempt 1 for q0k6StODt7g
2025-11-04 10:58:10,762 INFO END q0k6StODt7g status_comments=ok duration=11.56s
2025-11-04 10:58:11,783 INFO START 3oTMRmxeMMk (The RX 9060 XT 16GB - 20 Games Tested at 1440p!)
2025-11-04 10:58:11,783 INFO yt-dlp attempt 1 for 3oTMRmxeMMk (drop_extractor=False)
2025-11-04 10:58:24,602 INFO yt-dlp succeeded on attempt 1 for 3oTMRmxeMMk
2025-11-04 10:58:24,617 INFO END 3oTMRmxeMMk status_comments=ok duration=12.83s
2025-11-04 10:58:26,939 INFO START LhsvrhedA9E (Incredibly Efficient: AMD RX 9070 GPU Review & Benchmarks vs. 9070 XT, RTX 5070)
2025-11-04 10:58:26,939 INFO yt-dlp attempt 1 for LhsvrhedA9E (drop_extractor=False)
2025-11-04 10:59:47,331 INFO yt-dlp succeeded on attempt 1 for LhsvrhedA9E
2025-11-04 10:59:47,417 INFO END LhsvrhedA9E status_comments=ok duration=80.48s
2025-11-04 10:59:48,925 INFO START gWIIA-a9Q9A (AMD Swings and Misses: Radeon RX 9070 Review, Benchmarks vs. RTX 5070)
2025-11-04 10:59:48,925 INFO yt-dlp attempt 1 for gWIIA-a9Q9A (drop_extractor=False)
2025-11-04 11:00:31,313 INFO yt-dlp succeeded on attempt 1 for gWIIA-a9Q9A
2025-11-04 11:00:31,356 INFO END gWIIA-a9Q9A status_comments=ok duration=42.43s
2025-11-04 11:00:33,730 INFO START 01DEKGYiSTo (RX 9070 and 9070XT Details - this is actually BAD for NVIDIA!)
2025-11-04 11:00:33,730 INFO yt-dlp attempt 1 for 01DEKGYiSTo (drop_extractor=False)
2025-11-04 11:01:25,168 INFO yt-dlp succeeded on attempt 1 for 01DEKGYiSTo
2025-11-04 11:01:25,229 INFO END 01DEKGYiSTo status_comments=ok duration=51.50s
2025-11-04 11:01:28,203 INFO START 2fClSYjOKxM (RX 9070 16GB - The Gameplay Review at 1440p!)
2025-11-04 11:01:28,203 INFO yt-dlp attempt 1 for 2fClSYjOKxM (drop_extractor=False)
2025-11-04 11:01:44,918 INFO yt-dlp succeeded on attempt 1 for 2fClSYjOKxM
2025-11-04 11:01:44,935 INFO END 2fClSYjOKxM status_comments=ok duration=16.73s
2025-11-04 11:01:47,048 INFO START vfc3nhus12k (AMD Radeon RX 9070 XT/ RX 9070 Review vs RTX 5070 Ti/ RTX 5070 - Is RDNA 4 Truly Competitive?)
2025-11-04 11:01:47,048 INFO yt-dlp attempt 1 for vfc3nhus12k (drop_extractor=False)
2025-11-04 11:02:10,593 INFO yt-dlp succeeded on attempt 1 for vfc3nhus12k
2025-11-04 11:02:10,618 INFO END vfc3nhus12k status_comments=ok duration=23.57s
2025-11-04 11:02:12,177 INFO START W8OCZ7CT5Fo (RX 9070 XT vs RX 9070...A Budget Gamer's Perspective)
2025-11-04 11:02:12,178 INFO yt-dlp attempt 1 for W8OCZ7CT5Fo (drop_extractor=False)
2025-11-04 11:02:22,863 INFO yt-dlp succeeded on attempt 1 for W8OCZ7CT5Fo
2025-11-04 11:02:22,875 INFO END W8OCZ7CT5Fo status_comments=ok duration=10.70s
2025-11-04 11:02:24,682 INFO START yJXGGtIvFKM (Ok, Nvidia GPUs are kinda Pointless Now --- RX 9070 XT REVIEW!!)
2025-11-04 11:02:24,683 INFO yt-dlp attempt 1 for yJXGGtIvFKM (drop_extractor=False)
2025-11-04 11:03:06,575 INFO yt-dlp succeeded on attempt 1 for yJXGGtIvFKM
2025-11-04 11:03:06,626 INFO END yJXGGtIvFKM status_comments=ok duration=41.94s
2025-11-04 11:03:08,991 INFO START uDligqbbPGs (RTX 5070 Ti vs RX 9070 XT - DLSS 4 vs FSR 4 Performance Compared)
2025-11-04 11:03:08,991 INFO yt-dlp attempt 1 for uDligqbbPGs (drop_extractor=False)
2025-11-04 11:03:37,329 INFO yt-dlp succeeded on attempt 1 for uDligqbbPGs
2025-11-04 11:03:37,360 INFO END uDligqbbPGs status_comments=ok duration=28.37s
2025-11-04 11:03:39,223 INFO START aWfMibZ8t00 (The Radeon RX 9070 XT is Now Faster, AMD FineWine)
2025-11-04 11:03:39,223 INFO yt-dlp attempt 1 for aWfMibZ8t00 (drop_extractor=False)
2025-11-04 11:04:28,831 INFO yt-dlp succeeded on attempt 1 for aWfMibZ8t00
2025-11-04 11:04:28,879 INFO END aWfMibZ8t00 status_comments=ok duration=49.66s
2025-11-04 11:04:30,950 INFO START yP0axVHdP-U (AMD Radeon RX 9070 XT GPU Review & Benchmarks vs. 5070 Ti, 5070, 7900 XT (Sapphire Pulse))
2025-11-04 11:04:30,950 INFO yt-dlp attempt 1 for yP0axVHdP-U (drop_extractor=False)
2025-11-04 11:05:56,715 INFO yt-dlp succeeded on attempt 1 for yP0axVHdP-U
2025-11-04 11:05:56,801 INFO END yP0axVHdP-U status_comments=ok duration=85.85s
2025-11-04 11:05:57,938 INFO START VQB0i0v2mkg (AMD Radeon RX 9070 XT Review, Have They Finally Done It?)
2025-11-04 11:05:57,938 INFO yt-dlp attempt 1 for VQB0i0v2mkg (drop_extractor=False)
2025-11-04 11:07:02,424 INFO yt-dlp succeeded on attempt 1 for VQB0i0v2mkg
2025-11-04 11:07:02,490 INFO END VQB0i0v2mkg status_comments=ok duration=64.55s
2025-11-04 11:07:04,953 INFO START ptp5suRDdQQ (AMD, I Could Kiss You - 9070 and 9070 XT Review)
2025-11-04 11:07:04,953 INFO yt-dlp attempt 1 for ptp5suRDdQQ (drop_extractor=False)
2025-11-04 11:08:39,551 INFO yt-dlp succeeded on attempt 1 for ptp5suRDdQQ
2025-11-04 11:08:39,655 INFO END ptp5suRDdQQ status_comments=ok duration=94.70s
2025-11-04 11:08:41,433 INFO START AHpIGcABFbc (AMD 9070XT has entered the chat! Sorry NVIDIA)
2025-11-04 11:08:41,433 INFO yt-dlp attempt 1 for AHpIGcABFbc (drop_extractor=False)
2025-11-04 11:09:23,627 INFO yt-dlp succeeded on attempt 1 for AHpIGcABFbc
2025-11-04 11:09:23,673 INFO END AHpIGcABFbc status_comments=ok duration=42.24s
2025-11-04 11:09:24,716 INFO START 0eweKFJ-D7U (AMD Radeon RX 9070 XT Review! The BEST AMD Graphics Card?)
2025-11-04 11:09:24,716 INFO yt-dlp attempt 1 for 0eweKFJ-D7U (drop_extractor=False)
2025-11-04 11:09:34,865 INFO yt-dlp succeeded on attempt 1 for 0eweKFJ-D7U
2025-11-04 11:09:34,877 INFO END 0eweKFJ-D7U status_comments=ok duration=10.16s
2025-11-04 11:09:37,165 INFO START Rnc7uHs1tnw (RX 9070 XT vs RTX 5070 Ti - Big Comparison with New Drivers | 1440p & 4K)
2025-11-04 11:09:37,165 INFO yt-dlp attempt 1 for Rnc7uHs1tnw (drop_extractor=False)
2025-11-04 11:09:59,476 INFO yt-dlp succeeded on attempt 1 for Rnc7uHs1tnw
2025-11-04 11:09:59,498 INFO END Rnc7uHs1tnw status_comments=ok duration=22.33s
2025-11-04 11:10:02,229 INFO START UjmvnuXxL5E (The Truth About the RX 9070 XT - One Month Later)
2025-11-04 11:10:02,229 INFO yt-dlp attempt 1 for UjmvnuXxL5E (drop_extractor=False)
2025-11-04 11:10:15,887 INFO yt-dlp succeeded on attempt 1 for UjmvnuXxL5E
2025-11-04 11:10:15,905 INFO END UjmvnuXxL5E status_comments=ok duration=13.68s
2025-11-04 11:10:17,357 INFO START mm_xyZ5OMOw (This New Single Slot LP ARC A310 Graphics Card Is Faster Than You Think!)
2025-11-04 11:10:17,357 INFO yt-dlp attempt 1 for mm_xyZ5OMOw (drop_extractor=False)
2025-11-04 11:10:31,925 INFO yt-dlp succeeded on attempt 1 for mm_xyZ5OMOw
2025-11-04 11:10:31,940 INFO END mm_xyZ5OMOw status_comments=ok duration=14.58s
2025-11-04 11:10:33,953 INFO START coqkIj0rnfA (The Intel Arc A310 is AMAZING - Perfect Plex GPU)
2025-11-04 11:10:33,953 INFO yt-dlp attempt 1 for coqkIj0rnfA (drop_extractor=False)
2025-11-04 11:10:47,390 INFO yt-dlp succeeded on attempt 1 for coqkIj0rnfA
2025-11-04 11:10:47,401 INFO END coqkIj0rnfA status_comments=ok duration=13.45s
2025-11-04 11:10:49,679 INFO START RPlxCEMtan8 (The Intel ARC A310 - Is The Cheapest ARC Graphics Card Worth It?)
2025-11-04 11:10:49,679 INFO yt-dlp attempt 1 for RPlxCEMtan8 (drop_extractor=False)
2025-11-04 11:11:02,242 INFO yt-dlp succeeded on attempt 1 for RPlxCEMtan8
2025-11-04 11:11:02,255 INFO END RPlxCEMtan8 status_comments=ok duration=12.58s
2025-11-04 11:11:03,709 INFO START 2k1Tqxtcu5c (Intel Arc-A310: Surprising performance in a small package.)
2025-11-04 11:11:03,709 INFO yt-dlp attempt 1 for 2k1Tqxtcu5c (drop_extractor=False)
2025-11-04 11:11:07,743 INFO yt-dlp succeeded on attempt 1 for 2k1Tqxtcu5c
2025-11-04 11:11:07,748 INFO END 2k1Tqxtcu5c status_comments=ok duration=4.04s
2025-11-04 11:11:09,245 INFO START zAWY1LjlYPc (Intel ARC A310 vs RX 6400 - Test in 7 Games)
2025-11-04 11:11:09,245 INFO yt-dlp attempt 1 for zAWY1LjlYPc (drop_extractor=False)
2025-11-04 11:11:13,574 INFO yt-dlp succeeded on attempt 1 for zAWY1LjlYPc
2025-11-04 11:11:13,577 INFO END zAWY1LjlYPc status_comments=ok duration=4.33s
2025-11-04 11:11:15,675 INFO START zjGieJci3xE (AV1 On Linux With The Sparkle A310 ECO)
2025-11-04 11:11:15,675 INFO yt-dlp attempt 1 for zjGieJci3xE (drop_extractor=False)
2025-11-04 11:11:22,313 INFO yt-dlp succeeded on attempt 1 for zjGieJci3xE
2025-11-04 11:11:22,321 INFO END zjGieJci3xE status_comments=ok duration=6.65s
2025-11-04 11:11:24,736 INFO START La-dcK4h4ZU (Intel Arc A380 Gaming GPU Review & Benchmarks vs. AMD RX 6400, GTX 1650, & More)
2025-11-04 11:11:24,736 INFO yt-dlp attempt 1 for La-dcK4h4ZU (drop_extractor=False)
2025-11-04 11:12:07,284 INFO yt-dlp succeeded on attempt 1 for La-dcK4h4ZU
2025-11-04 11:12:07,324 INFO END La-dcK4h4ZU status_comments=ok duration=42.59s
2025-11-04 11:12:08,855 INFO START 2IWpF2-IUDI (Intel's Budget ARC A380 Graphics Card Keeps Getting Better (and Cheaper))
2025-11-04 11:12:08,855 INFO yt-dlp attempt 1 for 2IWpF2-IUDI (drop_extractor=False)
2025-11-04 11:12:22,163 INFO yt-dlp succeeded on attempt 1 for 2IWpF2-IUDI
2025-11-04 11:12:22,177 INFO END 2IWpF2-IUDI status_comments=ok duration=13.32s
2025-11-04 11:12:24,640 INFO START Gfur75VRLdc (The Worlds First Single Slot Low Profile ARC A380 GPU! Small Foot Print Power)
2025-11-04 11:12:24,640 INFO yt-dlp attempt 1 for Gfur75VRLdc (drop_extractor=False)
2025-11-04 11:12:33,612 INFO yt-dlp succeeded on attempt 1 for Gfur75VRLdc
2025-11-04 11:12:33,622 INFO END Gfur75VRLdc status_comments=ok duration=8.98s
2025-11-04 11:12:36,380 INFO START dRMxqMPeVLI (The Arc A380 Is Finally A Pretty Good Budget GPU!)
2025-11-04 11:12:36,380 INFO yt-dlp attempt 1 for dRMxqMPeVLI (drop_extractor=False)
2025-11-04 11:12:43,986 INFO yt-dlp succeeded on attempt 1 for dRMxqMPeVLI
2025-11-04 11:12:43,996 INFO END dRMxqMPeVLI status_comments=ok duration=7.62s
2025-11-04 11:12:46,029 INFO START DFzBPHpJYN0 (the little Arc A380 that couldn't.)
2025-11-04 11:12:46,029 INFO yt-dlp attempt 1 for DFzBPHpJYN0 (drop_extractor=False)
2025-11-04 11:12:58,159 INFO yt-dlp succeeded on attempt 1 for DFzBPHpJYN0
2025-11-04 11:12:58,172 INFO END DFzBPHpJYN0 status_comments=ok duration=12.14s
2025-11-04 11:12:59,770 INFO START Afqc1woq5Wc (Intel’s Arc A380 is full of surprises)
2025-11-04 11:12:59,770 INFO yt-dlp attempt 1 for Afqc1woq5Wc (drop_extractor=False)
2025-11-04 11:13:05,839 INFO yt-dlp succeeded on attempt 1 for Afqc1woq5Wc
2025-11-04 11:13:05,847 INFO END Afqc1woq5Wc status_comments=ok duration=6.08s
2025-11-04 11:13:07,966 INFO START e3o7tKRGcMY (Intel Arc A380 Gaming Graphics Card Review & Benchmarks)
2025-11-04 11:13:07,966 INFO yt-dlp attempt 1 for e3o7tKRGcMY (drop_extractor=False)
2025-11-04 11:13:31,198 INFO yt-dlp succeeded on attempt 1 for e3o7tKRGcMY
2025-11-04 11:13:31,224 INFO END e3o7tKRGcMY status_comments=ok duration=23.26s
2025-11-04 11:13:32,920 INFO START x_TTVfWuk6E (Intel Arc A580 ($180) vs RTX 3050 ($220) vs RX 7600 ($240))
2025-11-04 11:13:32,920 INFO yt-dlp attempt 1 for x_TTVfWuk6E (drop_extractor=False)
2025-11-04 11:13:45,708 INFO yt-dlp succeeded on attempt 1 for x_TTVfWuk6E
2025-11-04 11:13:45,719 INFO END x_TTVfWuk6E status_comments=ok duration=12.80s
2025-11-04 11:13:47,072 INFO START -M1bMzVzZF0 (The Intel Arc B580: Midrange GPU Magic!)
2025-11-04 11:13:47,072 INFO yt-dlp attempt 1 for -M1bMzVzZF0 (drop_extractor=False)
2025-11-04 11:14:03,621 INFO yt-dlp succeeded on attempt 1 for -M1bMzVzZF0
2025-11-04 11:14:03,634 INFO END -M1bMzVzZF0 status_comments=ok duration=16.56s
2025-11-04 11:14:05,688 INFO START WYY6d4Tq0go (Intel's ARC B580 Graphics Card Isn't What I Hoped…)
2025-11-04 11:14:05,689 INFO yt-dlp attempt 1 for WYY6d4Tq0go (drop_extractor=False)
2025-11-04 11:14:36,295 INFO yt-dlp succeeded on attempt 1 for WYY6d4Tq0go
2025-11-04 11:14:36,319 INFO END WYY6d4Tq0go status_comments=ok duration=30.63s
2025-11-04 11:14:38,484 INFO START Efy6WsgQAUk (Intel Arc A580 vs. Radeon RX 6600 vs. GeForce RTX 3050)
2025-11-04 11:14:38,484 INFO yt-dlp attempt 1 for Efy6WsgQAUk (drop_extractor=False)
2025-11-04 11:14:55,866 INFO yt-dlp succeeded on attempt 1 for Efy6WsgQAUk
2025-11-04 11:14:55,884 INFO END Efy6WsgQAUk status_comments=ok duration=17.40s
2025-11-04 11:14:58,154 INFO START dG8_00S85bA (They Forgot to Make Graphics Cards Affordable... Intel’s $180 Arc a580 is Different)
2025-11-04 11:14:58,154 INFO yt-dlp attempt 1 for dG8_00S85bA (drop_extractor=False)
2025-11-04 11:15:08,165 INFO yt-dlp succeeded on attempt 1 for dG8_00S85bA
2025-11-04 11:15:08,175 INFO END dG8_00S85bA status_comments=ok duration=10.02s
2025-11-04 11:15:10,087 INFO START vbaRTzyLIvA (Is It Worth Buying Intel Arc A580 ??? Review and Test in Games)
2025-11-04 11:15:10,087 INFO yt-dlp attempt 1 for vbaRTzyLIvA (drop_extractor=False)
2025-11-04 11:15:14,041 INFO yt-dlp succeeded on attempt 1 for vbaRTzyLIvA
2025-11-04 11:15:14,048 INFO END vbaRTzyLIvA status_comments=ok duration=3.96s
2025-11-04 11:15:15,263 INFO START XK6oVrm7Zg0 (REVEALED: BUDGET GPU for Video editing! | ASROCK Intel ARC A580 Review for Content Creators)
2025-11-04 11:15:15,263 INFO yt-dlp attempt 1 for XK6oVrm7Zg0 (drop_extractor=False)
2025-11-04 11:15:19,598 INFO yt-dlp succeeded on attempt 1 for XK6oVrm7Zg0
2025-11-04 11:15:19,604 INFO END XK6oVrm7Zg0 status_comments=ok duration=4.34s
2025-11-04 11:15:22,387 INFO START FT2yk9PL-t8 (Intel Arc Goes Where NVIDIA Won't: A580 GPU Benchmarks & Review vs. A750, RX 6600, & More)
2025-11-04 11:15:22,387 INFO yt-dlp attempt 1 for FT2yk9PL-t8 (drop_extractor=False)
2025-11-04 11:15:41,777 INFO yt-dlp succeeded on attempt 1 for FT2yk9PL-t8
2025-11-04 11:15:41,798 INFO END FT2yk9PL-t8 status_comments=ok duration=19.41s
2025-11-04 11:15:42,996 INFO START XTomqXuYK4s (Intel GPUs Are Here! ARC A770 & A750 Review & Benchmarks)
2025-11-04 11:15:42,996 INFO yt-dlp attempt 1 for XTomqXuYK4s (drop_extractor=False)
2025-11-04 11:16:05,570 INFO yt-dlp succeeded on attempt 1 for XTomqXuYK4s
2025-11-04 11:16:05,596 INFO END XTomqXuYK4s status_comments=ok duration=22.60s
2025-11-04 11:16:08,115 INFO START de51aJ33dMk (Intel Arc A750 Limited Edition GPU Review & Benchmarks vs. AMD RX 6600, A770, & More)
2025-11-04 11:16:08,116 INFO yt-dlp attempt 1 for de51aJ33dMk (drop_extractor=False)
2025-11-04 11:16:34,008 INFO yt-dlp succeeded on attempt 1 for de51aJ33dMk
2025-11-04 11:16:34,033 INFO END de51aJ33dMk status_comments=ok duration=25.92s
2025-11-04 11:16:35,885 INFO START dVX6odo-bJ8 (Intel Arc A750 vs. GeForce RTX 4060, 40+ Game Benchmark @ 1080p & 1440p)
2025-11-04 11:16:35,885 INFO yt-dlp attempt 1 for dVX6odo-bJ8 (drop_extractor=False)
2025-11-04 11:16:50,820 INFO yt-dlp succeeded on attempt 1 for dVX6odo-bJ8
2025-11-04 11:16:50,839 INFO END dVX6odo-bJ8 status_comments=ok duration=14.95s
2025-11-04 11:16:53,224 INFO START VhMZsD4v3CA (NVIDIA's in TROUBLE 👉 Now THAT's a BEST-BANG-FOR-BUCK GPU! | Sparkle Intel ARC A750 CREATOR Review)
2025-11-04 11:16:53,225 INFO yt-dlp attempt 1 for VhMZsD4v3CA (drop_extractor=False)
2025-11-04 11:17:00,529 INFO yt-dlp succeeded on attempt 1 for VhMZsD4v3CA
2025-11-04 11:17:00,538 INFO END VhMZsD4v3CA status_comments=ok duration=7.31s
2025-11-04 11:17:02,944 INFO START 6T9d9LM1TwY (Please Buy Intel GPUs. - Arc A750 & A770 Review)
2025-11-04 11:17:02,944 INFO yt-dlp attempt 1 for 6T9d9LM1TwY (drop_extractor=False)
2025-11-04 11:19:10,964 INFO yt-dlp succeeded on attempt 1 for 6T9d9LM1TwY
2025-11-04 11:19:11,112 INFO END 6T9d9LM1TwY status_comments=ok duration=128.17s
2025-11-04 11:19:13,124 INFO START w3WSqLEciEw (Intel Arc 2024 Revisit & Benchmarks (A750, A770, A580, A380 Updated GPU Tests))
2025-11-04 11:19:13,124 INFO yt-dlp attempt 1 for w3WSqLEciEw (drop_extractor=False)
2025-11-04 11:19:46,871 INFO yt-dlp succeeded on attempt 1 for w3WSqLEciEw
2025-11-04 11:19:46,907 INFO END w3WSqLEciEw status_comments=ok duration=33.78s
2025-11-04 11:19:48,937 INFO START FQFQoB_T3yg (Are Intel ARC Graphics Cards ACTUALLY Worth Buying? 🤔)
2025-11-04 11:19:48,937 INFO yt-dlp attempt 1 for FQFQoB_T3yg (drop_extractor=False)
2025-11-04 11:19:56,801 INFO yt-dlp succeeded on attempt 1 for FQFQoB_T3yg
2025-11-04 11:19:56,810 INFO END FQFQoB_T3yg status_comments=ok duration=7.87s
2025-11-04 11:19:58,142 INFO START Kluz0H38Wow (Intel ARC A770 / A750 Graphics Review: Here Comes A New Challenger)
2025-11-04 11:19:58,142 INFO yt-dlp attempt 1 for Kluz0H38Wow (drop_extractor=False)
2025-11-04 11:20:18,003 INFO yt-dlp succeeded on attempt 1 for Kluz0H38Wow
2025-11-04 11:20:18,028 INFO END Kluz0H38Wow status_comments=ok duration=19.89s
2025-11-04 11:20:19,611 INFO START nEvdrbxTtVo (Intel Arc A770 16GB Limited Edition GPU Review & Benchmarks)
2025-11-04 11:20:19,611 INFO yt-dlp attempt 1 for nEvdrbxTtVo (drop_extractor=False)
2025-11-04 11:20:57,179 INFO yt-dlp succeeded on attempt 1 for nEvdrbxTtVo
2025-11-04 11:20:57,222 INFO END nEvdrbxTtVo status_comments=ok duration=37.61s
2025-11-04 11:20:59,649 INFO START h6R92qyjGQ4 (Intel ARC A770 Review — The New $350 GPU King?)
2025-11-04 11:20:59,650 INFO yt-dlp attempt 1 for h6R92qyjGQ4 (drop_extractor=False)
2025-11-04 11:21:08,985 INFO yt-dlp succeeded on attempt 1 for h6R92qyjGQ4
2025-11-04 11:21:08,996 INFO END h6R92qyjGQ4 status_comments=ok duration=9.35s
2025-11-04 11:21:11,096 INFO START ltD4TVN9wAY (World's First Intel ARC PC Build! (A770))
2025-11-04 11:21:11,096 INFO yt-dlp attempt 1 for ltD4TVN9wAY (drop_extractor=False)
2025-11-04 11:22:46,491 INFO yt-dlp succeeded on attempt 1 for ltD4TVN9wAY
2025-11-04 11:22:46,576 INFO END ltD4TVN9wAY status_comments=ok duration=95.48s
2025-11-04 11:22:48,450 INFO START ylJC0C6zQ48 (I hope it's as good as it looks - Intel Arc A770)
2025-11-04 11:22:48,450 INFO yt-dlp attempt 1 for ylJC0C6zQ48 (drop_extractor=False)
2025-11-04 11:23:10,617 INFO yt-dlp succeeded on attempt 1 for ylJC0C6zQ48
2025-11-04 11:23:10,644 INFO END ylJC0C6zQ48 status_comments=ok duration=22.19s
2025-11-04 11:23:11,718 INFO START kHPYPZYqL6c (Look What This GPU Can Do Now! Intel ARC A770 Hands On)
2025-11-04 11:23:11,718 INFO yt-dlp attempt 1 for kHPYPZYqL6c (drop_extractor=False)
2025-11-04 11:23:21,166 INFO yt-dlp succeeded on attempt 1 for kHPYPZYqL6c
2025-11-04 11:23:21,176 INFO END kHPYPZYqL6c status_comments=ok duration=9.46s
2025-11-04 11:23:22,420 INFO START n55Ow3uEiZA (I Bought The Intel ARC B570, Here are my Honest Impressions.)
2025-11-04 11:23:22,420 INFO yt-dlp attempt 1 for n55Ow3uEiZA (drop_extractor=False)
2025-11-04 11:23:33,159 INFO yt-dlp succeeded on attempt 1 for n55Ow3uEiZA
2025-11-04 11:23:33,173 INFO END n55Ow3uEiZA status_comments=ok duration=10.75s
2025-11-04 11:23:35,005 INFO START wSQhoKvnt1g (GPUs have been SO BAD that Intel Caught Up --- Arc B570 Review)
2025-11-04 11:23:35,005 INFO yt-dlp attempt 1 for wSQhoKvnt1g (drop_extractor=False)
2025-11-04 11:23:55,992 INFO yt-dlp succeeded on attempt 1 for wSQhoKvnt1g
2025-11-04 11:23:56,018 INFO END wSQhoKvnt1g status_comments=ok duration=21.01s
2025-11-04 11:23:57,264 INFO START m9uK4D35FlM (Intel Arc B570 'Battlemage' GPU Review & Benchmarks, Low-End CPU Tests, & Efficiency)
2025-11-04 11:23:57,264 INFO yt-dlp attempt 1 for m9uK4D35FlM (drop_extractor=False)
2025-11-04 11:24:34,744 INFO yt-dlp succeeded on attempt 1 for m9uK4D35FlM
2025-11-04 11:24:34,779 INFO END m9uK4D35FlM status_comments=ok duration=37.52s
2025-11-04 11:24:37,763 INFO START EIiF2p7zf8E (Did Intel just dethrone AMD as the value GPU king? Arc B570 vs RX 6600- the Ultimate Comparison!!!)
2025-11-04 11:24:37,763 INFO yt-dlp attempt 1 for EIiF2p7zf8E (drop_extractor=False)
2025-11-04 11:24:53,737 INFO yt-dlp succeeded on attempt 1 for EIiF2p7zf8E
2025-11-04 11:24:53,754 INFO END EIiF2p7zf8E status_comments=ok duration=15.99s
2025-11-04 11:24:55,238 INFO START cgXFlaXeUlg (Intel Arc B570 is out! Reviewing the ASRock Challenger B570)
2025-11-04 11:24:55,238 INFO yt-dlp attempt 1 for cgXFlaXeUlg (drop_extractor=False)
2025-11-04 11:25:01,318 INFO yt-dlp succeeded on attempt 1 for cgXFlaXeUlg
2025-11-04 11:25:01,326 INFO END cgXFlaXeUlg status_comments=ok duration=6.09s
2025-11-04 11:25:03,373 INFO START 1VTQ_djJKv0 (Intel Arc B570 Review: A Budget GPU Bargain That's Too Good To Be True?)
2025-11-04 11:25:03,373 INFO yt-dlp attempt 1 for 1VTQ_djJKv0 (drop_extractor=False)
2025-11-04 11:25:14,253 INFO yt-dlp succeeded on attempt 1 for 1VTQ_djJKv0
2025-11-04 11:25:14,265 INFO END 1VTQ_djJKv0 status_comments=ok duration=10.89s
2025-11-04 11:25:17,046 INFO START SXGTu0EQMoA (Derailing the hype train - Intel Arc B570)
2025-11-04 11:25:17,046 INFO yt-dlp attempt 1 for SXGTu0EQMoA (drop_extractor=False)
2025-11-04 11:25:32,009 INFO yt-dlp succeeded on attempt 1 for SXGTu0EQMoA
2025-11-04 11:25:32,027 INFO END SXGTu0EQMoA status_comments=ok duration=14.98s
2025-11-04 11:25:34,058 INFO START buJSNbVYxVA (Intel Arc B570 Review, The New $220 GPU! 1440p Gaming Benchmarks)
2025-11-04 11:25:34,058 INFO yt-dlp attempt 1 for buJSNbVYxVA (drop_extractor=False)
2025-11-04 11:25:55,897 INFO yt-dlp succeeded on attempt 1 for buJSNbVYxVA
2025-11-04 11:25:55,920 INFO END buJSNbVYxVA status_comments=ok duration=21.86s
2025-11-04 11:25:58,883 INFO START pMlPZCgsRnA (Intel Arc B570 Review - SHOCKING UK price!)
2025-11-04 11:25:58,883 INFO yt-dlp attempt 1 for pMlPZCgsRnA (drop_extractor=False)
2025-11-04 11:26:06,167 INFO yt-dlp succeeded on attempt 1 for pMlPZCgsRnA
2025-11-04 11:26:06,175 INFO END pMlPZCgsRnA status_comments=ok duration=7.29s
2025-11-04 11:26:08,808 INFO START bjhSDXJkwUg (Is This Graphics Card The Hero We Need?)
2025-11-04 11:26:08,808 INFO yt-dlp attempt 1 for bjhSDXJkwUg (drop_extractor=False)
2025-11-04 11:26:28,353 INFO yt-dlp succeeded on attempt 1 for bjhSDXJkwUg
2025-11-04 11:26:28,372 INFO END bjhSDXJkwUg status_comments=ok duration=19.56s
2025-11-04 11:26:30,812 INFO START yKMigkGU8vI (Intel Arc B580 Review + Benchmarks: Great Performance + 12GB VRAM For $250!)
2025-11-04 11:26:30,812 INFO yt-dlp attempt 1 for yKMigkGU8vI (drop_extractor=False)
2025-11-04 11:26:49,031 INFO yt-dlp succeeded on attempt 1 for yKMigkGU8vI
2025-11-04 11:26:49,050 INFO END yKMigkGU8vI status_comments=ok duration=18.24s
2025-11-04 11:26:51,694 INFO START JjdCkSsLYLk (Intel Arc B580 'Battlemage' GPU Review & Benchmarks vs. NVIDIA RTX 4060, AMD RX 7600, & More)
2025-11-04 11:26:51,694 INFO yt-dlp attempt 1 for JjdCkSsLYLk (drop_extractor=False)
2025-11-04 11:27:37,060 INFO yt-dlp succeeded on attempt 1 for JjdCkSsLYLk
2025-11-04 11:27:37,112 INFO END JjdCkSsLYLk status_comments=ok duration=45.42s
2025-11-04 11:27:38,777 INFO START dvAVBZeNJZI (I Bought Intel's Fastest GPU to See if It's Better Than NVIDIA)
2025-11-04 11:27:38,777 INFO yt-dlp attempt 1 for dvAVBZeNJZI (drop_extractor=False)
2025-11-04 11:27:51,223 INFO yt-dlp succeeded on attempt 1 for dvAVBZeNJZI
2025-11-04 11:27:51,237 INFO END dvAVBZeNJZI status_comments=ok duration=12.46s
2025-11-04 11:27:52,827 INFO START aV_xL88vcAQ (Intel Arc B580 Review, The Best Value GPU! 1080P & 1440p Gaming Benchmarks)
2025-11-04 11:27:52,827 INFO yt-dlp attempt 1 for aV_xL88vcAQ (drop_extractor=False)
2025-11-04 11:28:32,078 INFO yt-dlp succeeded on attempt 1 for aV_xL88vcAQ
2025-11-04 11:28:32,121 INFO END aV_xL88vcAQ status_comments=ok duration=39.29s
2025-11-04 11:28:34,104 INFO START ovH5pZ-a0l4 (The Intel Arc B580 isn’t for budget gamers)
2025-11-04 11:28:34,105 INFO yt-dlp attempt 1 for ovH5pZ-a0l4 (drop_extractor=False)
2025-11-04 11:29:19,038 INFO START yU8W0v79MtE (GTX 1060 Benchmarks and Review: Nvidia Strikes Back)
2025-11-04 11:29:19,039 INFO Skipping yU8W0v79MtE (comments + info already exist)
2025-11-04 11:29:19,045 INFO END yU8W0v79MtE status_comments=ok duration=0.01s
2025-11-04 11:29:20,330 INFO START mF4S5ZaXdgE (Nvidia GTX 1060 Review - RX 480 Killer?)
2025-11-04 11:29:20,330 INFO Skipping mF4S5ZaXdgE (comments + info already exist)
2025-11-04 11:29:20,351 INFO END mF4S5ZaXdgE status_comments=ok duration=0.02s
2025-11-04 11:29:21,408 INFO START UIHduhKkt3U (No Founder's Editions... What now? - Gigabyte G1 Gaming GTX 1060 (6GB) Review)
2025-11-04 11:29:21,408 INFO Skipping UIHduhKkt3U (comments + info already exist)
2025-11-04 11:29:21,413 INFO END UIHduhKkt3U status_comments=ok duration=0.01s
2025-11-04 11:29:23,082 INFO START WtWIuaGsrjg (Nvidia GeForce GTX 1060 Review: Faster Than RX 480 and GTX 980?)
2025-11-04 11:29:23,082 INFO Skipping WtWIuaGsrjg (comments + info already exist)
2025-11-04 11:29:23,084 INFO END WtWIuaGsrjg status_comments=ok duration=0.00s
2025-11-04 11:29:25,500 INFO START Kh0aK4q7Foo (GTX 1060 Review + Benchmarks vs RX 480!)
2025-11-04 11:29:25,500 INFO Skipping Kh0aK4q7Foo (comments + info already exist)
2025-11-04 11:29:25,503 INFO END Kh0aK4q7Foo status_comments=ok duration=0.00s
2025-11-04 11:29:28,249 INFO START 697Fzb5ircM (EVGA GTX 1070 SC Review & Overclocking Benchmarks)
2025-11-04 11:29:28,249 INFO Skipping 697Fzb5ircM (comments + info already exist)
2025-11-04 11:29:28,251 INFO END 697Fzb5ircM status_comments=ok duration=0.00s
2025-11-04 11:29:30,461 INFO START rfisvPuu8QU (MSI GTX 1070 GAMING X/Z Review - How GOOD is it??)
2025-11-04 11:29:30,461 INFO Skipping rfisvPuu8QU (comments + info already exist)
2025-11-04 11:29:30,463 INFO END rfisvPuu8QU status_comments=ok duration=0.00s
2025-11-04 11:29:31,980 INFO START 4yq7VVW76VY (NVIDIA GeForce GTX 1070 Review vs. 1080, 970, 390X)
2025-11-04 11:29:31,980 INFO Skipping 4yq7VVW76VY (comments + info already exist)
2025-11-04 11:29:31,982 INFO END 4yq7VVW76VY status_comments=ok duration=0.00s
2025-11-04 11:29:34,744 INFO START epHr7Z_6nLo (Nvidia GeForce GTX 1070 Review: Can It Really Match Titan X?)
2025-11-04 11:29:34,744 INFO Skipping epHr7Z_6nLo (comments + info already exist)
2025-11-04 11:29:34,749 INFO END epHr7Z_6nLo status_comments=ok duration=0.00s
2025-11-04 11:29:35,964 INFO START rkiZdSBux9E (Nvidia GTX 1070 Performance Review - The new 1440p sweet spot?)
2025-11-04 11:29:35,964 INFO Skipping rkiZdSBux9E (comments + info already exist)
2025-11-04 11:29:35,992 INFO END rkiZdSBux9E status_comments=ok duration=0.03s
2025-11-04 11:29:37,382 INFO START ZdfAo9p9Q2k (GTX 1080 Founders Edition Review & Benchmark)
2025-11-04 11:29:37,382 INFO Skipping ZdfAo9p9Q2k (comments + info already exist)
2025-11-04 11:29:37,384 INFO END ZdfAo9p9Q2k status_comments=ok duration=0.00s
2025-11-04 11:29:38,489 INFO START 2-61Zn4Sb8Q (Nvidia GTX 1080 Performance Review - The New King)
2025-11-04 11:29:38,489 INFO Skipping 2-61Zn4Sb8Q (comments + info already exist)
2025-11-04 11:29:38,519 INFO END 2-61Zn4Sb8Q status_comments=ok duration=0.03s
2025-11-04 11:29:40,897 INFO START -ZG54Da2pMM (Nvidia GeForce GTX 1080 Review: The New GPU King)
2025-11-04 11:29:40,897 INFO Skipping -ZG54Da2pMM (comments + info already exist)
2025-11-04 11:29:40,899 INFO END -ZG54Da2pMM status_comments=ok duration=0.00s
2025-11-04 11:29:43,325 INFO START UVlT_VFI0VU (ASUS GTX 1080 Strix Review - "I wanna go fast!")
2025-11-04 11:29:43,325 INFO Skipping UVlT_VFI0VU (comments + info already exist)
2025-11-04 11:29:43,335 INFO END UVlT_VFI0VU status_comments=ok duration=0.01s
2025-11-04 11:29:44,509 INFO START ilArkYmDYEI (GIGABYTE G1 GAMING - GTX 1080 Review)
2025-11-04 11:29:44,509 INFO Skipping ilArkYmDYEI (comments + info already exist)
2025-11-04 11:29:44,510 INFO END ilArkYmDYEI status_comments=ok duration=0.00s
2025-11-04 11:29:47,455 INFO START BipVR5-YM_Y (NVidia GTX 1080 Ti Founders Edition Review & Thermal Analysis)
2025-11-04 11:29:47,455 INFO Skipping BipVR5-YM_Y (comments + info already exist)
2025-11-04 11:29:47,457 INFO END BipVR5-YM_Y status_comments=ok duration=0.00s
2025-11-04 11:29:50,325 INFO START D5r7151k2S0 (Nvidia GeForce GTX 1080 Ti Review [20 games tested @ 1080p, 1440p & 4K])
2025-11-04 11:29:50,325 INFO Skipping D5r7151k2S0 (comments + info already exist)
2025-11-04 11:29:50,329 INFO END D5r7151k2S0 status_comments=ok duration=0.00s
2025-11-04 11:29:51,562 INFO START cmjnT0wmCBo (GTX 1080 Ti Review! The Best GPU for 4K 60fps Gaming!)
2025-11-04 11:29:51,563 INFO Skipping cmjnT0wmCBo (comments + info already exist)
2025-11-04 11:29:51,569 INFO END cmjnT0wmCBo status_comments=ok duration=0.01s
2025-11-04 11:29:53,393 INFO START ghT7G_9xyDU (The Greatest GPU of All Time: NVIDIA GTX 1080 Ti & GTX 1080 2024 Revisit & History)
2025-11-04 11:29:53,393 INFO Skipping ghT7G_9xyDU (comments + info already exist)
2025-11-04 11:29:53,423 INFO END ghT7G_9xyDU status_comments=ok duration=0.03s
2025-11-04 11:29:55,696 INFO START L34ZkAF9q9w (GTX 1080 Ti Review - AMAZING)
2025-11-04 11:29:55,696 INFO Skipping L34ZkAF9q9w (comments + info already exist)
2025-11-04 11:29:55,735 INFO END L34ZkAF9q9w status_comments=ok duration=0.04s
2025-11-04 11:29:58,685 INFO START 9mxjV3cuB-c (Nvidia GeForce RTX 2060 Review: Ray Tracing For The Masses?)
2025-11-04 11:29:58,685 INFO Skipping 9mxjV3cuB-c (comments + info already exist)
2025-11-04 11:29:58,692 INFO END 9mxjV3cuB-c status_comments=ok duration=0.01s
2025-11-04 11:30:00,746 INFO START KPGYC6ndZZU (RTX 2060 Review - Finally A Reason to Buy RTX?)
2025-11-04 11:30:00,746 INFO Skipping KPGYC6ndZZU (comments + info already exist)
2025-11-04 11:30:00,750 INFO END KPGYC6ndZZU status_comments=ok duration=0.00s
2025-11-04 11:30:02,433 INFO START b4Kfrc3kk_c (NVIDIA RTX 2060 6GB Review: Overclocking, Ray-Tracing, Thermals)
2025-11-04 11:30:02,433 INFO Skipping b4Kfrc3kk_c (comments + info already exist)
2025-11-04 11:30:02,441 INFO END b4Kfrc3kk_c status_comments=ok duration=0.01s
2025-11-04 11:30:03,795 INFO START fCTieiaSMYA (Why would you even…? - Nvidia GeForce RTX 2060 Review)
2025-11-04 11:30:03,795 INFO Skipping fCTieiaSMYA (comments + info already exist)
2025-11-04 11:30:03,829 INFO END fCTieiaSMYA status_comments=ok duration=0.03s
2025-11-04 11:30:06,436 INFO START otvIXprL2LU (RTX 2060 Review, Did Nvidia Screw Us? The Possible End of Our GeForce Day One Coverage)
2025-11-04 11:30:06,436 INFO Skipping otvIXprL2LU (comments + info already exist)
2025-11-04 11:30:06,450 INFO END otvIXprL2LU status_comments=ok duration=0.01s
2025-11-04 11:30:09,295 INFO START dGpzf0uHuCc (Nvidia GeForce RTX 2070 Super & 2060 Super Review)
2025-11-04 11:30:09,295 INFO Skipping dGpzf0uHuCc (comments + info already exist)
2025-11-04 11:30:09,303 INFO END dGpzf0uHuCc status_comments=ok duration=0.01s
2025-11-04 11:30:11,531 INFO START a5-vCnUC7bM (NVIDIA RTX 2070 Super & 2060 Super Review: Killing Radeon VII)
2025-11-04 11:30:11,531 INFO Skipping a5-vCnUC7bM (comments + info already exist)
2025-11-04 11:30:11,540 INFO END a5-vCnUC7bM status_comments=ok duration=0.01s
2025-11-04 11:30:13,791 INFO START hCSTAEG-_uI (Trouble For RX 5700? RTX 2060 Super & RTX 2070 Super Review)
2025-11-04 11:30:13,791 INFO Skipping hCSTAEG-_uI (comments + info already exist)
2025-11-04 11:30:13,794 INFO END hCSTAEG-_uI status_comments=ok duration=0.00s
2025-11-04 11:30:16,053 INFO START 5CbqEKWGblE (Buy THIS Instead - RTX 2070 Review)
2025-11-04 11:30:16,053 INFO Skipping 5CbqEKWGblE (comments + info already exist)
2025-11-04 11:30:16,081 INFO END 5CbqEKWGblE status_comments=ok duration=0.03s
2025-11-04 11:30:17,537 INFO START RAcsxZfROY8 (GeForce RTX 2070 Review, 20 Game Benchmark Breakdown)
2025-11-04 11:30:17,537 INFO Skipping RAcsxZfROY8 (comments + info already exist)
2025-11-04 11:30:17,542 INFO END RAcsxZfROY8 status_comments=ok duration=0.01s
2025-11-04 11:30:20,421 INFO START FPombfzp7qw (EVGA RTX 2070 Review & Overclocking vs. GTX 970, 1070, & More)
2025-11-04 11:30:20,421 INFO Skipping FPombfzp7qw (comments + info already exist)
2025-11-04 11:30:20,427 INFO END FPombfzp7qw status_comments=ok duration=0.01s
2025-11-04 11:30:21,904 INFO START vMQK1YIbA7g (Nvidia GeForce RTX 2070 Review: The Digital Foundry Verdict)
2025-11-04 11:30:21,904 INFO Skipping vMQK1YIbA7g (comments + info already exist)
2025-11-04 11:30:21,909 INFO END vMQK1YIbA7g status_comments=ok duration=0.00s
2025-11-04 11:30:24,349 INFO START isdJJUmpNJ4 (NVIDIA RTX 2070 Review - One MESSED UP Launch!)
2025-11-04 11:30:24,349 INFO Skipping isdJJUmpNJ4 (comments + info already exist)
2025-11-04 11:30:24,352 INFO END isdJJUmpNJ4 status_comments=ok duration=0.00s
2025-11-04 11:30:26,563 INFO START bnEPBcCkM2Y (Nvidia’s New SUPER Cards! - RTX 2060 & 2070 SUPER Review)
2025-11-04 11:30:26,563 INFO Skipping bnEPBcCkM2Y (comments + info already exist)
2025-11-04 11:30:26,593 INFO END bnEPBcCkM2Y status_comments=ok duration=0.03s
2025-11-04 11:30:29,449 INFO START 9QSo2WH6Lm4 (PNY RTX 2070 Super Review - TechteamGB)
2025-11-04 11:30:29,449 INFO Skipping 9QSo2WH6Lm4 (comments + info already exist)
2025-11-04 11:30:29,450 INFO END 9QSo2WH6Lm4 status_comments=ok duration=0.00s
2025-11-04 11:30:30,916 INFO START qKzVZhfCkDU (We Need to Talk About the RTX 2070 Super)
2025-11-04 11:30:30,916 INFO Skipping qKzVZhfCkDU (comments + info already exist)
2025-11-04 11:30:30,921 INFO END qKzVZhfCkDU status_comments=ok duration=0.01s
2025-11-04 11:30:32,827 INFO START o1DoG6uTYBg (This Seems Rushed... - GeForce RTX Review)
2025-11-04 11:30:32,827 INFO Skipping o1DoG6uTYBg (comments + info already exist)
2025-11-04 11:30:32,872 INFO END o1DoG6uTYBg status_comments=ok duration=0.04s
2025-11-04 11:30:35,646 INFO START jUM_eINGUl4 (RTX 2080 Founders Edition Review, Overclocking, & Benchmarks)
2025-11-04 11:30:35,646 INFO Skipping jUM_eINGUl4 (comments + info already exist)
2025-11-04 11:30:35,653 INFO END jUM_eINGUl4 status_comments=ok duration=0.01s
2025-11-04 11:30:38,378 INFO START cxuoDyjemdA (Nvidia GeForce RTX 2080 Super Review, We Miss The 1080 Ti)
2025-11-04 11:30:38,387 INFO Skipping cxuoDyjemdA (comments + info already exist)
2025-11-04 11:30:38,394 INFO END cxuoDyjemdA status_comments=ok duration=0.02s
2025-11-04 11:30:40,983 INFO START lVfhtALejUQ (Too Good for Turing - MSI's RTX 2080 Gaming X Trio Tested!)
2025-11-04 11:30:40,983 INFO Skipping lVfhtALejUQ (comments + info already exist)
2025-11-04 11:30:40,986 INFO END lVfhtALejUQ status_comments=ok duration=0.00s
2025-11-04 11:30:43,837 INFO START Ny4ksthFzpk (Nvidia's RTX 2080 Series Review Breakdown)
2025-11-04 11:30:43,838 INFO Skipping Ny4ksthFzpk (comments + info already exist)
2025-11-04 11:30:43,838 INFO END Ny4ksthFzpk status_comments=ok duration=0.00s
2025-11-04 11:30:46,745 INFO START kM4DIjEdGCE (AVOID This One? RTX 2080 Super Review & Gaming Benchmarks)
2025-11-04 11:30:46,745 INFO Skipping kM4DIjEdGCE (comments + info already exist)
2025-11-04 11:30:46,750 INFO END kM4DIjEdGCE status_comments=ok duration=0.01s
2025-11-04 11:30:48,436 INFO START Qeb3IhsZSCM (NVIDIA RTX 2080 Super Review: We Get It, NVIDIA, You Can Make a 1080 Ti)
2025-11-04 11:30:48,436 INFO Skipping Qeb3IhsZSCM (comments + info already exist)
2025-11-04 11:30:48,449 INFO END Qeb3IhsZSCM status_comments=ok duration=0.01s
2025-11-04 11:30:49,856 INFO START XTmSP_DBopY (Nvidia RTX 2080 SUPER Review - with MSI's Gaming X Trio!)
2025-11-04 11:30:49,856 INFO Skipping XTmSP_DBopY (comments + info already exist)
2025-11-04 11:30:49,857 INFO END XTmSP_DBopY status_comments=ok duration=0.00s
2025-11-04 11:30:52,542 INFO START pgEI4tzh0dc (Nvidia GeForce RTX 2080/ RTX 2080 Ti Review: True Next-Gen Graphics Architecture?)
2025-11-04 11:30:52,542 INFO Skipping pgEI4tzh0dc (comments + info already exist)
2025-11-04 11:30:52,548 INFO END pgEI4tzh0dc status_comments=ok duration=0.01s
2025-11-04 11:30:53,619 INFO START dLjQR0UFUd0 (GeForce RTX 2080 & 2080 Ti Review, I Was WRONG!)
2025-11-04 11:30:53,619 INFO Skipping dLjQR0UFUd0 (comments + info already exist)
2025-11-04 11:30:53,627 INFO END dLjQR0UFUd0 status_comments=ok duration=0.01s
2025-11-04 11:30:55,892 INFO START 4r8g1NaWDBQ (RTX 2080 Ti & RTX 2080 Review - Benchmarks & OVERCLOCKING!)
2025-11-04 11:30:55,892 INFO Skipping 4r8g1NaWDBQ (comments + info already exist)
2025-11-04 11:30:55,897 INFO END 4r8g1NaWDBQ status_comments=ok duration=0.00s
2025-11-04 11:30:58,845 INFO START LoPfkaSKIVo (NVIDIA Needs to STOP - RTX 3050 & Misleading Branding)
2025-11-04 11:30:58,846 INFO Skipping LoPfkaSKIVo (comments + info already exist)
2025-11-04 11:30:58,865 INFO END LoPfkaSKIVo status_comments=ok duration=0.02s
2025-11-04 11:30:59,952 INFO START eob0o3wUqIw (Is the Cheapest RTX GPU Worth It? RTX 3050 Review)
2025-11-04 11:30:59,952 INFO Skipping eob0o3wUqIw (comments + info already exist)
2025-11-04 11:30:59,955 INFO END eob0o3wUqIw status_comments=ok duration=0.00s
2025-11-04 11:31:02,908 INFO START r2NNegA77uA (NVIDIA GeForce RTX 3050 GPU Review & Benchmarks)
2025-11-04 11:31:02,908 INFO Skipping r2NNegA77uA (comments + info already exist)
2025-11-04 11:31:02,922 INFO END r2NNegA77uA status_comments=ok duration=0.01s
2025-11-04 11:31:05,166 INFO START kXGnLjwbOBY (Nvidia GeForce RTX 3050 Review, The Bare Minimum Edition)
2025-11-04 11:31:05,166 INFO Skipping kXGnLjwbOBY (comments + info already exist)
2025-11-04 11:31:05,173 INFO END kXGnLjwbOBY status_comments=ok duration=0.01s
2025-11-04 11:31:07,539 INFO START SlobQZECwxE (Your next GPU - RTX 3050)
2025-11-04 11:31:07,539 INFO Skipping SlobQZECwxE (comments + info already exist)
2025-11-04 11:31:07,558 INFO END SlobQZECwxE status_comments=ok duration=0.02s
2025-11-04 11:31:10,273 INFO START 3C-RoDtqdJ8 (NVIDIA RTX 3060 GPU Review & Benchmarks: Aaand It's Gone)
2025-11-04 11:31:10,273 INFO Skipping 3C-RoDtqdJ8 (comments + info already exist)
2025-11-04 11:31:10,289 INFO END 3C-RoDtqdJ8 status_comments=ok duration=0.02s
2025-11-04 11:31:13,114 INFO START kAJAViPWR_8 (I'm still mad… but buy it anyway - RTX 3060 Review)
2025-11-04 11:31:13,114 INFO Skipping kAJAViPWR_8 (comments + info already exist)
2025-11-04 11:31:13,170 INFO END kAJAViPWR_8 status_comments=ok duration=0.06s
2025-11-04 11:31:15,225 INFO START 8rz32GVndEM (Nvidia GeForce RTX 3060 Review, Better Late Than Never Right?)
2025-11-04 11:31:15,225 INFO Skipping 8rz32GVndEM (comments + info already exist)
2025-11-04 11:31:15,235 INFO END 8rz32GVndEM status_comments=ok duration=0.01s
2025-11-04 11:31:17,005 INFO START H1DApIvOCMw (My SALTY Review of the NVIDIA RTX 3060…)
2025-11-04 11:31:17,006 INFO Skipping H1DApIvOCMw (comments + info already exist)
2025-11-04 11:31:17,046 INFO END H1DApIvOCMw status_comments=ok duration=0.04s
2025-11-04 11:31:19,503 INFO START Ayge2grIeDE (NVIDIA RTX 3060 Review - Time to Upgrade GTX 1060 & GTX 960?)
2025-11-04 11:31:19,512 INFO Skipping Ayge2grIeDE (comments + info already exist)
2025-11-04 11:31:19,522 INFO END Ayge2grIeDE status_comments=ok duration=0.02s
2025-11-04 11:31:21,922 INFO START JfASASNLgIk (Nvidia GeForce RTX 3060 Ti Review: Faster than 2080 Super, Easily Beats 1080 Ti)
2025-11-04 11:31:21,922 INFO Skipping JfASASNLgIk (comments + info already exist)
2025-11-04 11:31:21,929 INFO END JfASASNLgIk status_comments=ok duration=0.01s
2025-11-04 11:31:23,346 INFO START oGyWz866AoM (Merry Christmas, scalpers! - RTX 3060 Ti Review)
2025-11-04 11:31:23,346 INFO Skipping oGyWz866AoM (comments + info already exist)
2025-11-04 11:31:23,375 INFO END oGyWz866AoM status_comments=ok duration=0.03s
2025-11-04 11:31:25,673 INFO START t9H2PfYDFok (NVIDIA GeForce RTX 3060 Ti Founders Edition Review: Gaming, Thermals, Noise, & Power Benchmarks)
2025-11-04 11:31:25,673 INFO Skipping t9H2PfYDFok (comments + info already exist)
2025-11-04 11:31:25,687 INFO END t9H2PfYDFok status_comments=ok duration=0.01s
2025-11-04 11:31:27,628 INFO START Mya3ZvVRTRg (RTX 3070 Review - Worth the $500?)
2025-11-04 11:31:27,628 INFO Skipping Mya3ZvVRTRg (comments + info already exist)
2025-11-04 11:31:27,635 INFO END Mya3ZvVRTRg status_comments=ok duration=0.01s
2025-11-04 11:31:29,616 INFO START ul8F0MmRpmY (Nvidia GeForce RTX 3070 Review: Is It Really As Fast As 2080 Ti?)
2025-11-04 11:31:29,617 INFO Skipping ul8F0MmRpmY (comments + info already exist)
2025-11-04 11:31:29,624 INFO END ul8F0MmRpmY status_comments=ok duration=0.01s
2025-11-04 11:31:31,652 INFO START 3XaOeLPztN4 (I'm DONE covering for NVIDIA - RTX 3070 Review)
2025-11-04 11:31:31,652 INFO Skipping 3XaOeLPztN4 (comments + info already exist)
2025-11-04 11:31:31,693 INFO END 3XaOeLPztN4 status_comments=ok duration=0.04s
2025-11-04 11:31:34,433 INFO START NbZDERlshbQ (NVIDIA GeForce RTX 3070 Founders Edition Review: Gaming, Thermals, Noise, & Power Benchmarks)
2025-11-04 11:31:34,433 INFO Skipping NbZDERlshbQ (comments + info already exist)
2025-11-04 11:31:34,441 INFO END NbZDERlshbQ status_comments=ok duration=0.01s
2025-11-04 11:31:36,813 INFO START UFAfOqTzc18 (GeForce RTX 3070 Benchmark Review)
2025-11-04 11:31:36,813 INFO Skipping UFAfOqTzc18 (comments + info already exist)
2025-11-04 11:31:36,823 INFO END UFAfOqTzc18 status_comments=ok duration=0.01s
2025-11-04 11:31:37,923 INFO START ThfeEjogy4Y (PLEASE Don't Waste Your Money! - Nvidia RTX 3070 Review & Overclocking! (Gameplay Benchmarks))
2025-11-04 11:31:37,923 INFO Skipping ThfeEjogy4Y (comments + info already exist)
2025-11-04 11:31:37,929 INFO END ThfeEjogy4Y status_comments=ok duration=0.01s
2025-11-04 11:31:40,373 INFO START zC0TbZq_oIU (People Will Literally Fight Over This - RTX 3070 Ti Review)
2025-11-04 11:31:40,373 INFO Skipping zC0TbZq_oIU (comments + info already exist)
2025-11-04 11:31:40,396 INFO END zC0TbZq_oIU status_comments=ok duration=0.02s
2025-11-04 11:31:42,966 INFO START dQJwjxUB0LU (Gaslighting GPU Buyers: NVIDIA RTX 3070 Ti Review & Benchmarks)
2025-11-04 11:31:42,966 INFO Skipping dQJwjxUB0LU (comments + info already exist)
2025-11-04 11:31:42,988 INFO END dQJwjxUB0LU status_comments=ok duration=0.02s
2025-11-04 11:31:45,045 INFO START csSmiaR3RVE (Nvidia GeForce RTX 3080 Review)
2025-11-04 11:31:45,059 INFO Skipping csSmiaR3RVE (comments + info already exist)
2025-11-04 11:31:45,078 INFO END csSmiaR3RVE status_comments=ok duration=0.03s
2025-11-04 11:31:46,872 INFO START k7FlXu9dAMU (Nvidia GeForce RTX 3080 Review: Brute Force Power Delivers Huge Performance)
2025-11-04 11:31:46,872 INFO Skipping k7FlXu9dAMU (comments + info already exist)
2025-11-04 11:31:46,882 INFO END k7FlXu9dAMU status_comments=ok duration=0.01s
2025-11-04 11:31:49,294 INFO START HybxSfUtvgY (My Nvidia RTX 3080 Review!)
2025-11-04 11:31:49,294 INFO Skipping HybxSfUtvgY (comments + info already exist)
2025-11-04 11:31:49,303 INFO END HybxSfUtvgY status_comments=ok duration=0.01s
2025-11-04 11:31:50,773 INFO START oTeXh9x0sUc (NVIDIA GeForce RTX 3080 Founders Edition Review: Gaming, Thermals, Noise, & Power Benchmarks)
2025-11-04 11:31:50,773 INFO Skipping oTeXh9x0sUc (comments + info already exist)
2025-11-04 11:31:50,796 INFO END oTeXh9x0sUc status_comments=ok duration=0.02s
2025-11-04 11:31:52,710 INFO START AG_ZHi3tuyk (Nvidia, you PROMISED! - RTX 3080 Review)
2025-11-04 11:31:52,710 INFO Skipping AG_ZHi3tuyk (comments + info already exist)
2025-11-04 11:31:52,763 INFO END AG_ZHi3tuyk status_comments=ok duration=0.05s
2025-11-04 11:31:53,777 INFO START qHqesWMY9OU (NVIDIA RTX 3080 Ti Review - NOT a New Hope for Gamers)
2025-11-04 11:31:53,777 INFO Skipping qHqesWMY9OU (comments + info already exist)
2025-11-04 11:31:53,780 INFO END qHqesWMY9OU status_comments=ok duration=0.00s
2025-11-04 11:31:55,403 INFO START HI7xjsX9o9M (Nvidia GeForce RTX 3080 Ti Review: Big Performance, Extreme Price Tag)
2025-11-04 11:31:55,403 INFO Skipping HI7xjsX9o9M (comments + info already exist)
2025-11-04 11:31:55,408 INFO END HI7xjsX9o9M status_comments=ok duration=0.00s
2025-11-04 11:31:57,738 INFO START n4_4SKtq_Gs (GeForce RTX 3080 Ti Review, Nvidia Fails to Read the Room)
2025-11-04 11:31:57,738 INFO yt-dlp attempt 1 for n4_4SKtq_Gs (drop_extractor=False)
2025-11-04 11:32:32,016 INFO yt-dlp succeeded on attempt 1 for n4_4SKtq_Gs
2025-11-04 11:32:32,048 INFO END n4_4SKtq_Gs status_comments=ok duration=34.31s
2025-11-04 11:32:34,532 INFO START jgLOfZaV3Ac (RTX 3090 Review - 33 Million Pixel Gaming)
2025-11-04 11:32:34,533 INFO Skipping jgLOfZaV3Ac (comments + info already exist)
2025-11-04 11:32:34,540 INFO END jgLOfZaV3Ac status_comments=ok duration=0.01s
2025-11-04 11:32:36,322 INFO START PTs1gHqvcjs (GeForce RTX 3090 Review, Insert 8K Gaming Meme!)
2025-11-04 11:32:36,322 INFO Skipping PTs1gHqvcjs (comments + info already exist)
2025-11-04 11:32:36,329 INFO END PTs1gHqvcjs status_comments=ok duration=0.01s
2025-11-04 11:32:37,395 INFO START Xgs-VbqsuKo (NVIDIA RTX 3090 Founders Edition Review: How to Nuke Your Launch)
2025-11-04 11:32:37,395 INFO Skipping Xgs-VbqsuKo (comments + info already exist)
2025-11-04 11:32:37,422 INFO END Xgs-VbqsuKo status_comments=ok duration=0.03s
2025-11-04 11:32:38,963 INFO START YjcxrfEVhc8 (Making Nvidia’s CEO mad - RTX 3090 Review)
2025-11-04 11:32:38,963 INFO Skipping YjcxrfEVhc8 (comments + info already exist)
2025-11-04 11:32:39,010 INFO END YjcxrfEVhc8 status_comments=ok duration=0.05s
2025-11-04 11:32:41,313 INFO START HeiPdaTQTfo (RTX 3090 Review – The 3080 is Too Fast?)
2025-11-04 11:32:41,313 INFO Skipping HeiPdaTQTfo (comments + info already exist)
2025-11-04 11:32:41,317 INFO END HeiPdaTQTfo status_comments=ok duration=0.00s
2025-11-04 11:32:43,966 INFO START DDcA0c-Ahq0 (Nvidia missed the memo - GeForce RTX 3090 Ti)
2025-11-04 11:32:43,966 INFO Skipping DDcA0c-Ahq0 (comments + info already exist)
2025-11-04 11:32:43,989 INFO END DDcA0c-Ahq0 status_comments=ok duration=0.02s
2025-11-04 11:32:45,234 INFO START HWS9G2WT42Q (EVGA RTX 3090 Ti FTW3 Review & Benchmarks: Power, Thermals, & Overclocking)
2025-11-04 11:32:45,234 INFO Skipping HWS9G2WT42Q (comments + info already exist)
2025-11-04 11:32:45,246 INFO END HWS9G2WT42Q status_comments=ok duration=0.01s
2025-11-04 11:32:46,329 INFO START CE8ssnSqgZg (Milking Buyers' Wallets: Nvidia GeForce RTX 3090 Ti Review)
2025-11-04 11:32:46,329 INFO Skipping CE8ssnSqgZg (comments + info already exist)
2025-11-04 11:32:46,339 INFO END CE8ssnSqgZg status_comments=ok duration=0.01s
2025-11-04 11:32:48,986 INFO START SLm8qq9v8Q4 (FINALLY a CHEAP GPU for CREATORS, RIGHT?! | Zotac RTX 4060 vs RTX 3060 Review)
2025-11-04 11:32:48,986 INFO Skipping SLm8qq9v8Q4 (comments + info already exist)
2025-11-04 11:32:48,989 INFO END SLm8qq9v8Q4 status_comments=ok duration=0.00s
2025-11-04 11:32:51,373 INFO START By7plJMS780 (The RTX 4060 Review is here!! - $299? (Should you buy?))
2025-11-04 11:32:51,373 INFO Skipping By7plJMS780 (comments + info already exist)
2025-11-04 11:32:51,375 INFO END By7plJMS780 status_comments=ok duration=0.00s
2025-11-04 11:32:52,798 INFO START 7ae7XrIbmao (Nvidia Clown Themselves… Again! GeForce RTX 4060 Review)
2025-11-04 11:32:52,798 INFO Skipping 7ae7XrIbmao (comments + info already exist)
2025-11-04 11:32:52,811 INFO END 7ae7XrIbmao status_comments=ok duration=0.01s
2025-11-04 11:32:53,942 INFO START WS0sfOb_sVM (NVIDIA GeForce RTX 4060 GPU Review & Benchmarks | Prices Keep Falling)
2025-11-04 11:32:53,942 INFO Skipping WS0sfOb_sVM (comments + info already exist)
2025-11-04 11:32:53,953 INFO END WS0sfOb_sVM status_comments=ok duration=0.01s
2025-11-04 11:32:56,356 INFO START O0srjKOOR4g (I’m actually getting MAD now. – RTX 4060 Review)
2025-11-04 11:32:56,356 INFO Skipping O0srjKOOR4g (comments + info already exist)
2025-11-04 11:32:56,395 INFO END O0srjKOOR4g status_comments=ok duration=0.04s
2025-11-04 11:32:58,649 INFO START _B6vtMa-US4 (THANK YOU NVIDIA!! - RTX 4060 Ti Review)
2025-11-04 11:32:58,649 INFO Skipping _B6vtMa-US4 (comments + info already exist)
2025-11-04 11:32:58,672 INFO END _B6vtMa-US4 status_comments=ok duration=0.02s
2025-11-04 11:32:59,744 INFO START WLk8xzePDg8 (Laughably Bad at $400: Nvidia GeForce RTX 4060 Ti Review)
2025-11-04 11:32:59,744 INFO Skipping WLk8xzePDg8 (comments + info already exist)
2025-11-04 11:32:59,764 INFO END WLk8xzePDg8 status_comments=ok duration=0.02s
2025-11-04 11:33:00,810 INFO START Y2b0MWGwK_U (Do Not Buy: NVIDIA GeForce RTX 4060 Ti 8GB GPU Review & Benchmarks)
2025-11-04 11:33:00,810 INFO Skipping Y2b0MWGwK_U (comments + info already exist)
2025-11-04 11:33:00,844 INFO END Y2b0MWGwK_U status_comments=ok duration=0.03s
2025-11-04 11:33:03,680 INFO START zIy1oYNv3mk (Is The RTX 4070 Worth It? 🤔 | Gigabyte Gaming OC Review & Gameplay Benchmarks)
2025-11-04 11:33:03,680 INFO Skipping zIy1oYNv3mk (comments + info already exist)
2025-11-04 11:33:03,683 INFO END zIy1oYNv3mk status_comments=ok duration=0.00s
2025-11-04 11:33:04,757 INFO START BQPiN_Cx0xU (RTX 4070 Review (Asus Dual) - Peak Mid at $599. Nuff said.)
2025-11-04 11:33:04,757 INFO Skipping BQPiN_Cx0xU (comments + info already exist)
2025-11-04 11:33:04,759 INFO END BQPiN_Cx0xU status_comments=ok duration=0.00s
2025-11-04 11:33:06,955 INFO START GZIoWlGlH_M (So I tried the new RTX 4070..)
2025-11-04 11:33:06,955 INFO Skipping GZIoWlGlH_M (comments + info already exist)
2025-11-04 11:33:06,960 INFO END GZIoWlGlH_M status_comments=ok duration=0.00s
2025-11-04 11:33:09,743 INFO START uZHDq-LEGzw (NVIDIA RTX 4070 Founders Edition GPU Review & Benchmarks)
2025-11-04 11:33:09,743 INFO Skipping uZHDq-LEGzw (comments + info already exist)
2025-11-04 11:33:09,760 INFO END uZHDq-LEGzw status_comments=ok duration=0.02s
2025-11-04 11:33:11,827 INFO START nkh9VGCY8as (I’m Dreading this Review – RTX 4070)
2025-11-04 11:33:11,827 INFO Skipping nkh9VGCY8as (comments + info already exist)
2025-11-04 11:33:11,855 INFO END nkh9VGCY8as status_comments=ok duration=0.03s
2025-11-04 11:33:14,215 INFO START 9GdmDvG_rQY (The RTX 4070 Super Review - Things are FINALLY looking Up!)
2025-11-04 11:33:14,215 INFO Skipping 9GdmDvG_rQY (comments + info already exist)
2025-11-04 11:33:14,217 INFO END 9GdmDvG_rQY status_comments=ok duration=0.00s
2025-11-04 11:33:16,817 INFO START HT8UmPrQYvk (Nvidia GeForce RTX 4070 Super Review - Finally Good Value?)
2025-11-04 11:33:16,817 INFO Skipping HT8UmPrQYvk (comments + info already exist)
2025-11-04 11:33:16,828 INFO END HT8UmPrQYvk status_comments=ok duration=0.01s
2025-11-04 11:33:19,300 INFO START jKmmugnOEME (Nvidia is lying to you - RTX 4070 Ti Full Review)
2025-11-04 11:33:19,300 INFO Skipping jKmmugnOEME (comments + info already exist)
2025-11-04 11:33:19,337 INFO END jKmmugnOEME status_comments=ok duration=0.04s
2025-11-04 11:33:21,687 INFO START 1mE5aveN4Bo ($800 Meh, Nvidia GeForce RTX 4070 Ti Review & Benchmarks)
2025-11-04 11:33:21,687 INFO Skipping 1mE5aveN4Bo (comments + info already exist)
2025-11-04 11:33:21,701 INFO END 1mE5aveN4Bo status_comments=ok duration=0.01s
2025-11-04 11:33:24,598 INFO START N-FMPbm5CNM (NVIDIA's Rip-Off - RTX 4070 Ti Review & Benchmarks)
2025-11-04 11:33:24,598 INFO Skipping N-FMPbm5CNM (comments + info already exist)
2025-11-04 11:33:24,631 INFO END N-FMPbm5CNM status_comments=ok duration=0.03s
2025-11-04 11:33:26,673 INFO START QruyaA0ZrLk (NVIDIA GeForce RTX 4070 Ti Super GPU Review & Benchmarks: Power Efficiency & Gaming)
2025-11-04 11:33:26,673 INFO Skipping QruyaA0ZrLk (comments + info already exist)
2025-11-04 11:33:26,682 INFO END QruyaA0ZrLk status_comments=ok duration=0.01s
2025-11-04 11:33:28,722 INFO START ePbKc6THvCM (Nvidia GeForce RTX 4070 Ti Super Review, Now With 16GB Of VRAM!)
2025-11-04 11:33:28,722 INFO Skipping ePbKc6THvCM (comments + info already exist)
2025-11-04 11:33:28,730 INFO END ePbKc6THvCM status_comments=ok duration=0.01s
2025-11-04 11:33:29,769 INFO START T8lS4v3-Nyg (This is NOT OK, NVIDIA! RTX 4080 Review & Benchmarks)
2025-11-04 11:33:29,769 INFO Skipping T8lS4v3-Nyg (comments + info already exist)
2025-11-04 11:33:29,775 INFO END T8lS4v3-Nyg status_comments=ok duration=0.01s
2025-11-04 11:33:30,986 INFO START dI7RbdwlhCU (NVIDIA RTX 4080 Review - Before You Buy..)
2025-11-04 11:33:30,986 INFO Skipping dI7RbdwlhCU (comments + info already exist)
2025-11-04 11:33:30,988 INFO END dI7RbdwlhCU status_comments=ok duration=0.00s
2025-11-04 11:33:32,861 INFO START l6vn6Cpd4Yc (RTX 4080 Is Here! Nvidia GeForce RTX 4080 Review & Benchmarks)
2025-11-04 11:33:32,861 INFO Skipping l6vn6Cpd4Yc (comments + info already exist)
2025-11-04 11:33:32,870 INFO END l6vn6Cpd4Yc status_comments=ok duration=0.01s
2025-11-04 11:33:35,293 INFO START 3bupXxjx0Js (Nvidia GeForce RTX 4080 Review: Great Performance, Poor Pricing)
2025-11-04 11:33:35,293 INFO Skipping 3bupXxjx0Js (comments + info already exist)
2025-11-04 11:33:35,300 INFO END 3bupXxjx0Js status_comments=ok duration=0.01s
2025-11-04 11:33:36,839 INFO START i2_xTUshy94 (NVIDIA’s Lost It: RTX 4080 16GB GPU Review & Benchmarks)
2025-11-04 11:33:36,839 INFO Skipping i2_xTUshy94 (comments + info already exist)
2025-11-04 11:33:36,867 INFO END i2_xTUshy94 status_comments=ok duration=0.03s
2025-11-04 11:33:38,071 INFO START fyUZ1cp4RnI ("New" But Not New - Nvidia GeForce RTX 4080 Super Review)
2025-11-04 11:33:38,071 INFO Skipping fyUZ1cp4RnI (comments + info already exist)
2025-11-04 11:33:38,081 INFO END fyUZ1cp4RnI status_comments=ok duration=0.01s
2025-11-04 11:33:40,496 INFO START WCIEzrFwKzM (More Price Cut Than Upgrade: Nvidia GeForce RTX 4080 Super Review - Is The Price Finally Right?)
2025-11-04 11:33:40,496 INFO Skipping WCIEzrFwKzM (comments + info already exist)
2025-11-04 11:33:40,499 INFO END WCIEzrFwKzM status_comments=ok duration=0.00s
2025-11-04 11:33:42,085 INFO START 8p6FhTBol18 (Lame, But Cheaper: NVIDIA RTX 4080 Super Review, Benchmark Comparison, & Value Discussion)
2025-11-04 11:33:42,085 INFO Skipping 8p6FhTBol18 (comments + info already exist)
2025-11-04 11:33:42,099 INFO END 8p6FhTBol18 status_comments=ok duration=0.01s
2025-11-04 11:33:44,914 INFO START kWGQ432O3Z4 (Beast Mode – NVIDIA RTX 4090 Review)
2025-11-04 11:33:44,914 INFO Skipping kWGQ432O3Z4 (comments + info already exist)
2025-11-04 11:33:44,917 INFO END kWGQ432O3Z4 status_comments=ok duration=0.00s
2025-11-04 11:33:47,401 INFO START j9vC9NBL8zo (NVIDIA GeForce RTX 4090 Founders Edition Review & Benchmarks: Gaming, Power, & Thermals)
2025-11-04 11:33:47,401 INFO Skipping j9vC9NBL8zo (comments + info already exist)
2025-11-04 11:33:47,421 INFO END j9vC9NBL8zo status_comments=ok duration=0.02s
2025-11-04 11:33:49,048 INFO START aQklDR8nv8U (GeForce RTX 4090 Review, Nvidia's Stupid Fast GPU!)
2025-11-04 11:33:49,104 INFO Skipping aQklDR8nv8U (comments + info already exist)
2025-11-04 11:33:49,138 INFO END aQklDR8nv8U status_comments=ok duration=0.09s
2025-11-04 11:33:51,664 INFO START glz5B-4IlKE (Nvidia GeForce RTX 4090 Review: The Next Level In Graphics Performance)
2025-11-04 11:33:51,664 INFO Skipping glz5B-4IlKE (comments + info already exist)
2025-11-04 11:33:51,674 INFO END glz5B-4IlKE status_comments=ok duration=0.01s
2025-11-04 11:33:52,989 INFO START THxkY59_xko (Is the fastest GPU ALWAYS the best? RTX 4090 Review)
2025-11-04 11:33:52,989 INFO Skipping THxkY59_xko (comments + info already exist)
2025-11-04 11:33:53,015 INFO END THxkY59_xko status_comments=ok duration=0.03s
2025-11-04 11:33:55,089 INFO START p89yUxn1E6k (I Got Nvidia's Best New "Budget" GPU to See if it's Actually that Bad)
2025-11-04 11:33:55,089 INFO Skipping p89yUxn1E6k (comments + info already exist)
2025-11-04 11:33:55,095 INFO END p89yUxn1E6k status_comments=ok duration=0.01s
2025-11-04 11:33:56,621 INFO START OibVY-q2SAw (Is NVIDIA Even Trying - GeForce RTX 5050 Gaming GPU Review)
2025-11-04 11:33:56,621 INFO Skipping OibVY-q2SAw (comments + info already exist)
2025-11-04 11:33:56,633 INFO END OibVY-q2SAw status_comments=ok duration=0.01s
2025-11-04 11:33:58,282 INFO START caU0RG0mNHg (NVIDIA's Exploitation | Waste of Sand RTX "5050" for $250)
2025-11-04 11:33:58,282 INFO Skipping caU0RG0mNHg (comments + info already exist)
2025-11-04 11:33:58,305 INFO END caU0RG0mNHg status_comments=ok duration=0.02s
2025-11-04 11:34:00,716 INFO START B93XAEHlGvI (Nvidia Did It Again…. RTX 5050 Review)
2025-11-04 11:34:00,716 INFO Skipping B93XAEHlGvI (comments + info already exist)
2025-11-04 11:34:00,727 INFO END B93XAEHlGvI status_comments=ok duration=0.01s
2025-11-04 11:34:02,420 INFO START lf6dj9OYKE4 (RTX 5060 8GB - The Gameplay Review at 1080p!)
2025-11-04 11:34:02,420 INFO Skipping lf6dj9OYKE4 (comments + info already exist)
2025-11-04 11:34:02,425 INFO END lf6dj9OYKE4 status_comments=ok duration=0.01s
2025-11-04 11:34:04,875 INFO START fGn-_qj76sk (RTX 5060 Review... No wonder NVIDIA tried to stop us from talking about it!)
2025-11-04 11:34:04,875 INFO Skipping fGn-_qj76sk (comments + info already exist)
2025-11-04 11:34:04,891 INFO END fGn-_qj76sk status_comments=ok duration=0.02s
2025-11-04 11:34:05,968 INFO START 2e1a2-VxxvQ (GeForce RTX 5060 Review - Nvidia Didn't Want You to See This)
2025-11-04 11:34:05,968 INFO Skipping 2e1a2-VxxvQ (comments + info already exist)
2025-11-04 11:34:05,988 INFO END 2e1a2-VxxvQ status_comments=ok duration=0.02s
2025-11-04 11:34:07,563 INFO START 9K6VIhA7atw (The RTX 5060 Is Better AND Worse Than You Think)
2025-11-04 11:34:07,563 INFO Skipping 9K6VIhA7atw (comments + info already exist)
2025-11-04 11:34:07,565 INFO END 9K6VIhA7atw status_comments=ok duration=0.00s
2025-11-04 11:34:10,274 INFO START Z0jjxWRcp_0 (Forbidden Review: NVIDIA RTX 5060 GPU Benchmarks)
2025-11-04 11:34:10,274 INFO Skipping Z0jjxWRcp_0 (comments + info already exist)
2025-11-04 11:34:10,289 INFO END Z0jjxWRcp_0 status_comments=ok duration=0.01s
2025-11-04 11:34:11,303 INFO START B6qZwJsp5X4 (GeForce RTX 5060 Ti 16GB Review & Benchmarks - Not Great, Not Terrible)
2025-11-04 11:34:11,303 INFO Skipping B6qZwJsp5X4 (comments + info already exist)
2025-11-04 11:34:11,309 INFO END B6qZwJsp5X4 status_comments=ok duration=0.01s
2025-11-04 11:34:12,435 INFO START Cskegn1-D7s (More Marketing BS: NVIDIA GeForce RTX 5060 Ti Review & Benchmarks vs GTX 1060, 4060 Ti, & More)
2025-11-04 11:34:12,435 INFO Skipping Cskegn1-D7s (comments + info already exist)
2025-11-04 11:34:12,445 INFO END Cskegn1-D7s status_comments=ok duration=0.01s
2025-11-04 11:34:14,242 INFO START vBVLnN5UGvk (I finally understand where we went wrong... 5060Ti Full Review!)
2025-11-04 11:34:14,242 INFO Skipping vBVLnN5UGvk (comments + info already exist)
2025-11-04 11:34:14,250 INFO END vBVLnN5UGvk status_comments=ok duration=0.01s
2025-11-04 11:34:16,256 INFO START IvzECuzFvp0 (If you came here for 50x better performance... - Nvidia RTX 5060Ti 16GB)
2025-11-04 11:34:16,256 INFO Skipping IvzECuzFvp0 (comments + info already exist)
2025-11-04 11:34:16,262 INFO END IvzECuzFvp0 status_comments=ok duration=0.01s
2025-11-04 11:34:17,520 INFO START AdZoa6Gzl6s (RTX 5060 Ti 8GB - Instantly Obsolete, Nvidia Screws Gamers)
2025-11-04 11:34:17,521 INFO Skipping AdZoa6Gzl6s (comments + info already exist)
2025-11-04 11:34:17,561 INFO END AdZoa6Gzl6s status_comments=ok duration=0.04s
2025-11-04 11:34:20,129 INFO START nldUI2yQomw (Nvidia RTX 5070 Review + Benchmarks: DLSS 4 Doesn't Deliver 4090 Performance)
2025-11-04 11:34:20,131 INFO Skipping nldUI2yQomw (comments + info already exist)
2025-11-04 11:34:20,136 INFO END nldUI2yQomw status_comments=ok duration=0.01s
2025-11-04 11:34:21,235 INFO START qPGDVh_cQb0 (Worst 70 Series Ever, GeForce RTX 5070 Review)
2025-11-04 11:34:21,235 INFO Skipping qPGDVh_cQb0 (comments + info already exist)
2025-11-04 11:34:21,250 INFO END qPGDVh_cQb0 status_comments=ok duration=0.02s
2025-11-04 11:34:23,985 INFO START rUaztYdgoj0 (This is a 4090 Killer… and I’m a Liar - RTX 5070 Review)
2025-11-04 11:34:23,985 INFO Skipping rUaztYdgoj0 (comments + info already exist)
2025-11-04 11:34:24,007 INFO END rUaztYdgoj0 status_comments=ok duration=0.02s
2025-11-04 11:34:26,378 INFO START ntSylZ1Bp1Y (NVIDIA is Selling Lies | RTX 5070 Founders Edition Review & Benchmarks)
2025-11-04 11:34:26,378 INFO Skipping ntSylZ1Bp1Y (comments + info already exist)
2025-11-04 11:34:26,405 INFO END ntSylZ1Bp1Y status_comments=ok duration=0.03s
2025-11-04 11:34:27,813 INFO START UxvmfEZkvc8 (This isn't going to age well... RTX 5070 FE Review…)
2025-11-04 11:34:27,813 INFO Skipping UxvmfEZkvc8 (comments + info already exist)
2025-11-04 11:34:27,824 INFO END UxvmfEZkvc8 status_comments=ok duration=0.01s
2025-11-04 11:34:29,405 INFO START zhSA5LYA8XU (RTX 5070Ti - I don't trust what I am being told one bit!)
2025-11-04 11:34:29,421 INFO Skipping zhSA5LYA8XU (comments + info already exist)
2025-11-04 11:34:29,458 INFO END zhSA5LYA8XU status_comments=ok duration=0.05s
2025-11-04 11:34:31,122 INFO START wfy84tWnhS8 (RTX 5070 Ti - The GOOD and The BAD)
2025-11-04 11:34:31,122 INFO Skipping wfy84tWnhS8 (comments + info already exist)
2025-11-04 11:34:31,128 INFO END wfy84tWnhS8 status_comments=ok duration=0.01s
2025-11-04 11:34:33,810 INFO START UMPK1SeMEZM (GeForce RTX 5070 Ti Review, If Only It Was Really $750…)
2025-11-04 11:34:33,810 INFO Skipping UMPK1SeMEZM (comments + info already exist)
2025-11-04 11:34:33,821 INFO END UMPK1SeMEZM status_comments=ok duration=0.01s
2025-11-04 11:34:36,322 INFO START PhtVic3Vm0Y (Do Not Buy: NVIDIA RTX 5070 Ti GPU Absurdity (Benchmarks & Review))
2025-11-04 11:34:36,322 INFO Skipping PhtVic3Vm0Y (comments + info already exist)
2025-11-04 11:34:36,357 INFO END PhtVic3Vm0Y status_comments=ok duration=0.04s
2025-11-04 11:34:39,254 INFO START NnhU2ZvHb10 (Nvidia Didn’t Want to Make the RTX 5070 Ti - Full Review)
2025-11-04 11:34:39,254 INFO Skipping NnhU2ZvHb10 (comments + info already exist)
2025-11-04 11:34:39,271 INFO END NnhU2ZvHb10 status_comments=ok duration=0.02s
2025-11-04 11:34:41,769 INFO START 0L1Uyw22UAw (Why Does the RTX 5080 Suck?)
2025-11-04 11:34:41,769 INFO Skipping 0L1Uyw22UAw (comments + info already exist)
2025-11-04 11:34:41,781 INFO END 0L1Uyw22UAw status_comments=ok duration=0.01s
2025-11-04 11:34:43,512 INFO START sEu6k-MdZgc (Nvidia GeForce RTX 5080 Review, 1440p & 4K Gaming Benchmarks)
2025-11-04 11:34:43,513 INFO Skipping sEu6k-MdZgc (comments + info already exist)
2025-11-04 11:34:43,531 INFO END sEu6k-MdZgc status_comments=ok duration=0.02s
2025-11-04 11:34:46,197 INFO START d7k4XWg-TcA (NVIDIA, this is a joke right? – RTX 5080.)
2025-11-04 11:34:46,197 INFO Skipping d7k4XWg-TcA (comments + info already exist)
2025-11-04 11:34:46,221 INFO END d7k4XWg-TcA status_comments=ok duration=0.02s
2025-11-04 11:34:49,132 INFO START nShh_j4s2YE (NVIDIA GeForce RTX 5080 Founders Edition Review & Benchmarks vs 5090, 7900 XTX, 4080, & More)
2025-11-04 11:34:49,132 INFO Skipping nShh_j4s2YE (comments + info already exist)
2025-11-04 11:34:49,153 INFO END nShh_j4s2YE status_comments=ok duration=0.02s
2025-11-04 11:34:50,412 INFO START Fbg7ChsjmEA (I Can’t Put a Positive Spin on the RTX 5080 - Full Review)
2025-11-04 11:34:50,412 INFO Skipping Fbg7ChsjmEA (comments + info already exist)
2025-11-04 11:34:50,438 INFO END Fbg7ChsjmEA status_comments=ok duration=0.03s
2025-11-04 11:34:51,503 INFO START nryZwnVYpns (NVIDIA is Taking a Risk with this Generation: The Blackwell GeForce RTX 5090 Review and Benchmarks)
2025-11-04 11:34:51,503 INFO Skipping nryZwnVYpns (comments + info already exist)
2025-11-04 11:34:51,510 INFO END nryZwnVYpns status_comments=ok duration=0.01s
2025-11-04 11:34:53,988 INFO START 5YJNFREQHiw (The RTX 5090 Experience.)
2025-11-04 11:34:53,988 INFO Skipping 5YJNFREQHiw (comments + info already exist)
2025-11-04 11:34:54,002 INFO END 5YJNFREQHiw status_comments=ok duration=0.01s
2025-11-04 11:34:55,458 INFO START ulUZ7bf_MXI (Full in-Depth RTX 5090 Review!)
2025-11-04 11:34:55,458 INFO Skipping ulUZ7bf_MXI (comments + info already exist)
2025-11-04 11:34:55,483 INFO END ulUZ7bf_MXI status_comments=ok duration=0.02s
2025-11-04 11:34:57,219 INFO START eA5lFiP3mrs (Nvidia GeForce RTX 5090 Review, 1440p & 4K Gaming Benchmarks)
2025-11-04 11:34:57,219 INFO Skipping eA5lFiP3mrs (comments + info already exist)
2025-11-04 11:34:57,240 INFO END eA5lFiP3mrs status_comments=ok duration=0.02s
2025-11-04 11:34:59,205 INFO START VWSlOC_jiLQ (NVIDIA GeForce RTX 5090 Founders Edition Review & Benchmarks: Gaming, Thermals, & Power)
2025-11-04 11:34:59,205 INFO Skipping VWSlOC_jiLQ (comments + info already exist)
2025-11-04 11:34:59,225 INFO END VWSlOC_jiLQ status_comments=ok duration=0.02s
2025-11-04 11:35:00,425 INFO START _HfizETJtsY (RX 460 Review: Polaris 11 Analysed In-Depth!)
2025-11-04 11:35:00,425 INFO Skipping _HfizETJtsY (comments + info already exist)
2025-11-04 11:35:00,426 INFO END _HfizETJtsY status_comments=ok duration=0.00s
2025-11-04 11:35:03,139 INFO START xeXGMkMCVzs (AMD RX 460 Review - Asus ROG Strix)
2025-11-04 11:35:03,139 INFO Skipping xeXGMkMCVzs (comments + info already exist)
2025-11-04 11:35:03,140 INFO END xeXGMkMCVzs status_comments=ok duration=0.00s
2025-11-04 11:35:04,343 INFO START b_ahq7GSfoY (RX 460)
2025-11-04 11:35:04,343 INFO Skipping b_ahq7GSfoY (comments + info already exist)
2025-11-04 11:35:04,346 INFO END b_ahq7GSfoY status_comments=ok duration=0.00s
2025-11-04 11:35:05,859 INFO START OnB4e4wk2CI (What the f*** is wrong with GPU pricing? - XFX RX 460 Review)
2025-11-04 11:35:05,859 INFO Skipping OnB4e4wk2CI (comments + info already exist)
2025-11-04 11:35:05,878 INFO END OnB4e4wk2CI status_comments=ok duration=0.02s
2025-11-04 11:35:07,965 INFO START 8I8MP8-Ipkg (Sapphire NITRO+ RX 470 Review - The 1080p Sweet Spot?)
2025-11-04 11:35:07,965 INFO Skipping 8I8MP8-Ipkg (comments + info already exist)
2025-11-04 11:35:07,975 INFO END 8I8MP8-Ipkg status_comments=ok duration=0.01s
2025-11-04 11:35:10,061 INFO START s7t6lN2-bK8 (AMD Radeon RX 470 Benchmarks Review - New Cost Per Frame King?)
2025-11-04 11:35:10,061 INFO Skipping s7t6lN2-bK8 (comments + info already exist)
2025-11-04 11:35:10,064 INFO END s7t6lN2-bK8 status_comments=ok duration=0.00s
2025-11-04 11:35:12,759 INFO START cWS02ajdR4Q (AMD Radeon RX 470 Review: It's Fast! But What About CrossFire?)
2025-11-04 11:35:12,759 INFO Skipping cWS02ajdR4Q (comments + info already exist)
2025-11-04 11:35:12,761 INFO END cWS02ajdR4Q status_comments=ok duration=0.00s
2025-11-04 11:35:15,098 INFO START PFSL3pzv82M (How Powerful is AMD's RX 470?)
2025-11-04 11:35:15,098 INFO Skipping PFSL3pzv82M (comments + info already exist)
2025-11-04 11:35:15,103 INFO END PFSL3pzv82M status_comments=ok duration=0.01s
2025-11-04 11:35:17,629 INFO START lRDgiWBfs5I (Is the AMD RX 480 the new mid-range king??)
2025-11-04 11:35:17,629 INFO Skipping lRDgiWBfs5I (comments + info already exist)
2025-11-04 11:35:17,642 INFO END lRDgiWBfs5I status_comments=ok duration=0.01s
2025-11-04 11:35:19,905 INFO START -y6Ky_pCawQ (AMD RX 480 Review & Benchmarks)
2025-11-04 11:35:19,905 INFO Skipping -y6Ky_pCawQ (comments + info already exist)
2025-11-04 11:35:19,911 INFO END -y6Ky_pCawQ status_comments=ok duration=0.01s
2025-11-04 11:35:20,950 INFO START YTku-GqDSWg (AMD Radeon RX 480 Review: The Best Value 1080p60 GPU?)
2025-11-04 11:35:20,950 INFO Skipping YTku-GqDSWg (comments + info already exist)
2025-11-04 11:35:20,953 INFO END YTku-GqDSWg status_comments=ok duration=0.00s
2025-11-04 11:35:23,726 INFO START 2GdfDCq86Gk (RX 480 Review - The New Value King)
2025-11-04 11:35:23,726 INFO Skipping 2GdfDCq86Gk (comments + info already exist)
2025-11-04 11:35:23,754 INFO END 2GdfDCq86Gk status_comments=ok duration=0.03s
2025-11-04 11:35:26,503 INFO START Nz5Mgim0Z80 (Dodgy Alert! AMD launches slower RX 560 with SAME NAME!)
2025-11-04 11:35:26,503 INFO Skipping Nz5Mgim0Z80 (comments + info already exist)
2025-11-04 11:35:26,506 INFO END Nz5Mgim0Z80 status_comments=ok duration=0.00s
2025-11-04 11:35:27,737 INFO START 237L9UGQtGk (RX 560 - Which Card Should You Buy? - 8 Card Review - 2GB vs 4GB)
2025-11-04 11:35:27,737 INFO Skipping 237L9UGQtGk (comments + info already exist)
2025-11-04 11:35:27,741 INFO END 237L9UGQtGk status_comments=ok duration=0.00s
2025-11-04 11:35:28,988 INFO START SKGDl_T0nJ4 (Should You Buy the RX 560?)
2025-11-04 11:35:28,988 INFO Skipping SKGDl_T0nJ4 (comments + info already exist)
2025-11-04 11:35:28,996 INFO END SKGDl_T0nJ4 status_comments=ok duration=0.01s
2025-11-04 11:35:31,777 INFO START _fYtV67NPo8 (AMD Radeon RX 560 in 5 of the NEWEST games 2018 Review!)
2025-11-04 11:35:31,777 INFO Skipping _fYtV67NPo8 (comments + info already exist)
2025-11-04 11:35:31,780 INFO END _fYtV67NPo8 status_comments=ok duration=0.00s
2025-11-04 11:35:32,840 INFO START xH37gHQEyVY (AMD’s RX570 4GB – Worth Buying in 2018?)
2025-11-04 11:35:32,840 INFO Skipping xH37gHQEyVY (comments + info already exist)
2025-11-04 11:35:32,842 INFO END xH37gHQEyVY status_comments=ok duration=0.00s
2025-11-04 11:35:35,320 INFO START uHM4c22JJeI (The 1080p 60FPS PC Gaming Value KING - MSI Armor AMD Radeon RX 570 8GB Review)
2025-11-04 11:35:35,320 INFO Skipping uHM4c22JJeI (comments + info already exist)
2025-11-04 11:35:35,322 INFO END uHM4c22JJeI status_comments=ok duration=0.00s
2025-11-04 11:35:38,083 INFO START VBHS6sLnwhg (AMD RX 570 Review - Sapphire Nitro+ Edition)
2025-11-04 11:35:38,083 INFO Skipping VBHS6sLnwhg (comments + info already exist)
2025-11-04 11:35:38,084 INFO END VBHS6sLnwhg status_comments=ok duration=0.00s
2025-11-04 11:35:39,596 INFO START Z-SmvMykfR4 (Radeon RX 570 Review: The Best Cheap GPU For 1080p60 Gaming?)
2025-11-04 11:35:39,596 INFO Skipping Z-SmvMykfR4 (comments + info already exist)
2025-11-04 11:35:39,602 INFO END Z-SmvMykfR4 status_comments=ok duration=0.01s
2025-11-04 11:35:40,998 INFO START vYQiVsvmvwc (Radeon RX 580, Worth Buying in 2018? Asrock's New Phantom Gaming RX 580)
2025-11-04 11:35:40,998 INFO Skipping vYQiVsvmvwc (comments + info already exist)
2025-11-04 11:35:41,000 INFO END vYQiVsvmvwc status_comments=ok duration=0.00s
2025-11-04 11:35:43,645 INFO START H6st6QZTDxE (Can the RX 580 Dethrone The GTX 1060? Yep, We're Doing It Again!)
2025-11-04 11:35:43,645 INFO Skipping H6st6QZTDxE (comments + info already exist)
2025-11-04 11:35:43,654 INFO END H6st6QZTDxE status_comments=ok duration=0.01s
2025-11-04 11:35:46,552 INFO START BWqF5fDAZqA (RX 580 & 570 Review - AMD Strikes Back... at AMD???)
2025-11-04 11:35:46,552 INFO Skipping BWqF5fDAZqA (comments + info already exist)
2025-11-04 11:35:46,572 INFO END BWqF5fDAZqA status_comments=ok duration=0.02s
2025-11-04 11:35:48,710 INFO START hTnFKwK_DaQ (AMD Radeon RX 580 Review: How Much Faster Is 2nd Gen Polaris?)
2025-11-04 11:35:48,710 INFO Skipping hTnFKwK_DaQ (comments + info already exist)
2025-11-04 11:35:48,714 INFO END hTnFKwK_DaQ status_comments=ok duration=0.00s
2025-11-04 11:35:50,149 INFO START JmfNtunmBsQ (AMD Sapphire Nitro+ RX590 Review - It's a CRACKING card!)
2025-11-04 11:35:50,149 INFO Skipping JmfNtunmBsQ (comments + info already exist)
2025-11-04 11:35:50,151 INFO END JmfNtunmBsQ status_comments=ok duration=0.00s
2025-11-04 11:35:52,793 INFO START BBN2KDiw-V8 (XFX RX 590 Fatboy Review: Competitive Silicon, Weak Cooler)
2025-11-04 11:35:52,793 INFO Skipping BBN2KDiw-V8 (comments + info already exist)
2025-11-04 11:35:52,797 INFO END BBN2KDiw-V8 status_comments=ok duration=0.00s
2025-11-04 11:35:55,293 INFO START xEileqxmags (I'm not reviewing this. - Radeon RX 590)
2025-11-04 11:35:55,293 INFO Skipping xEileqxmags (comments + info already exist)
2025-11-04 11:35:55,319 INFO END xEileqxmags status_comments=ok duration=0.03s
2025-11-04 11:35:56,345 INFO START utEpgpYywY0 (Radeon RX 590 Review - AMD Strikes BACK... Sort Of)
2025-11-04 11:35:56,345 INFO Skipping utEpgpYywY0 (comments + info already exist)
2025-11-04 11:35:56,349 INFO END utEpgpYywY0 status_comments=ok duration=0.00s
2025-11-04 11:35:58,662 INFO START 7pSPa0Q-ec8 (AMD RX 5500 XT Review - Budget 1080p Gaming Powerhouse?)
2025-11-04 11:35:58,662 INFO Skipping 7pSPa0Q-ec8 (comments + info already exist)
2025-11-04 11:35:58,666 INFO END 7pSPa0Q-ec8 status_comments=ok duration=0.00s
2025-11-04 11:36:01,481 INFO START TXSeVBCR6yg (Is the RX 5500 XT Worth it One Month Later...? (Sapphire Pulse 4GB and ASUS R.O.G 8GB Review))
2025-11-04 11:36:01,481 INFO Skipping TXSeVBCR6yg (comments + info already exist)
2025-11-04 11:36:01,483 INFO END TXSeVBCR6yg status_comments=ok duration=0.00s
2025-11-04 11:36:03,757 INFO START 04SwpnoCbnI (AMD Radeon RX 5500 XT 8GB Review, More Like 'RX 5500 Super')
2025-11-04 11:36:03,757 INFO Skipping 04SwpnoCbnI (comments + info already exist)
2025-11-04 11:36:03,768 INFO END 04SwpnoCbnI status_comments=ok duration=0.01s
2025-11-04 11:36:05,913 INFO START KH8jBffBOuE (AMD RX 5500 XT GPU Review: 4GB vs. 8GB Benchmarks, Thermals, & Noise)
2025-11-04 11:36:05,913 INFO Skipping KH8jBffBOuE (comments + info already exist)
2025-11-04 11:36:05,921 INFO END KH8jBffBOuE status_comments=ok duration=0.01s
2025-11-04 11:36:08,367 INFO START r2d24PnqiOE (Is the RADEON 5500XT worth the price?)
2025-11-04 11:36:08,368 INFO Skipping r2d24PnqiOE (comments + info already exist)
2025-11-04 11:36:08,382 INFO END r2d24PnqiOE status_comments=ok duration=0.01s
2025-11-04 11:36:09,855 INFO START e0RKu_gyKOA (Sapphire Pulse RX 5500 XT Review)
2025-11-04 11:36:09,855 INFO Skipping e0RKu_gyKOA (comments + info already exist)
2025-11-04 11:36:09,856 INFO END e0RKu_gyKOA status_comments=ok duration=0.00s
2025-11-04 11:36:12,581 INFO START uiKImSacj0o (The New Polaris | RX 5600 XT)
2025-11-04 11:36:12,582 INFO Skipping uiKImSacj0o (comments + info already exist)
2025-11-04 11:36:12,586 INFO END uiKImSacj0o status_comments=ok duration=0.00s
2025-11-04 11:36:14,568 INFO START -Lcyyl2kQL8 (AMD RX 5600 XT Review – Gaming & Overclocking)
2025-11-04 11:36:14,568 INFO Skipping -Lcyyl2kQL8 (comments + info already exist)
2025-11-04 11:36:14,570 INFO END -Lcyyl2kQL8 status_comments=ok duration=0.00s
2025-11-04 11:36:17,074 INFO START rKn-vWDMkwQ (It’s time to upgrade your GPU - RX 5600 XT)
2025-11-04 11:36:17,074 INFO Skipping rKn-vWDMkwQ (comments + info already exist)
2025-11-04 11:36:17,101 INFO END rKn-vWDMkwQ status_comments=ok duration=0.03s
2025-11-04 11:36:19,623 INFO START qcAwR49zRCg (AMD Radeon RX 5600 XT Review, Navi at $280, RTX 2060 down to $300)
2025-11-04 11:36:19,623 INFO Skipping qcAwR49zRCg (comments + info already exist)
2025-11-04 11:36:19,632 INFO END qcAwR49zRCg status_comments=ok duration=0.01s
2025-11-04 11:36:21,477 INFO START P5MiBoPpCW4 (AMD Tricked Everyone! Radeon RX 5600 XT Review and Benchmarks)
2025-11-04 11:36:21,477 INFO Skipping P5MiBoPpCW4 (comments + info already exist)
2025-11-04 11:36:21,483 INFO END P5MiBoPpCW4 status_comments=ok duration=0.01s
2025-11-04 11:36:24,416 INFO START PCi9c8KqpNk (The Best Value Radeon RX 5600 XT, The Entry-Level Roundup)
2025-11-04 11:36:24,416 INFO Skipping PCi9c8KqpNk (comments + info already exist)
2025-11-04 11:36:24,421 INFO END PCi9c8KqpNk status_comments=ok duration=0.00s
2025-11-04 11:36:26,311 INFO START kh1DeO4yz2s (Sapphire RX 5700 XT Nitro+ Review: In-Depth Thermals, Noise, Overclocking, & Power)
2025-11-04 11:36:26,311 INFO Skipping kh1DeO4yz2s (comments + info already exist)
2025-11-04 11:36:26,316 INFO END kh1DeO4yz2s status_comments=ok duration=0.00s
2025-11-04 11:36:28,249 INFO START U1y-J0p-uJc (AMD RX 5700 XT & RX 5700 Review - Benchmarks Are Finally Here!)
2025-11-04 11:36:28,249 INFO Skipping U1y-J0p-uJc (comments + info already exist)
2025-11-04 11:36:28,258 INFO END U1y-J0p-uJc status_comments=ok duration=0.01s
2025-11-04 11:36:31,077 INFO START Fd7bTccL9fo (Asus ROG Strix RX 5700 XT Review, Is The Most Expensive 5700 XT The Best?)
2025-11-04 11:36:31,077 INFO Skipping Fd7bTccL9fo (comments + info already exist)
2025-11-04 11:36:31,081 INFO END Fd7bTccL9fo status_comments=ok duration=0.00s
2025-11-04 11:36:32,692 INFO START -SAWtKEIYbw (AMD Radeon RX 5700 XT Review: Thermals, Noise, Gaming, & Broken Drivers)
2025-11-04 11:36:32,692 INFO Skipping -SAWtKEIYbw (comments + info already exist)
2025-11-04 11:36:32,701 INFO END -SAWtKEIYbw status_comments=ok duration=0.01s
2025-11-04 11:36:35,161 INFO START 3bmQPx9EJLA (Why NOT to buy Radeon 5700 XT… Yet – Our Review)
2025-11-04 11:36:35,161 INFO Skipping 3bmQPx9EJLA (comments + info already exist)
2025-11-04 11:36:35,186 INFO END 3bmQPx9EJLA status_comments=ok duration=0.03s
2025-11-04 11:36:36,207 INFO START rz47WqRDDK4 (AMD Radeon RX 5700 XT & RX 5700 Review, New Value Champions!)
2025-11-04 11:36:36,207 INFO Skipping rz47WqRDDK4 (comments + info already exist)
2025-11-04 11:36:36,217 INFO END rz47WqRDDK4 status_comments=ok duration=0.01s
2025-11-04 11:36:37,773 INFO START GL5zY1DIrok (This RX 6500 XT Comparison Was A Terrible Idea…)
2025-11-04 11:36:37,773 INFO Skipping GL5zY1DIrok (comments + info already exist)
2025-11-04 11:36:37,776 INFO END GL5zY1DIrok status_comments=ok duration=0.00s
2025-11-04 11:36:40,039 INFO START M5_oM3Ow_CI (Worst GPU: Radeon RX 6500 XT Review, Corner Cutting Edition)
2025-11-04 11:36:40,039 INFO Skipping M5_oM3Ow_CI (comments + info already exist)
2025-11-04 11:36:40,058 INFO END M5_oM3Ow_CI status_comments=ok duration=0.02s
2025-11-04 11:36:41,089 INFO START ArW4-mkGHSw (WTF AMD!? RX 6500 XT Review)
2025-11-04 11:36:41,089 INFO Skipping ArW4-mkGHSw (comments + info already exist)
2025-11-04 11:36:41,092 INFO END ArW4-mkGHSw status_comments=ok duration=0.00s
2025-11-04 11:36:42,496 INFO START KYp6pEDm4E8 (A GPU you might be able to buy… But shouldn’t. - AMD Radeon RX 6500 XT)
2025-11-04 11:36:42,496 INFO Skipping KYp6pEDm4E8 (comments + info already exist)
2025-11-04 11:36:42,516 INFO END KYp6pEDm4E8 status_comments=ok duration=0.02s
2025-11-04 11:36:44,199 INFO START ICnz6E7vux0 (Why Everyone is WRONG About the RX 6500XT)
2025-11-04 11:36:44,199 INFO Skipping ICnz6E7vux0 (comments + info already exist)
2025-11-04 11:36:44,209 INFO END ICnz6E7vux0 status_comments=ok duration=0.01s
2025-11-04 11:36:45,581 INFO START VFHOZN5AV6E (Mid-Range is Dead: AMD RX 6600 XT Review & Benchmarks (PowerColor Fighter))
2025-11-04 11:36:45,581 INFO Skipping VFHOZN5AV6E (comments + info already exist)
2025-11-04 11:36:45,597 INFO END VFHOZN5AV6E status_comments=ok duration=0.02s
2025-11-04 11:36:46,775 INFO START 8cTquLSUP18 (Is the 6600XT REALLY as bad as reviewers say??)
2025-11-04 11:36:46,775 INFO Skipping 8cTquLSUP18 (comments + info already exist)
2025-11-04 11:36:46,800 INFO END 8cTquLSUP18 status_comments=ok duration=0.02s
2025-11-04 11:36:48,266 INFO START 5r67vt8-_Xg (AMD Radeon RX 6600 XT Review - The Little GPU that Couldn't)
2025-11-04 11:36:48,266 INFO Skipping 5r67vt8-_Xg (comments + info already exist)
2025-11-04 11:36:48,270 INFO END 5r67vt8-_Xg status_comments=ok duration=0.00s
2025-11-04 11:36:50,291 INFO START _tDYu5sBtFs (AMD Radeon RX 6600 XT Review: Worse Than Expected, But Can It Be Saved?)
2025-11-04 11:36:50,291 INFO Skipping _tDYu5sBtFs (comments + info already exist)
2025-11-04 11:36:50,302 INFO END _tDYu5sBtFs status_comments=ok duration=0.01s
2025-11-04 11:36:52,058 INFO START v0HcvMoMjy8 (AMD wants HOW MUCH for 1080p Gaming?? - Radeon RX 6600 XT Review)
2025-11-04 11:36:52,058 INFO Skipping v0HcvMoMjy8 (comments + info already exist)
2025-11-04 11:36:52,074 INFO END v0HcvMoMjy8 status_comments=ok duration=0.02s
2025-11-04 11:36:53,309 INFO START zjohRuvXtLw (AMD Are In BIG Trouble 🤦‍♂️ RX 6700 XT Review - Powercolor Hellhound Gameplay Benchmarks Ray Tracing)
2025-11-04 11:36:53,309 INFO Skipping zjohRuvXtLw (comments + info already exist)
2025-11-04 11:36:53,312 INFO END zjohRuvXtLw status_comments=ok duration=0.00s
2025-11-04 11:36:55,556 INFO START PJboWJJFk9I (AMD Radeon RX 6700 XT Review, A Worthy 5700 XT Successor?)
2025-11-04 11:36:55,556 INFO Skipping PJboWJJFk9I (comments + info already exist)
2025-11-04 11:36:55,563 INFO END PJboWJJFk9I status_comments=ok duration=0.01s
2025-11-04 11:36:56,994 INFO START xs4wSysBDxM (Okay, Last Chance - AMD RX 6700 XT Review)
2025-11-04 11:36:56,994 INFO Skipping xs4wSysBDxM (comments + info already exist)
2025-11-04 11:36:56,996 INFO END xs4wSysBDxM status_comments=ok duration=0.00s
2025-11-04 11:36:58,541 INFO START oj8SuJ2Mb6A (AMD Radeon RX 6700 XT GPU Review: Literally Anything Will Sell)
2025-11-04 11:36:58,541 INFO Skipping oj8SuJ2Mb6A (comments + info already exist)
2025-11-04 11:36:58,552 INFO END oj8SuJ2Mb6A status_comments=ok duration=0.01s
2025-11-04 11:37:00,184 INFO START 5wO2vUZv4zw (AMD has got to be kidding - Radeon 6700 XT Review)
2025-11-04 11:37:00,184 INFO Skipping 5wO2vUZv4zw (comments + info already exist)
2025-11-04 11:37:00,208 INFO END 5wO2vUZv4zw status_comments=ok duration=0.02s
2025-11-04 11:37:01,904 INFO START LzjRPbSIW4I (Sapphire Radeon RX 6800 XT Nitro+ Review, Power, Thermals, Overclocking & Gaming)
2025-11-04 11:37:01,905 INFO Skipping LzjRPbSIW4I (comments + info already exist)
2025-11-04 11:37:01,911 INFO END LzjRPbSIW4I status_comments=ok duration=0.01s
2025-11-04 11:37:02,923 INFO START 5bKaJDbKVt0 (AMD RX 6800 XT Review - The RTX 3080 Killer?)
2025-11-04 11:37:02,923 INFO Skipping 5bKaJDbKVt0 (comments + info already exist)
2025-11-04 11:37:02,928 INFO END 5bKaJDbKVt0 status_comments=ok duration=0.01s
2025-11-04 11:37:04,077 INFO START jLVGL7aAYgY (AMD Radeon RX 6800 XT GPU Review: Gaming, Thermals, Noise, & Smart Access Memory Benchmarks)
2025-11-04 11:37:04,077 INFO Skipping jLVGL7aAYgY (comments + info already exist)
2025-11-04 11:37:04,093 INFO END jLVGL7aAYgY status_comments=ok duration=0.02s
2025-11-04 11:37:05,545 INFO START ZtxrrrkkTjc (AMD Radeon RX 6800 XT Benchmark Review, Smart Access Memory, Thermals & Gaming)
2025-11-04 11:37:05,545 INFO Skipping ZtxrrrkkTjc (comments + info already exist)
2025-11-04 11:37:05,559 INFO END ZtxrrrkkTjc status_comments=ok duration=0.01s
2025-11-04 11:37:07,016 INFO START oUzCn-ITJ_o (AMD did NOT disappoint me - RX 6800 Series Review)
2025-11-04 11:37:07,016 INFO Skipping oUzCn-ITJ_o (comments + info already exist)
2025-11-04 11:37:07,061 INFO END oUzCn-ITJ_o status_comments=ok duration=0.04s
2025-11-04 11:37:09,088 INFO START -PtTUnj4od4 (AMD 6900XT... Something isn’t right…)
2025-11-04 11:37:09,088 INFO Skipping -PtTUnj4od4 (comments + info already exist)
2025-11-04 11:37:09,113 INFO END -PtTUnj4od4 status_comments=ok duration=0.02s
2025-11-04 11:37:10,178 INFO START nxQ0-QtAtxA (Radeon RX 6900 XT Review, AMD's Fight For the Top)
2025-11-04 11:37:10,178 INFO Skipping nxQ0-QtAtxA (comments + info already exist)
2025-11-04 11:37:10,189 INFO END nxQ0-QtAtxA status_comments=ok duration=0.01s
2025-11-04 11:37:12,038 INFO START 0LuIGI_9guQ (AMD RX 6900 XT Review - I Can't Recommend This.)
2025-11-04 11:37:12,038 INFO Skipping 0LuIGI_9guQ (comments + info already exist)
2025-11-04 11:37:12,044 INFO END 0LuIGI_9guQ status_comments=ok duration=0.01s
2025-11-04 11:37:14,478 INFO START 1ITdex_JrBM (AMD Radeon RX 6900 XT GPU Review & Benchmarks: Undervolting, Gaming, Power, Noise)
2025-11-04 11:37:14,479 INFO Skipping 1ITdex_JrBM (comments + info already exist)
2025-11-04 11:37:14,488 INFO END 1ITdex_JrBM status_comments=ok duration=0.01s
2025-11-04 11:37:16,652 INFO START FxoPz1DO0Sg (Radeon RX 6900 XT Review & Benchmarks vs RTX 3090!)
2025-11-04 11:37:16,652 INFO Skipping FxoPz1DO0Sg (comments + info already exist)
2025-11-04 11:37:16,656 INFO END FxoPz1DO0Sg status_comments=ok duration=0.00s
2025-11-04 11:37:17,775 INFO START GsY96xFWeN0 (AMD kept their best GPU a secret - 6950XT Review)
2025-11-04 11:37:17,775 INFO Skipping GsY96xFWeN0 (comments + info already exist)
2025-11-04 11:37:17,785 INFO END GsY96xFWeN0 status_comments=ok duration=0.01s
2025-11-04 11:37:20,424 INFO START WSTmeZXHWyk ($1250 AMD Radeon RX 6950 XT GPU Review & Benchmarks (Sapphire Nitro+ Pure))
2025-11-04 11:37:20,424 INFO Skipping WSTmeZXHWyk (comments + info already exist)
2025-11-04 11:37:20,437 INFO END WSTmeZXHWyk status_comments=ok duration=0.01s
2025-11-04 11:37:23,365 INFO START XlT5WPP0o3Y (I Can't Figure Out What's Wrong With This Gigabyte RX 6950 XT)
2025-11-04 11:37:23,365 INFO Skipping XlT5WPP0o3Y (comments + info already exist)
2025-11-04 11:37:23,373 INFO END XlT5WPP0o3Y status_comments=ok duration=0.01s
2025-11-04 11:37:26,299 INFO START KugxMJFhx7k (Radeon RX 6950 XT vs. GeForce RTX 3080 Ti, RTX 3090 & RTX 3090 Ti: Benchmarks, Power & Thermals)
2025-11-04 11:37:26,299 INFO Skipping KugxMJFhx7k (comments + info already exist)
2025-11-04 11:37:26,305 INFO END KugxMJFhx7k status_comments=ok duration=0.01s
2025-11-04 11:37:28,077 INFO START BSaznwwRG-8 (Buying A New 6950 XT OC Formula for a Friend: Experiencing Wonder Once Again!)
2025-11-04 11:37:28,077 INFO Skipping BSaznwwRG-8 (comments + info already exist)
2025-11-04 11:37:28,079 INFO END BSaznwwRG-8 status_comments=ok duration=0.00s
2025-11-04 11:37:30,403 INFO START 4Zsaj_9Zpjc (AMD, you NEED to hire me! - AMD Radeon RX 7600 Review)
2025-11-04 11:37:30,403 INFO Skipping 4Zsaj_9Zpjc (comments + info already exist)
2025-11-04 11:37:30,418 INFO END 4Zsaj_9Zpjc status_comments=ok duration=0.01s
2025-11-04 11:37:32,802 INFO START 6UMFUqTUbEw (AMD cuts price of RX 7600... not because of NVIDIA but because of Intel! $270 GPU battle!)
2025-11-04 11:37:32,803 INFO Skipping 6UMFUqTUbEw (comments + info already exist)
2025-11-04 11:37:32,811 INFO END 6UMFUqTUbEw status_comments=ok duration=0.01s
2025-11-04 11:37:34,078 INFO START sJCtMfKbsv8 (AMD has a new Graphics Card too!! - Radeon RX 7600 XT)
2025-11-04 11:37:34,078 INFO Skipping sJCtMfKbsv8 (comments + info already exist)
2025-11-04 11:37:34,081 INFO END sJCtMfKbsv8 status_comments=ok duration=0.00s
2025-11-04 11:37:35,715 INFO START Lcb1dpe2IhE (Radeon RX 7600 XT Review: Can AMD Eliminate The RTX 4060?)
2025-11-04 11:37:35,715 INFO Skipping Lcb1dpe2IhE (comments + info already exist)
2025-11-04 11:37:35,722 INFO END Lcb1dpe2IhE status_comments=ok duration=0.01s
2025-11-04 11:37:38,304 INFO START 1aopp8XolXE (AMD Radeon RX 7600 XT GPU Benchmarks & Review: Power Efficiency & Gaming)
2025-11-04 11:37:38,304 INFO Skipping 1aopp8XolXE (comments + info already exist)
2025-11-04 11:37:38,310 INFO END 1aopp8XolXE status_comments=ok duration=0.01s
2025-11-04 11:37:39,561 INFO START FI7xiNZLKTo (Already Below MSRP! But is That Enough? - AMD Radeon RX 7700 XT Review)
2025-11-04 11:37:39,561 INFO Skipping FI7xiNZLKTo (comments + info already exist)
2025-11-04 11:37:39,563 INFO END FI7xiNZLKTo status_comments=ok duration=0.00s
2025-11-04 11:37:41,515 INFO START cLHXXtUZBCo (PLEASE Don't Waste Your Money! - AMD RX 7700 XT Review & Gameplay Benchmarks)
2025-11-04 11:37:41,515 INFO Skipping cLHXXtUZBCo (comments + info already exist)
2025-11-04 11:37:41,517 INFO END cLHXXtUZBCo status_comments=ok duration=0.00s
2025-11-04 11:37:44,024 INFO START _LEBEqsCwiM (AMD Radeon RX 7700 XT Review, It's The 7900 XT All Over Again!)
2025-11-04 11:37:44,024 INFO Skipping _LEBEqsCwiM (comments + info already exist)
2025-11-04 11:37:44,031 INFO END _LEBEqsCwiM status_comments=ok duration=0.01s
2025-11-04 11:37:46,998 INFO START gggehz298L8 (Thank you for not spitting in my face – AMD Radeon RX 7700 XT & 7800 XT Review)
2025-11-04 11:37:46,998 INFO Skipping gggehz298L8 (comments + info already exist)
2025-11-04 11:37:47,011 INFO END gggehz298L8 status_comments=ok duration=0.01s
2025-11-04 11:37:49,718 INFO START PpxMKtbI8G8 (AMD RX 7700 XT GPU Review & Benchmarks vs. 7800 XT, 6800 XT, RTX 4060 Ti, & More)
2025-11-04 11:37:49,718 INFO Skipping PpxMKtbI8G8 (comments + info already exist)
2025-11-04 11:37:49,724 INFO END PpxMKtbI8G8 status_comments=ok duration=0.01s
2025-11-04 11:37:51,534 INFO START IJ_C7EZeWFY (Sapphire Nitro + 7800 XT Quick Review)
2025-11-04 11:37:51,534 INFO Skipping IJ_C7EZeWFY (comments + info already exist)
2025-11-04 11:37:51,536 INFO END IJ_C7EZeWFY status_comments=ok duration=0.00s
2025-11-04 11:37:52,641 INFO START AdWv3GwS-kY (AMD 7800 XT: Your Next 5-year GPU!)
2025-11-04 11:37:52,642 INFO Skipping AdWv3GwS-kY (comments + info already exist)
2025-11-04 11:37:52,644 INFO END AdWv3GwS-kY status_comments=ok duration=0.00s
2025-11-04 11:37:54,370 INFO START G9XmJd6cGeA (AMD Radeon RX 7800 XT Review - 33 Games, 1080p, 1440p & 4K Tested)
2025-11-04 11:37:54,370 INFO Skipping G9XmJd6cGeA (comments + info already exist)
2025-11-04 11:37:54,374 INFO END G9XmJd6cGeA status_comments=ok duration=0.00s
2025-11-04 11:37:56,435 INFO START x4TW8fHVcxw (Radeon RX 7800 XT Review, AMD Finally Worked It Out!)
2025-11-04 11:37:56,435 INFO Skipping x4TW8fHVcxw (comments + info already exist)
2025-11-04 11:37:56,446 INFO END x4TW8fHVcxw status_comments=ok duration=0.01s
2025-11-04 11:37:58,284 INFO START 8qBQ0eZEnbY (AMD Radeon RX 7800 XT GPU Review & Benchmarks vs. RX 6800 XT, RTX 4070, & More)
2025-11-04 11:37:58,284 INFO Skipping 8qBQ0eZEnbY (comments + info already exist)
2025-11-04 11:37:58,296 INFO END 8qBQ0eZEnbY status_comments=ok duration=0.01s
2025-11-04 11:38:00,724 INFO START e7DjJR3zpCw (AMD's Greedy Upsell: RX 7900 XT Review & Benchmarks vs. XTX, 4080, & More)
2025-11-04 11:38:00,724 INFO Skipping e7DjJR3zpCw (comments + info already exist)
2025-11-04 11:38:00,737 INFO END e7DjJR3zpCw status_comments=ok duration=0.01s
2025-11-04 11:38:02,318 INFO START NFu7fhsGymY ($900 LOL, AMD Radeon RX 7900 XT Review & Benchmarks)
2025-11-04 11:38:02,318 INFO Skipping NFu7fhsGymY (comments + info already exist)
2025-11-04 11:38:02,337 INFO END NFu7fhsGymY status_comments=ok duration=0.02s
2025-11-04 11:38:04,380 INFO START TBJ-vo6Ri9c (This video will not age well... - AMD Radeon RX 7900 Series Review)
2025-11-04 11:38:04,380 INFO Skipping TBJ-vo6Ri9c (comments + info already exist)
2025-11-04 11:38:04,405 INFO END TBJ-vo6Ri9c status_comments=ok duration=0.02s
2025-11-04 11:38:06,879 INFO START 23bVb1l6ZQo (Radeon RX 7900 XT Re-Review, What Should Have Been!)
2025-11-04 11:38:06,879 INFO Skipping 23bVb1l6ZQo (comments + info already exist)
2025-11-04 11:38:06,888 INFO END 23bVb1l6ZQo status_comments=ok duration=0.01s
2025-11-04 11:38:09,206 INFO START 0XVdsKHBcPE (The Cheapest* AMD RX 7900 XT: Revisit Benchmarks, & Price Drops vs. 4070 Ti & More)
2025-11-04 11:38:09,206 INFO Skipping 0XVdsKHBcPE (comments + info already exist)
2025-11-04 11:38:09,215 INFO END 0XVdsKHBcPE status_comments=ok duration=0.01s
2025-11-04 11:38:10,595 INFO START XaEWPgPDF7U (Sapphire RX 7900 XTX Nitro+... one heck of a card!)
2025-11-04 11:38:10,595 INFO Skipping XaEWPgPDF7U (comments + info already exist)
2025-11-04 11:38:10,599 INFO END XaEWPgPDF7U status_comments=ok duration=0.00s
2025-11-04 11:38:12,356 INFO START tMH9vfvos00 (Before you buy the AMD 7900 XTX..)
2025-11-04 11:38:12,356 INFO Skipping tMH9vfvos00 (comments + info already exist)
2025-11-04 11:38:12,362 INFO END tMH9vfvos00 status_comments=ok duration=0.00s
2025-11-04 11:38:13,606 INFO START OjaE2g4VOXI (Nvidia was clearly wrong - AMD RX 7900 XT and XTX)
2025-11-04 11:38:13,606 INFO Skipping OjaE2g4VOXI (comments + info already exist)
2025-11-04 11:38:13,627 INFO END OjaE2g4VOXI status_comments=ok duration=0.02s
2025-11-04 11:38:15,369 INFO START 4UFiG7CwpHk (RTX 4080 Killer? Radeon RX 7900 XTX Review & Benchmarks)
2025-11-04 11:38:15,369 INFO Skipping 4UFiG7CwpHk (comments + info already exist)
2025-11-04 11:38:15,389 INFO END 4UFiG7CwpHk status_comments=ok duration=0.02s
2025-11-04 11:38:18,004 INFO START We71eXwKODw (AMD Radeon RX 7900 XTX Review & GPU Benchmarks: Gaming, Thermals, Power, & Noise)
2025-11-04 11:38:18,004 INFO Skipping We71eXwKODw (comments + info already exist)
2025-11-04 11:38:18,022 INFO END We71eXwKODw status_comments=ok duration=0.02s
2025-11-04 11:38:20,335 INFO START MjKs8KjbTqQ (And just like that, the 5060 is irrelevant - 9060XT Review)
2025-11-04 11:38:20,335 INFO Skipping MjKs8KjbTqQ (comments + info already exist)
2025-11-04 11:38:20,346 INFO END MjKs8KjbTqQ status_comments=ok duration=0.01s
2025-11-04 11:38:21,551 INFO START uCIcYgRJUtc (RX 9060 XT 16GB - The Gameplay Review at 1440p!)
2025-11-04 11:38:21,551 INFO Skipping uCIcYgRJUtc (comments + info already exist)
2025-11-04 11:38:21,555 INFO END uCIcYgRJUtc status_comments=ok duration=0.00s
2025-11-04 11:38:23,547 INFO START DJf0qCHZHs0 (AMD GPUs are Better at RTX Now.. — RX 9060 XT 16GB Review!)
2025-11-04 11:38:23,547 INFO Skipping DJf0qCHZHs0 (comments + info already exist)
2025-11-04 11:38:23,560 INFO END DJf0qCHZHs0 status_comments=ok duration=0.01s
2025-11-04 11:38:26,263 INFO START -LAH5vh-Cpg (AMD Radeon RX 9060 XT 16GB Review, Gaming Benchmarks!)
2025-11-04 11:38:26,263 INFO Skipping -LAH5vh-Cpg (comments + info already exist)
2025-11-04 11:38:26,271 INFO END -LAH5vh-Cpg status_comments=ok duration=0.01s
2025-11-04 11:38:28,260 INFO START O9u3UPkqp_0 (AMD Needs to Just Shut Up: AMD Radeon RX 9060 XT 16GB GPU Review)
2025-11-04 11:38:28,260 INFO Skipping O9u3UPkqp_0 (comments + info already exist)
2025-11-04 11:38:28,278 INFO END O9u3UPkqp_0 status_comments=ok duration=0.02s
2025-11-04 11:38:31,217 INFO START j6yHMCTb-YA (This Was Supposed to be a Happy Day - AMD Radeon 9060XT Review)
2025-11-04 11:38:31,217 INFO Skipping j6yHMCTb-YA (comments + info already exist)
2025-11-04 11:38:31,232 INFO END j6yHMCTb-YA status_comments=ok duration=0.02s
2025-11-04 11:38:33,769 INFO START acE6VJ0ujA4 (AMD Radeon RX 9060 XT 16GB Review vs RTX 5060 Ti vs... PlayStation 5 Pro?)
2025-11-04 11:38:33,769 INFO Skipping acE6VJ0ujA4 (comments + info already exist)
2025-11-04 11:38:33,775 INFO END acE6VJ0ujA4 status_comments=ok duration=0.01s
2025-11-04 11:38:35,352 INFO START VciMks_Yd9k (RX 9060 XT 16GB Review - is it actually good value!?)
2025-11-04 11:38:35,352 INFO Skipping VciMks_Yd9k (comments + info already exist)
2025-11-04 11:38:35,355 INFO END VciMks_Yd9k status_comments=ok duration=0.00s
2025-11-04 11:38:36,563 INFO START q0k6StODt7g (Should you buy RX 9060 XT 16GB?)
2025-11-04 11:38:36,563 INFO Skipping q0k6StODt7g (comments + info already exist)
2025-11-04 11:38:36,566 INFO END q0k6StODt7g status_comments=ok duration=0.00s
2025-11-04 11:38:38,652 INFO START 3oTMRmxeMMk (The RX 9060 XT 16GB - 20 Games Tested at 1440p!)
2025-11-04 11:38:38,652 INFO Skipping 3oTMRmxeMMk (comments + info already exist)
2025-11-04 11:38:38,656 INFO END 3oTMRmxeMMk status_comments=ok duration=0.00s
2025-11-04 11:38:39,836 INFO START LhsvrhedA9E (Incredibly Efficient: AMD RX 9070 GPU Review & Benchmarks vs. 9070 XT, RTX 5070)
2025-11-04 11:38:39,836 INFO Skipping LhsvrhedA9E (comments + info already exist)
2025-11-04 11:38:39,862 INFO END LhsvrhedA9E status_comments=ok duration=0.02s
2025-11-04 11:38:42,438 INFO START gWIIA-a9Q9A (AMD Swings and Misses: Radeon RX 9070 Review, Benchmarks vs. RTX 5070)
2025-11-04 11:38:42,438 INFO Skipping gWIIA-a9Q9A (comments + info already exist)
2025-11-04 11:38:42,451 INFO END gWIIA-a9Q9A status_comments=ok duration=0.01s
2025-11-04 11:38:44,950 INFO START 01DEKGYiSTo (RX 9070 and 9070XT Details - this is actually BAD for NVIDIA!)
2025-11-04 11:38:44,950 INFO Skipping 01DEKGYiSTo (comments + info already exist)
2025-11-04 11:38:44,969 INFO END 01DEKGYiSTo status_comments=ok duration=0.02s
2025-11-04 11:38:46,769 INFO START 2fClSYjOKxM (RX 9070 16GB - The Gameplay Review at 1440p!)
2025-11-04 11:38:46,769 INFO Skipping 2fClSYjOKxM (comments + info already exist)
2025-11-04 11:38:46,773 INFO END 2fClSYjOKxM status_comments=ok duration=0.00s
2025-11-04 11:38:48,505 INFO START vfc3nhus12k (AMD Radeon RX 9070 XT/ RX 9070 Review vs RTX 5070 Ti/ RTX 5070 - Is RDNA 4 Truly Competitive?)
2025-11-04 11:38:48,505 INFO Skipping vfc3nhus12k (comments + info already exist)
2025-11-04 11:38:48,512 INFO END vfc3nhus12k status_comments=ok duration=0.01s
2025-11-04 11:38:50,380 INFO START W8OCZ7CT5Fo (RX 9070 XT vs RX 9070...A Budget Gamer's Perspective)
2025-11-04 11:38:50,380 INFO Skipping W8OCZ7CT5Fo (comments + info already exist)
2025-11-04 11:38:50,383 INFO END W8OCZ7CT5Fo status_comments=ok duration=0.00s
2025-11-04 11:38:51,494 INFO START yJXGGtIvFKM (Ok, Nvidia GPUs are kinda Pointless Now --- RX 9070 XT REVIEW!!)
2025-11-04 11:38:51,494 INFO Skipping yJXGGtIvFKM (comments + info already exist)
2025-11-04 11:38:51,508 INFO END yJXGGtIvFKM status_comments=ok duration=0.01s
2025-11-04 11:38:53,069 INFO START uDligqbbPGs (RTX 5070 Ti vs RX 9070 XT - DLSS 4 vs FSR 4 Performance Compared)
2025-11-04 11:38:53,069 INFO Skipping uDligqbbPGs (comments + info already exist)
2025-11-04 11:38:53,078 INFO END uDligqbbPGs status_comments=ok duration=0.01s
2025-11-04 11:38:55,679 INFO START aWfMibZ8t00 (The Radeon RX 9070 XT is Now Faster, AMD FineWine)
2025-11-04 11:38:55,679 INFO Skipping aWfMibZ8t00 (comments + info already exist)
2025-11-04 11:38:55,693 INFO END aWfMibZ8t00 status_comments=ok duration=0.01s
2025-11-04 11:38:58,696 INFO START yP0axVHdP-U (AMD Radeon RX 9070 XT GPU Review & Benchmarks vs. 5070 Ti, 5070, 7900 XT (Sapphire Pulse))
2025-11-04 11:38:58,696 INFO Skipping yP0axVHdP-U (comments + info already exist)
2025-11-04 11:38:58,723 INFO END yP0axVHdP-U status_comments=ok duration=0.03s
2025-11-04 11:39:00,481 INFO START VQB0i0v2mkg (AMD Radeon RX 9070 XT Review, Have They Finally Done It?)
2025-11-04 11:39:00,481 INFO Skipping VQB0i0v2mkg (comments + info already exist)
2025-11-04 11:39:00,502 INFO END VQB0i0v2mkg status_comments=ok duration=0.02s
2025-11-04 11:39:03,118 INFO START ptp5suRDdQQ (AMD, I Could Kiss You - 9070 and 9070 XT Review)
2025-11-04 11:39:03,118 INFO Skipping ptp5suRDdQQ (comments + info already exist)
2025-11-04 11:39:03,151 INFO END ptp5suRDdQQ status_comments=ok duration=0.03s
2025-11-04 11:39:05,728 INFO START AHpIGcABFbc (AMD 9070XT has entered the chat! Sorry NVIDIA)
2025-11-04 11:39:05,728 INFO Skipping AHpIGcABFbc (comments + info already exist)
2025-11-04 11:39:05,741 INFO END AHpIGcABFbc status_comments=ok duration=0.01s
2025-11-04 11:39:07,671 INFO START 0eweKFJ-D7U (AMD Radeon RX 9070 XT Review! The BEST AMD Graphics Card?)
2025-11-04 11:39:07,671 INFO Skipping 0eweKFJ-D7U (comments + info already exist)
2025-11-04 11:39:07,673 INFO END 0eweKFJ-D7U status_comments=ok duration=0.00s
2025-11-04 11:39:08,774 INFO START Rnc7uHs1tnw (RX 9070 XT vs RTX 5070 Ti - Big Comparison with New Drivers | 1440p & 4K)
2025-11-04 11:39:08,774 INFO Skipping Rnc7uHs1tnw (comments + info already exist)
2025-11-04 11:39:08,780 INFO END Rnc7uHs1tnw status_comments=ok duration=0.01s
2025-11-04 11:39:10,850 INFO START UjmvnuXxL5E (The Truth About the RX 9070 XT - One Month Later)
2025-11-04 11:39:10,851 INFO Skipping UjmvnuXxL5E (comments + info already exist)
2025-11-04 11:39:10,855 INFO END UjmvnuXxL5E status_comments=ok duration=0.00s
2025-11-04 11:39:12,350 INFO START mm_xyZ5OMOw (This New Single Slot LP ARC A310 Graphics Card Is Faster Than You Think!)
2025-11-04 11:39:12,350 INFO Skipping mm_xyZ5OMOw (comments + info already exist)
2025-11-04 11:39:12,353 INFO END mm_xyZ5OMOw status_comments=ok duration=0.00s
2025-11-04 11:39:14,776 INFO START coqkIj0rnfA (The Intel Arc A310 is AMAZING - Perfect Plex GPU)
2025-11-04 11:39:14,776 INFO Skipping coqkIj0rnfA (comments + info already exist)
2025-11-04 11:39:14,779 INFO END coqkIj0rnfA status_comments=ok duration=0.00s
2025-11-04 11:39:17,316 INFO START RPlxCEMtan8 (The Intel ARC A310 - Is The Cheapest ARC Graphics Card Worth It?)
2025-11-04 11:39:17,316 INFO Skipping RPlxCEMtan8 (comments + info already exist)
2025-11-04 11:39:17,319 INFO END RPlxCEMtan8 status_comments=ok duration=0.00s
2025-11-04 11:39:19,659 INFO START 2k1Tqxtcu5c (Intel Arc-A310: Surprising performance in a small package.)
2025-11-04 11:39:19,659 INFO Skipping 2k1Tqxtcu5c (comments + info already exist)
2025-11-04 11:39:19,660 INFO END 2k1Tqxtcu5c status_comments=ok duration=0.00s
2025-11-04 11:39:21,674 INFO START zAWY1LjlYPc (Intel ARC A310 vs RX 6400 - Test in 7 Games)
2025-11-04 11:39:21,674 INFO Skipping zAWY1LjlYPc (comments + info already exist)
2025-11-04 11:39:21,675 INFO END zAWY1LjlYPc status_comments=ok duration=0.00s
2025-11-04 11:39:22,924 INFO START zjGieJci3xE (AV1 On Linux With The Sparkle A310 ECO)
2025-11-04 11:39:22,924 INFO Skipping zjGieJci3xE (comments + info already exist)
2025-11-04 11:39:22,925 INFO END zjGieJci3xE status_comments=ok duration=0.00s
2025-11-04 11:39:25,076 INFO START La-dcK4h4ZU (Intel Arc A380 Gaming GPU Review & Benchmarks vs. AMD RX 6400, GTX 1650, & More)
2025-11-04 11:39:25,076 INFO Skipping La-dcK4h4ZU (comments + info already exist)
2025-11-04 11:39:25,088 INFO END La-dcK4h4ZU status_comments=ok duration=0.01s
2025-11-04 11:39:27,203 INFO START 2IWpF2-IUDI (Intel's Budget ARC A380 Graphics Card Keeps Getting Better (and Cheaper))
2025-11-04 11:39:27,203 INFO Skipping 2IWpF2-IUDI (comments + info already exist)
2025-11-04 11:39:27,206 INFO END 2IWpF2-IUDI status_comments=ok duration=0.00s
2025-11-04 11:39:28,613 INFO START Gfur75VRLdc (The Worlds First Single Slot Low Profile ARC A380 GPU! Small Foot Print Power)
2025-11-04 11:39:28,613 INFO Skipping Gfur75VRLdc (comments + info already exist)
2025-11-04 11:39:28,616 INFO END Gfur75VRLdc status_comments=ok duration=0.00s
2025-11-04 11:39:30,769 INFO START dRMxqMPeVLI (The Arc A380 Is Finally A Pretty Good Budget GPU!)
2025-11-04 11:39:30,769 INFO Skipping dRMxqMPeVLI (comments + info already exist)
2025-11-04 11:39:30,771 INFO END dRMxqMPeVLI status_comments=ok duration=0.00s
2025-11-04 11:39:32,045 INFO START DFzBPHpJYN0 (the little Arc A380 that couldn't.)
2025-11-04 11:39:32,045 INFO Skipping DFzBPHpJYN0 (comments + info already exist)
2025-11-04 11:39:32,047 INFO END DFzBPHpJYN0 status_comments=ok duration=0.00s
2025-11-04 11:39:33,756 INFO START Afqc1woq5Wc (Intel’s Arc A380 is full of surprises)
2025-11-04 11:39:33,757 INFO Skipping Afqc1woq5Wc (comments + info already exist)
2025-11-04 11:39:33,758 INFO END Afqc1woq5Wc status_comments=ok duration=0.00s
2025-11-04 11:39:35,856 INFO START e3o7tKRGcMY (Intel Arc A380 Gaming Graphics Card Review & Benchmarks)
2025-11-04 11:39:35,856 INFO Skipping e3o7tKRGcMY (comments + info already exist)
2025-11-04 11:39:35,862 INFO END e3o7tKRGcMY status_comments=ok duration=0.01s
2025-11-04 11:39:38,634 INFO START x_TTVfWuk6E (Intel Arc A580 ($180) vs RTX 3050 ($220) vs RX 7600 ($240))
2025-11-04 11:39:38,634 INFO Skipping x_TTVfWuk6E (comments + info already exist)
2025-11-04 11:39:38,637 INFO END x_TTVfWuk6E status_comments=ok duration=0.00s
2025-11-04 11:39:40,211 INFO START -M1bMzVzZF0 (The Intel Arc B580: Midrange GPU Magic!)
2025-11-04 11:39:40,211 INFO Skipping -M1bMzVzZF0 (comments + info already exist)
2025-11-04 11:39:40,214 INFO END -M1bMzVzZF0 status_comments=ok duration=0.00s
2025-11-04 11:39:42,972 INFO START WYY6d4Tq0go (Intel's ARC B580 Graphics Card Isn't What I Hoped…)
2025-11-04 11:39:42,972 INFO Skipping WYY6d4Tq0go (comments + info already exist)
2025-11-04 11:39:42,979 INFO END WYY6d4Tq0go status_comments=ok duration=0.01s
2025-11-04 11:39:45,643 INFO START Efy6WsgQAUk (Intel Arc A580 vs. Radeon RX 6600 vs. GeForce RTX 3050)
2025-11-04 11:39:45,643 INFO Skipping Efy6WsgQAUk (comments + info already exist)
2025-11-04 11:39:45,649 INFO END Efy6WsgQAUk status_comments=ok duration=0.01s
2025-11-04 11:39:48,577 INFO START dG8_00S85bA (They Forgot to Make Graphics Cards Affordable... Intel’s $180 Arc a580 is Different)
2025-11-04 11:39:48,577 INFO Skipping dG8_00S85bA (comments + info already exist)
2025-11-04 11:39:48,579 INFO END dG8_00S85bA status_comments=ok duration=0.00s
2025-11-04 11:39:49,982 INFO START vbaRTzyLIvA (Is It Worth Buying Intel Arc A580 ??? Review and Test in Games)
2025-11-04 11:39:49,982 INFO Skipping vbaRTzyLIvA (comments + info already exist)
2025-11-04 11:39:49,982 INFO END vbaRTzyLIvA status_comments=ok duration=0.00s
2025-11-04 11:39:51,138 INFO START XK6oVrm7Zg0 (REVEALED: BUDGET GPU for Video editing! | ASROCK Intel ARC A580 Review for Content Creators)
2025-11-04 11:39:51,138 INFO Skipping XK6oVrm7Zg0 (comments + info already exist)
2025-11-04 11:39:51,139 INFO END XK6oVrm7Zg0 status_comments=ok duration=0.00s
2025-11-04 11:39:53,075 INFO START FT2yk9PL-t8 (Intel Arc Goes Where NVIDIA Won't: A580 GPU Benchmarks & Review vs. A750, RX 6600, & More)
2025-11-04 11:39:53,075 INFO Skipping FT2yk9PL-t8 (comments + info already exist)
2025-11-04 11:39:53,080 INFO END FT2yk9PL-t8 status_comments=ok duration=0.01s
2025-11-04 11:39:55,311 INFO START XTomqXuYK4s (Intel GPUs Are Here! ARC A770 & A750 Review & Benchmarks)
2025-11-04 11:39:55,311 INFO Skipping XTomqXuYK4s (comments + info already exist)
2025-11-04 11:39:55,317 INFO END XTomqXuYK4s status_comments=ok duration=0.01s
2025-11-04 11:39:57,107 INFO START de51aJ33dMk (Intel Arc A750 Limited Edition GPU Review & Benchmarks vs. AMD RX 6600, A770, & More)
2025-11-04 11:39:57,107 INFO Skipping de51aJ33dMk (comments + info already exist)
2025-11-04 11:39:57,113 INFO END de51aJ33dMk status_comments=ok duration=0.01s
2025-11-04 11:39:58,385 INFO START dVX6odo-bJ8 (Intel Arc A750 vs. GeForce RTX 4060, 40+ Game Benchmark @ 1080p & 1440p)
2025-11-04 11:39:58,385 INFO Skipping dVX6odo-bJ8 (comments + info already exist)
2025-11-04 11:39:58,389 INFO END dVX6odo-bJ8 status_comments=ok duration=0.00s
2025-11-04 11:40:00,944 INFO START VhMZsD4v3CA (NVIDIA's in TROUBLE 👉 Now THAT's a BEST-BANG-FOR-BUCK GPU! | Sparkle Intel ARC A750 CREATOR Review)
2025-11-04 11:40:00,944 INFO Skipping VhMZsD4v3CA (comments + info already exist)
2025-11-04 11:40:00,946 INFO END VhMZsD4v3CA status_comments=ok duration=0.00s
2025-11-04 11:40:03,274 INFO START 6T9d9LM1TwY (Please Buy Intel GPUs. - Arc A750 & A770 Review)
2025-11-04 11:40:03,274 INFO Skipping 6T9d9LM1TwY (comments + info already exist)
2025-11-04 11:40:03,318 INFO END 6T9d9LM1TwY status_comments=ok duration=0.04s
2025-11-04 11:40:04,889 INFO START w3WSqLEciEw (Intel Arc 2024 Revisit & Benchmarks (A750, A770, A580, A380 Updated GPU Tests))
2025-11-04 11:40:04,889 INFO Skipping w3WSqLEciEw (comments + info already exist)
2025-11-04 11:40:04,899 INFO END w3WSqLEciEw status_comments=ok duration=0.01s
2025-11-04 11:40:07,657 INFO START FQFQoB_T3yg (Are Intel ARC Graphics Cards ACTUALLY Worth Buying? 🤔)
2025-11-04 11:40:07,657 INFO Skipping FQFQoB_T3yg (comments + info already exist)
2025-11-04 11:40:07,659 INFO END FQFQoB_T3yg status_comments=ok duration=0.00s
2025-11-04 11:40:08,775 INFO START Kluz0H38Wow (Intel ARC A770 / A750 Graphics Review: Here Comes A New Challenger)
2025-11-04 11:40:08,775 INFO Skipping Kluz0H38Wow (comments + info already exist)
2025-11-04 11:40:08,780 INFO END Kluz0H38Wow status_comments=ok duration=0.01s
2025-11-04 11:40:10,646 INFO START nEvdrbxTtVo (Intel Arc A770 16GB Limited Edition GPU Review & Benchmarks)
2025-11-04 11:40:10,646 INFO Skipping nEvdrbxTtVo (comments + info already exist)
2025-11-04 11:40:10,659 INFO END nEvdrbxTtVo status_comments=ok duration=0.01s
2025-11-04 11:40:12,766 INFO START h6R92qyjGQ4 (Intel ARC A770 Review — The New $350 GPU King?)
2025-11-04 11:40:12,766 INFO Skipping h6R92qyjGQ4 (comments + info already exist)
2025-11-04 11:40:12,768 INFO END h6R92qyjGQ4 status_comments=ok duration=0.00s
2025-11-04 11:40:14,102 INFO START ltD4TVN9wAY (World's First Intel ARC PC Build! (A770))
2025-11-04 11:40:14,102 INFO Skipping ltD4TVN9wAY (comments + info already exist)
2025-11-04 11:40:14,129 INFO END ltD4TVN9wAY status_comments=ok duration=0.03s
2025-11-04 11:40:16,822 INFO START ylJC0C6zQ48 (I hope it's as good as it looks - Intel Arc A770)
2025-11-04 11:40:16,822 INFO Skipping ylJC0C6zQ48 (comments + info already exist)
2025-11-04 11:40:16,830 INFO END ylJC0C6zQ48 status_comments=ok duration=0.01s
2025-11-04 11:40:19,052 INFO START kHPYPZYqL6c (Look What This GPU Can Do Now! Intel ARC A770 Hands On)
2025-11-04 11:40:19,052 INFO Skipping kHPYPZYqL6c (comments + info already exist)
2025-11-04 11:40:19,054 INFO END kHPYPZYqL6c status_comments=ok duration=0.00s
2025-11-04 11:40:20,573 INFO START n55Ow3uEiZA (I Bought The Intel ARC B570, Here are my Honest Impressions.)
2025-11-04 11:40:20,573 INFO Skipping n55Ow3uEiZA (comments + info already exist)
2025-11-04 11:40:20,575 INFO END n55Ow3uEiZA status_comments=ok duration=0.00s
2025-11-04 11:40:22,334 INFO START wSQhoKvnt1g (GPUs have been SO BAD that Intel Caught Up --- Arc B570 Review)
2025-11-04 11:40:22,334 INFO Skipping wSQhoKvnt1g (comments + info already exist)
2025-11-04 11:40:22,341 INFO END wSQhoKvnt1g status_comments=ok duration=0.01s
2025-11-04 11:40:23,849 INFO START m9uK4D35FlM (Intel Arc B570 'Battlemage' GPU Review & Benchmarks, Low-End CPU Tests, & Efficiency)
2025-11-04 11:40:23,849 INFO Skipping m9uK4D35FlM (comments + info already exist)
2025-11-04 11:40:23,858 INFO END m9uK4D35FlM status_comments=ok duration=0.01s
2025-11-04 11:40:25,635 INFO START EIiF2p7zf8E (Did Intel just dethrone AMD as the value GPU king? Arc B570 vs RX 6600- the Ultimate Comparison!!!)
2025-11-04 11:40:25,635 INFO Skipping EIiF2p7zf8E (comments + info already exist)
2025-11-04 11:40:25,639 INFO END EIiF2p7zf8E status_comments=ok duration=0.00s
2025-11-04 11:40:28,553 INFO START cgXFlaXeUlg (Intel Arc B570 is out! Reviewing the ASRock Challenger B570)
2025-11-04 11:40:28,553 INFO Skipping cgXFlaXeUlg (comments + info already exist)
2025-11-04 11:40:28,554 INFO END cgXFlaXeUlg status_comments=ok duration=0.00s
2025-11-04 11:40:30,425 INFO START 1VTQ_djJKv0 (Intel Arc B570 Review: A Budget GPU Bargain That's Too Good To Be True?)
2025-11-04 11:40:30,425 INFO Skipping 1VTQ_djJKv0 (comments + info already exist)
2025-11-04 11:40:30,427 INFO END 1VTQ_djJKv0 status_comments=ok duration=0.00s
2025-11-04 11:40:32,492 INFO START SXGTu0EQMoA (Derailing the hype train - Intel Arc B570)
2025-11-04 11:40:32,492 INFO Skipping SXGTu0EQMoA (comments + info already exist)
2025-11-04 11:40:32,495 INFO END SXGTu0EQMoA status_comments=ok duration=0.00s
2025-11-04 11:40:33,824 INFO START buJSNbVYxVA (Intel Arc B570 Review, The New $220 GPU! 1440p Gaming Benchmarks)
2025-11-04 11:40:33,824 INFO Skipping buJSNbVYxVA (comments + info already exist)
2025-11-04 11:40:33,830 INFO END buJSNbVYxVA status_comments=ok duration=0.01s
2025-11-04 11:40:35,570 INFO START pMlPZCgsRnA (Intel Arc B570 Review - SHOCKING UK price!)
2025-11-04 11:40:35,570 INFO Skipping pMlPZCgsRnA (comments + info already exist)
2025-11-04 11:40:35,571 INFO END pMlPZCgsRnA status_comments=ok duration=0.00s
2025-11-04 11:40:36,601 INFO START bjhSDXJkwUg (Is This Graphics Card The Hero We Need?)
2025-11-04 11:40:36,601 INFO Skipping bjhSDXJkwUg (comments + info already exist)
2025-11-04 11:40:36,606 INFO END bjhSDXJkwUg status_comments=ok duration=0.01s
2025-11-04 11:40:38,449 INFO START yKMigkGU8vI (Intel Arc B580 Review + Benchmarks: Great Performance + 12GB VRAM For $250!)
2025-11-04 11:40:38,449 INFO Skipping yKMigkGU8vI (comments + info already exist)
2025-11-04 11:40:38,453 INFO END yKMigkGU8vI status_comments=ok duration=0.00s
2025-11-04 11:40:41,428 INFO START JjdCkSsLYLk (Intel Arc B580 'Battlemage' GPU Review & Benchmarks vs. NVIDIA RTX 4060, AMD RX 7600, & More)
2025-11-04 11:40:41,428 INFO Skipping JjdCkSsLYLk (comments + info already exist)
2025-11-04 11:40:41,443 INFO END JjdCkSsLYLk status_comments=ok duration=0.02s
2025-11-04 11:40:43,520 INFO START dvAVBZeNJZI (I Bought Intel's Fastest GPU to See if It's Better Than NVIDIA)
2025-11-04 11:40:43,520 INFO Skipping dvAVBZeNJZI (comments + info already exist)
2025-11-04 11:40:43,524 INFO END dvAVBZeNJZI status_comments=ok duration=0.00s
2025-11-04 11:40:45,728 INFO START aV_xL88vcAQ (Intel Arc B580 Review, The Best Value GPU! 1080P & 1440p Gaming Benchmarks)
2025-11-04 11:40:45,728 INFO Skipping aV_xL88vcAQ (comments + info already exist)
2025-11-04 11:40:45,741 INFO END aV_xL88vcAQ status_comments=ok duration=0.01s
2025-11-04 11:40:48,237 INFO START ovH5pZ-a0l4 (The Intel Arc B580 isn’t for budget gamers)
2025-11-04 11:40:48,237 INFO yt-dlp attempt 1 for ovH5pZ-a0l4 (drop_extractor=False)
2025-11-04 11:41:00,119 INFO yt-dlp succeeded on attempt 1 for ovH5pZ-a0l4
2025-11-04 11:41:00,134 INFO END ovH5pZ-a0l4 status_comments=ok duration=11.90s
2025-11-04 11:41:01,918 INFO START qvxS8EIYerE (Intel ARC B580 Founders Edition Review & Thoughts - Don't Buy It)
2025-11-04 11:41:01,918 INFO yt-dlp attempt 1 for qvxS8EIYerE (drop_extractor=False)
2025-11-04 11:41:10,558 INFO yt-dlp succeeded on attempt 1 for qvxS8EIYerE
2025-11-04 11:41:10,566 INFO END qvxS8EIYerE status_comments=ok duration=8.65s
2025-11-04 11:41:11,643 INFO START dboPZUcTAW4 (THE INTEL ARC B580 IS ACTUALLY GREAT & AFFORDABLE)
2025-11-04 11:41:11,643 INFO yt-dlp attempt 1 for dboPZUcTAW4 (drop_extractor=False)
2025-11-04 11:42:00,821 INFO yt-dlp succeeded on attempt 1 for dboPZUcTAW4
2025-11-04 11:42:00,891 INFO END dboPZUcTAW4 status_comments=ok duration=49.25s
2025-11-04 11:42:03,745 INFO START gHHP2lqqrkw (The Truth About the Intel Arc B580 - Six Months Later)
2025-11-04 11:42:03,745 INFO yt-dlp attempt 1 for gHHP2lqqrkw (drop_extractor=False)
2025-11-04 11:42:16,716 INFO yt-dlp succeeded on attempt 1 for gHHP2lqqrkw
2025-11-04 11:42:16,728 INFO END gHHP2lqqrkw status_comments=ok duration=12.98s
2025-11-04 11:42:16,744 INFO Summary: total=330, comments_ok=330, comments_disabled=0, comments_none=0, comments_error=0
2025-11-04 19:43:32,602 INFO START yU8W0v79MtE (GTX 1060 Benchmarks and Review: Nvidia Strikes Back)
2025-11-04 19:43:32,603 INFO yt-dlp attempt 1 for yU8W0v79MtE (drop_extractor=False)
2025-11-04 19:44:01,896 INFO yt-dlp succeeded on attempt 1 for yU8W0v79MtE
2025-11-04 19:44:01,917 INFO END yU8W0v79MtE status_comments=ok duration=29.31s
2025-11-04 19:44:03,728 INFO START mF4S5ZaXdgE (Nvidia GTX 1060 Review - RX 480 Killer?)
2025-11-04 19:44:03,728 INFO yt-dlp attempt 1 for mF4S5ZaXdgE (drop_extractor=False)
2025-11-04 19:45:33,191 INFO yt-dlp succeeded on attempt 1 for mF4S5ZaXdgE
2025-11-04 19:45:33,264 INFO END mF4S5ZaXdgE status_comments=ok duration=89.54s
2025-11-04 19:45:35,431 INFO START UIHduhKkt3U (No Founder's Editions... What now? - Gigabyte G1 Gaming GTX 1060 (6GB) Review)
2025-11-04 19:45:35,431 INFO yt-dlp attempt 1 for UIHduhKkt3U (drop_extractor=False)
2025-11-04 19:46:09,783 INFO yt-dlp succeeded on attempt 1 for UIHduhKkt3U
2025-11-04 19:46:09,816 INFO END UIHduhKkt3U status_comments=ok duration=34.38s
2025-11-04 19:46:12,554 INFO START WtWIuaGsrjg (Nvidia GeForce GTX 1060 Review: Faster Than RX 480 and GTX 980?)
2025-11-04 19:46:12,554 INFO yt-dlp attempt 1 for WtWIuaGsrjg (drop_extractor=False)
2025-11-04 19:46:34,997 INFO yt-dlp succeeded on attempt 1 for WtWIuaGsrjg
2025-11-04 19:46:35,010 INFO END WtWIuaGsrjg status_comments=ok duration=22.46s
2025-11-04 19:46:37,537 INFO START Kh0aK4q7Foo (GTX 1060 Review + Benchmarks vs RX 480!)
2025-11-04 19:46:37,537 INFO yt-dlp attempt 1 for Kh0aK4q7Foo (drop_extractor=False)
2025-11-04 19:46:56,018 INFO yt-dlp succeeded on attempt 1 for Kh0aK4q7Foo
2025-11-04 19:46:56,032 INFO END Kh0aK4q7Foo status_comments=ok duration=18.50s
2025-11-04 19:46:57,238 INFO START 697Fzb5ircM (EVGA GTX 1070 SC Review & Overclocking Benchmarks)
2025-11-04 19:46:57,238 INFO yt-dlp attempt 1 for 697Fzb5ircM (drop_extractor=False)
2025-11-04 19:46:59,603 INFO START yU8W0v79MtE (GTX 1060 Benchmarks and Review: Nvidia Strikes Back)
2025-11-04 19:46:59,604 INFO Skipping yU8W0v79MtE (comments + info already exist)
2025-11-04 19:46:59,610 INFO END yU8W0v79MtE status_comments=ok duration=0.01s
2025-11-04 19:47:02,548 INFO START mF4S5ZaXdgE (Nvidia GTX 1060 Review - RX 480 Killer?)
2025-11-04 19:47:02,548 INFO Skipping mF4S5ZaXdgE (comments + info already exist)
2025-11-04 19:47:02,571 INFO END mF4S5ZaXdgE status_comments=ok duration=0.02s
2025-11-04 19:47:04,512 INFO START UIHduhKkt3U (No Founder's Editions... What now? - Gigabyte G1 Gaming GTX 1060 (6GB) Review)
2025-11-04 19:47:04,512 INFO Skipping UIHduhKkt3U (comments + info already exist)
2025-11-04 19:47:04,519 INFO END UIHduhKkt3U status_comments=ok duration=0.01s
2025-11-04 19:47:07,253 INFO START WtWIuaGsrjg (Nvidia GeForce GTX 1060 Review: Faster Than RX 480 and GTX 980?)
2025-11-04 19:47:07,253 INFO Skipping WtWIuaGsrjg (comments + info already exist)
2025-11-04 19:47:07,256 INFO END WtWIuaGsrjg status_comments=ok duration=0.00s
2025-11-04 19:47:07,520 INFO yt-dlp succeeded on attempt 1 for 697Fzb5ircM
2025-11-04 19:47:07,530 INFO END 697Fzb5ircM status_comments=ok duration=10.29s
2025-11-04 19:47:08,817 INFO START Kh0aK4q7Foo (GTX 1060 Review + Benchmarks vs RX 480!)
2025-11-04 19:47:08,818 INFO Skipping Kh0aK4q7Foo (comments + info already exist)
2025-11-04 19:47:08,821 INFO END Kh0aK4q7Foo status_comments=ok duration=0.00s
2025-11-04 19:47:09,104 INFO START rfisvPuu8QU (MSI GTX 1070 GAMING X/Z Review - How GOOD is it??)
2025-11-04 19:47:09,105 INFO yt-dlp attempt 1 for rfisvPuu8QU (drop_extractor=False)
2025-11-04 19:47:10,329 INFO START 697Fzb5ircM (EVGA GTX 1070 SC Review & Overclocking Benchmarks)
2025-11-04 19:47:10,329 INFO Skipping 697Fzb5ircM (comments + info already exist)
2025-11-04 19:47:10,332 INFO END 697Fzb5ircM status_comments=ok duration=0.00s
2025-11-04 19:47:12,246 INFO START rfisvPuu8QU (MSI GTX 1070 GAMING X/Z Review - How GOOD is it??)
2025-11-04 19:47:12,248 INFO Skipping rfisvPuu8QU (comments + info already exist)
2025-11-04 19:47:12,249 INFO END rfisvPuu8QU status_comments=ok duration=0.00s
2025-11-04 19:47:15,008 INFO START 4yq7VVW76VY (NVIDIA GeForce GTX 1070 Review vs. 1080, 970, 390X)
2025-11-04 19:47:15,008 INFO Skipping 4yq7VVW76VY (comments + info already exist)
2025-11-04 19:47:15,010 INFO END 4yq7VVW76VY status_comments=ok duration=0.00s
2025-11-04 19:47:17,550 INFO START epHr7Z_6nLo (Nvidia GeForce GTX 1070 Review: Can It Really Match Titan X?)
2025-11-04 19:47:17,551 INFO Skipping epHr7Z_6nLo (comments + info already exist)
2025-11-04 19:47:17,555 INFO END epHr7Z_6nLo status_comments=ok duration=0.01s
2025-11-04 19:47:19,208 INFO START rkiZdSBux9E (Nvidia GTX 1070 Performance Review - The new 1440p sweet spot?)
2025-11-04 19:47:19,208 INFO Skipping rkiZdSBux9E (comments + info already exist)
2025-11-04 19:47:19,234 INFO END rkiZdSBux9E status_comments=ok duration=0.03s
2025-11-04 19:47:20,880 INFO START ZdfAo9p9Q2k (GTX 1080 Founders Edition Review & Benchmark)
2025-11-04 19:47:20,880 INFO Skipping ZdfAo9p9Q2k (comments + info already exist)
2025-11-04 19:47:20,882 INFO END ZdfAo9p9Q2k status_comments=ok duration=0.00s
2025-11-04 19:47:21,312 INFO yt-dlp succeeded on attempt 1 for rfisvPuu8QU
2025-11-04 19:47:21,321 INFO END rfisvPuu8QU status_comments=ok duration=12.22s
2025-11-04 19:47:23,848 INFO START 2-61Zn4Sb8Q (Nvidia GTX 1080 Performance Review - The New King)
2025-11-04 19:47:23,849 INFO Skipping 2-61Zn4Sb8Q (comments + info already exist)
2025-11-04 19:47:23,879 INFO END 2-61Zn4Sb8Q status_comments=ok duration=0.03s
2025-11-04 19:47:24,318 INFO START 4yq7VVW76VY (NVIDIA GeForce GTX 1070 Review vs. 1080, 970, 390X)
2025-11-04 19:47:24,319 INFO yt-dlp attempt 1 for 4yq7VVW76VY (drop_extractor=False)
2025-11-04 19:47:25,535 INFO START -ZG54Da2pMM (Nvidia GeForce GTX 1080 Review: The New GPU King)
2025-11-04 19:47:25,535 INFO Skipping -ZG54Da2pMM (comments + info already exist)
2025-11-04 19:47:25,538 INFO END -ZG54Da2pMM status_comments=ok duration=0.00s
2025-11-04 19:47:28,372 INFO START UVlT_VFI0VU (ASUS GTX 1080 Strix Review - "I wanna go fast!")
2025-11-04 19:47:28,374 INFO Skipping UVlT_VFI0VU (comments + info already exist)
2025-11-04 19:47:28,385 INFO END UVlT_VFI0VU status_comments=ok duration=0.01s
2025-11-04 19:47:30,756 INFO START ilArkYmDYEI (GIGABYTE G1 GAMING - GTX 1080 Review)
2025-11-04 19:47:30,756 INFO Skipping ilArkYmDYEI (comments + info already exist)
2025-11-04 19:47:30,758 INFO END ilArkYmDYEI status_comments=ok duration=0.00s
2025-11-04 19:47:32,339 INFO START BipVR5-YM_Y (NVidia GTX 1080 Ti Founders Edition Review & Thermal Analysis)
2025-11-04 19:47:32,339 INFO Skipping BipVR5-YM_Y (comments + info already exist)
2025-11-04 19:47:32,341 INFO END BipVR5-YM_Y status_comments=ok duration=0.00s
2025-11-04 19:47:33,369 INFO START D5r7151k2S0 (Nvidia GeForce GTX 1080 Ti Review [20 games tested @ 1080p, 1440p & 4K])
2025-11-04 19:47:33,369 INFO Skipping D5r7151k2S0 (comments + info already exist)
2025-11-04 19:47:33,372 INFO END D5r7151k2S0 status_comments=ok duration=0.00s
2025-11-04 19:47:35,821 INFO START cmjnT0wmCBo (GTX 1080 Ti Review! The Best GPU for 4K 60fps Gaming!)
2025-11-04 19:47:35,822 INFO Skipping cmjnT0wmCBo (comments + info already exist)
2025-11-04 19:47:35,826 INFO END cmjnT0wmCBo status_comments=ok duration=0.01s
2025-11-04 19:47:37,372 INFO START ghT7G_9xyDU (The Greatest GPU of All Time: NVIDIA GTX 1080 Ti & GTX 1080 2024 Revisit & History)
2025-11-04 19:47:37,372 INFO Skipping ghT7G_9xyDU (comments + info already exist)
2025-11-04 19:47:37,403 INFO END ghT7G_9xyDU status_comments=ok duration=0.03s
2025-11-04 19:47:39,314 INFO yt-dlp succeeded on attempt 1 for 4yq7VVW76VY
2025-11-04 19:47:39,324 INFO END 4yq7VVW76VY status_comments=ok duration=15.01s
2025-11-04 19:47:39,861 INFO START L34ZkAF9q9w (GTX 1080 Ti Review - AMAZING)
2025-11-04 19:47:39,861 INFO Skipping L34ZkAF9q9w (comments + info already exist)
2025-11-04 19:47:39,894 INFO END L34ZkAF9q9w status_comments=ok duration=0.03s
2025-11-04 19:47:41,472 INFO START 9mxjV3cuB-c (Nvidia GeForce RTX 2060 Review: Ray Tracing For The Masses?)
2025-11-04 19:47:41,473 INFO Skipping 9mxjV3cuB-c (comments + info already exist)
2025-11-04 19:47:41,478 INFO END 9mxjV3cuB-c status_comments=ok duration=0.01s
2025-11-04 19:47:41,784 INFO START epHr7Z_6nLo (Nvidia GeForce GTX 1070 Review: Can It Really Match Titan X?)
2025-11-04 19:47:41,785 INFO yt-dlp attempt 1 for epHr7Z_6nLo (drop_extractor=False)
2025-11-04 19:47:43,492 INFO START KPGYC6ndZZU (RTX 2060 Review - Finally A Reason to Buy RTX?)
2025-11-04 19:47:43,492 INFO Skipping KPGYC6ndZZU (comments + info already exist)
2025-11-04 19:47:43,497 INFO END KPGYC6ndZZU status_comments=ok duration=0.00s
2025-11-04 19:47:45,347 INFO START b4Kfrc3kk_c (NVIDIA RTX 2060 6GB Review: Overclocking, Ray-Tracing, Thermals)
2025-11-04 19:47:45,347 INFO Skipping b4Kfrc3kk_c (comments + info already exist)
2025-11-04 19:47:45,355 INFO END b4Kfrc3kk_c status_comments=ok duration=0.01s
2025-11-04 19:47:47,795 INFO START fCTieiaSMYA (Why would you even…? - Nvidia GeForce RTX 2060 Review)
2025-11-04 19:47:47,796 INFO Skipping fCTieiaSMYA (comments + info already exist)
2025-11-04 19:47:47,830 INFO END fCTieiaSMYA status_comments=ok duration=0.03s
2025-11-04 19:47:49,329 INFO START otvIXprL2LU (RTX 2060 Review, Did Nvidia Screw Us? The Possible End of Our GeForce Day One Coverage)
2025-11-04 19:47:49,330 INFO Skipping otvIXprL2LU (comments + info already exist)
2025-11-04 19:47:49,344 INFO END otvIXprL2LU status_comments=ok duration=0.01s
2025-11-04 19:47:51,888 INFO START dGpzf0uHuCc (Nvidia GeForce RTX 2070 Super & 2060 Super Review)
2025-11-04 19:47:51,889 INFO Skipping dGpzf0uHuCc (comments + info already exist)
2025-11-04 19:47:51,897 INFO END dGpzf0uHuCc status_comments=ok duration=0.01s
2025-11-04 19:47:53,782 INFO START a5-vCnUC7bM (NVIDIA RTX 2070 Super & 2060 Super Review: Killing Radeon VII)
2025-11-04 19:47:53,783 INFO Skipping a5-vCnUC7bM (comments + info already exist)
2025-11-04 19:47:53,792 INFO END a5-vCnUC7bM status_comments=ok duration=0.01s
2025-11-04 19:47:56,281 INFO START hCSTAEG-_uI (Trouble For RX 5700? RTX 2060 Super & RTX 2070 Super Review)
2025-11-04 19:47:56,281 INFO Skipping hCSTAEG-_uI (comments + info already exist)
2025-11-04 19:47:56,285 INFO END hCSTAEG-_uI status_comments=ok duration=0.00s
2025-11-04 19:47:59,115 INFO START 5CbqEKWGblE (Buy THIS Instead - RTX 2070 Review)
2025-11-04 19:47:59,115 INFO Skipping 5CbqEKWGblE (comments + info already exist)
2025-11-04 19:47:59,143 INFO END 5CbqEKWGblE status_comments=ok duration=0.03s
2025-11-04 19:48:02,048 INFO START RAcsxZfROY8 (GeForce RTX 2070 Review, 20 Game Benchmark Breakdown)
2025-11-04 19:48:02,048 INFO Skipping RAcsxZfROY8 (comments + info already exist)
2025-11-04 19:48:02,054 INFO END RAcsxZfROY8 status_comments=ok duration=0.01s
2025-11-04 19:48:03,415 INFO START FPombfzp7qw (EVGA RTX 2070 Review & Overclocking vs. GTX 970, 1070, & More)
2025-11-04 19:48:03,416 INFO Skipping FPombfzp7qw (comments + info already exist)
2025-11-04 19:48:03,422 INFO END FPombfzp7qw status_comments=ok duration=0.01s
2025-11-04 19:48:05,528 INFO START vMQK1YIbA7g (Nvidia GeForce RTX 2070 Review: The Digital Foundry Verdict)
2025-11-04 19:48:05,529 INFO Skipping vMQK1YIbA7g (comments + info already exist)
2025-11-04 19:48:05,532 INFO END vMQK1YIbA7g status_comments=ok duration=0.00s
2025-11-04 19:48:07,533 INFO START isdJJUmpNJ4 (NVIDIA RTX 2070 Review - One MESSED UP Launch!)
2025-11-04 19:48:07,534 INFO Skipping isdJJUmpNJ4 (comments + info already exist)
2025-11-04 19:48:07,537 INFO END isdJJUmpNJ4 status_comments=ok duration=0.00s
2025-11-04 19:48:07,795 INFO yt-dlp succeeded on attempt 1 for epHr7Z_6nLo
2025-11-04 19:48:07,812 INFO END epHr7Z_6nLo status_comments=ok duration=26.03s
2025-11-04 19:48:09,212 INFO START rkiZdSBux9E (Nvidia GTX 1070 Performance Review - The new 1440p sweet spot?)
2025-11-04 19:48:09,213 INFO yt-dlp attempt 1 for rkiZdSBux9E (drop_extractor=False)
2025-11-04 19:48:10,084 INFO START bnEPBcCkM2Y (Nvidia’s New SUPER Cards! - RTX 2060 & 2070 SUPER Review)
2025-11-04 19:48:10,085 INFO Skipping bnEPBcCkM2Y (comments + info already exist)
2025-11-04 19:48:10,114 INFO END bnEPBcCkM2Y status_comments=ok duration=0.03s
2025-11-04 19:48:11,176 INFO START 9QSo2WH6Lm4 (PNY RTX 2070 Super Review - TechteamGB)
2025-11-04 19:48:11,176 INFO Skipping 9QSo2WH6Lm4 (comments + info already exist)
2025-11-04 19:48:11,177 INFO END 9QSo2WH6Lm4 status_comments=ok duration=0.00s
2025-11-04 19:48:12,329 INFO START qKzVZhfCkDU (We Need to Talk About the RTX 2070 Super)
2025-11-04 19:48:12,330 INFO Skipping qKzVZhfCkDU (comments + info already exist)
2025-11-04 19:48:12,335 INFO END qKzVZhfCkDU status_comments=ok duration=0.01s
2025-11-04 19:48:15,148 INFO START o1DoG6uTYBg (This Seems Rushed... - GeForce RTX Review)
2025-11-04 19:48:15,149 INFO Skipping o1DoG6uTYBg (comments + info already exist)
2025-11-04 19:48:15,196 INFO END o1DoG6uTYBg status_comments=ok duration=0.05s
2025-11-04 19:48:17,296 INFO START jUM_eINGUl4 (RTX 2080 Founders Edition Review, Overclocking, & Benchmarks)
2025-11-04 19:48:17,297 INFO Skipping jUM_eINGUl4 (comments + info already exist)
2025-11-04 19:48:17,302 INFO END jUM_eINGUl4 status_comments=ok duration=0.01s
2025-11-04 19:48:18,639 INFO START cxuoDyjemdA (Nvidia GeForce RTX 2080 Super Review, We Miss The 1080 Ti)
2025-11-04 19:48:18,640 INFO Skipping cxuoDyjemdA (comments + info already exist)
2025-11-04 19:48:18,645 INFO END cxuoDyjemdA status_comments=ok duration=0.01s
2025-11-04 19:48:21,133 INFO START lVfhtALejUQ (Too Good for Turing - MSI's RTX 2080 Gaming X Trio Tested!)
2025-11-04 19:48:21,134 INFO Skipping lVfhtALejUQ (comments + info already exist)
2025-11-04 19:48:21,135 INFO END lVfhtALejUQ status_comments=ok duration=0.00s
2025-11-04 19:48:23,435 INFO START Ny4ksthFzpk (Nvidia's RTX 2080 Series Review Breakdown)
2025-11-04 19:48:23,436 INFO Skipping Ny4ksthFzpk (comments + info already exist)
2025-11-04 19:48:23,436 INFO END Ny4ksthFzpk status_comments=ok duration=0.00s
2025-11-04 19:48:25,503 INFO START kM4DIjEdGCE (AVOID This One? RTX 2080 Super Review & Gaming Benchmarks)
2025-11-04 19:48:25,504 INFO Skipping kM4DIjEdGCE (comments + info already exist)
2025-11-04 19:48:25,508 INFO END kM4DIjEdGCE status_comments=ok duration=0.00s
2025-11-04 19:48:27,190 INFO START Qeb3IhsZSCM (NVIDIA RTX 2080 Super Review: We Get It, NVIDIA, You Can Make a 1080 Ti)
2025-11-04 19:48:27,191 INFO Skipping Qeb3IhsZSCM (comments + info already exist)
2025-11-04 19:48:27,204 INFO END Qeb3IhsZSCM status_comments=ok duration=0.01s
2025-11-04 19:48:28,578 INFO START XTmSP_DBopY (Nvidia RTX 2080 SUPER Review - with MSI's Gaming X Trio!)
2025-11-04 19:48:28,578 INFO Skipping XTmSP_DBopY (comments + info already exist)
2025-11-04 19:48:28,579 INFO END XTmSP_DBopY status_comments=ok duration=0.00s
2025-11-04 19:48:30,740 INFO START pgEI4tzh0dc (Nvidia GeForce RTX 2080/ RTX 2080 Ti Review: True Next-Gen Graphics Architecture?)
2025-11-04 19:48:30,740 INFO Skipping pgEI4tzh0dc (comments + info already exist)
2025-11-04 19:48:30,747 INFO END pgEI4tzh0dc status_comments=ok duration=0.01s
2025-11-04 19:48:31,941 INFO START dLjQR0UFUd0 (GeForce RTX 2080 & 2080 Ti Review, I Was WRONG!)
2025-11-04 19:48:31,941 INFO Skipping dLjQR0UFUd0 (comments + info already exist)
2025-11-04 19:48:31,952 INFO END dLjQR0UFUd0 status_comments=ok duration=0.01s
2025-11-04 19:48:34,414 INFO START 4r8g1NaWDBQ (RTX 2080 Ti & RTX 2080 Review - Benchmarks & OVERCLOCKING!)
2025-11-04 19:48:34,415 INFO Skipping 4r8g1NaWDBQ (comments + info already exist)
2025-11-04 19:48:34,419 INFO END 4r8g1NaWDBQ status_comments=ok duration=0.00s
2025-11-04 19:48:37,344 INFO START LoPfkaSKIVo (NVIDIA Needs to STOP - RTX 3050 & Misleading Branding)
2025-11-04 19:48:37,344 INFO Skipping LoPfkaSKIVo (comments + info already exist)
2025-11-04 19:48:37,363 INFO END LoPfkaSKIVo status_comments=ok duration=0.02s
2025-11-04 19:48:39,990 INFO START eob0o3wUqIw (Is the Cheapest RTX GPU Worth It? RTX 3050 Review)
2025-11-04 19:48:39,991 INFO Skipping eob0o3wUqIw (comments + info already exist)
2025-11-04 19:48:39,993 INFO END eob0o3wUqIw status_comments=ok duration=0.00s
2025-11-04 19:48:42,895 INFO START r2NNegA77uA (NVIDIA GeForce RTX 3050 GPU Review & Benchmarks)
2025-11-04 19:48:42,895 INFO Skipping r2NNegA77uA (comments + info already exist)
2025-11-04 19:48:42,908 INFO END r2NNegA77uA status_comments=ok duration=0.01s
2025-11-04 19:48:44,706 INFO START kXGnLjwbOBY (Nvidia GeForce RTX 3050 Review, The Bare Minimum Edition)
2025-11-04 19:48:44,706 INFO Skipping kXGnLjwbOBY (comments + info already exist)
2025-11-04 19:48:44,713 INFO END kXGnLjwbOBY status_comments=ok duration=0.01s
2025-11-04 19:48:47,113 INFO START SlobQZECwxE (Your next GPU - RTX 3050)
2025-11-04 19:48:47,113 INFO Skipping SlobQZECwxE (comments + info already exist)
2025-11-04 19:48:47,133 INFO END SlobQZECwxE status_comments=ok duration=0.02s
2025-11-04 19:48:49,070 INFO START 3C-RoDtqdJ8 (NVIDIA RTX 3060 GPU Review & Benchmarks: Aaand It's Gone)
2025-11-04 19:48:49,070 INFO Skipping 3C-RoDtqdJ8 (comments + info already exist)
2025-11-04 19:48:49,090 INFO END 3C-RoDtqdJ8 status_comments=ok duration=0.02s
2025-11-04 19:48:50,200 INFO START kAJAViPWR_8 (I'm still mad… but buy it anyway - RTX 3060 Review)
2025-11-04 19:48:50,201 INFO Skipping kAJAViPWR_8 (comments + info already exist)
2025-11-04 19:48:50,256 INFO END kAJAViPWR_8 status_comments=ok duration=0.06s
2025-11-04 19:48:52,195 INFO START 8rz32GVndEM (Nvidia GeForce RTX 3060 Review, Better Late Than Never Right?)
2025-11-04 19:48:52,195 INFO Skipping 8rz32GVndEM (comments + info already exist)
2025-11-04 19:48:52,203 INFO END 8rz32GVndEM status_comments=ok duration=0.01s
2025-11-04 19:48:55,131 INFO START H1DApIvOCMw (My SALTY Review of the NVIDIA RTX 3060…)
2025-11-04 19:48:55,132 INFO Skipping H1DApIvOCMw (comments + info already exist)
2025-11-04 19:48:55,172 INFO END H1DApIvOCMw status_comments=ok duration=0.04s
2025-11-04 19:48:56,220 INFO START Ayge2grIeDE (NVIDIA RTX 3060 Review - Time to Upgrade GTX 1060 & GTX 960?)
2025-11-04 19:48:56,220 INFO Skipping Ayge2grIeDE (comments + info already exist)
2025-11-04 19:48:56,223 INFO END Ayge2grIeDE status_comments=ok duration=0.00s
2025-11-04 19:48:57,706 INFO START JfASASNLgIk (Nvidia GeForce RTX 3060 Ti Review: Faster than 2080 Super, Easily Beats 1080 Ti)
2025-11-04 19:48:57,706 INFO Skipping JfASASNLgIk (comments + info already exist)
2025-11-04 19:48:57,712 INFO END JfASASNLgIk status_comments=ok duration=0.01s
2025-11-04 19:49:00,467 INFO START oGyWz866AoM (Merry Christmas, scalpers! - RTX 3060 Ti Review)
2025-11-04 19:49:00,468 INFO Skipping oGyWz866AoM (comments + info already exist)
2025-11-04 19:49:00,496 INFO END oGyWz866AoM status_comments=ok duration=0.03s
2025-11-04 19:49:02,063 INFO START t9H2PfYDFok (NVIDIA GeForce RTX 3060 Ti Founders Edition Review: Gaming, Thermals, Noise, & Power Benchmarks)
2025-11-04 19:49:02,064 INFO Skipping t9H2PfYDFok (comments + info already exist)
2025-11-04 19:49:02,074 INFO END t9H2PfYDFok status_comments=ok duration=0.01s
2025-11-04 19:49:04,479 INFO START Mya3ZvVRTRg (RTX 3070 Review - Worth the $500?)
2025-11-04 19:49:04,479 INFO Skipping Mya3ZvVRTRg (comments + info already exist)
2025-11-04 19:49:04,488 INFO END Mya3ZvVRTRg status_comments=ok duration=0.01s
2025-11-04 19:49:06,027 INFO START ul8F0MmRpmY (Nvidia GeForce RTX 3070 Review: Is It Really As Fast As 2080 Ti?)
2025-11-04 19:49:06,028 INFO Skipping ul8F0MmRpmY (comments + info already exist)
2025-11-04 19:49:06,034 INFO END ul8F0MmRpmY status_comments=ok duration=0.01s
2025-11-04 19:49:07,817 INFO START 3XaOeLPztN4 (I'm DONE covering for NVIDIA - RTX 3070 Review)
2025-11-04 19:49:07,818 INFO Skipping 3XaOeLPztN4 (comments + info already exist)
2025-11-04 19:49:07,855 INFO END 3XaOeLPztN4 status_comments=ok duration=0.04s
2025-11-04 19:49:09,073 INFO START NbZDERlshbQ (NVIDIA GeForce RTX 3070 Founders Edition Review: Gaming, Thermals, Noise, & Power Benchmarks)
2025-11-04 19:49:09,074 INFO Skipping NbZDERlshbQ (comments + info already exist)
2025-11-04 19:49:09,082 INFO END NbZDERlshbQ status_comments=ok duration=0.01s
2025-11-04 19:49:10,292 INFO START UFAfOqTzc18 (GeForce RTX 3070 Benchmark Review)
2025-11-04 19:49:10,292 INFO Skipping UFAfOqTzc18 (comments + info already exist)
2025-11-04 19:49:10,302 INFO END UFAfOqTzc18 status_comments=ok duration=0.01s
2025-11-04 19:49:12,923 INFO START ThfeEjogy4Y (PLEASE Don't Waste Your Money! - Nvidia RTX 3070 Review & Overclocking! (Gameplay Benchmarks))
2025-11-04 19:49:12,924 INFO Skipping ThfeEjogy4Y (comments + info already exist)
2025-11-04 19:49:12,929 INFO END ThfeEjogy4Y status_comments=ok duration=0.01s
2025-11-04 19:49:14,195 INFO START zC0TbZq_oIU (People Will Literally Fight Over This - RTX 3070 Ti Review)
2025-11-04 19:49:14,196 INFO Skipping zC0TbZq_oIU (comments + info already exist)
2025-11-04 19:49:14,221 INFO END zC0TbZq_oIU status_comments=ok duration=0.03s
2025-11-04 19:49:17,022 INFO START dQJwjxUB0LU (Gaslighting GPU Buyers: NVIDIA RTX 3070 Ti Review & Benchmarks)
2025-11-04 19:49:17,023 INFO Skipping dQJwjxUB0LU (comments + info already exist)
2025-11-04 19:49:17,045 INFO END dQJwjxUB0LU status_comments=ok duration=0.02s
2025-11-04 19:49:18,841 INFO START csSmiaR3RVE (Nvidia GeForce RTX 3080 Review)
2025-11-04 19:49:18,842 INFO Skipping csSmiaR3RVE (comments + info already exist)
2025-11-04 19:49:18,859 INFO END csSmiaR3RVE status_comments=ok duration=0.02s
2025-11-04 19:49:20,016 INFO START k7FlXu9dAMU (Nvidia GeForce RTX 3080 Review: Brute Force Power Delivers Huge Performance)
2025-11-04 19:49:20,016 INFO Skipping k7FlXu9dAMU (comments + info already exist)
2025-11-04 19:49:20,034 INFO END k7FlXu9dAMU status_comments=ok duration=0.02s
2025-11-04 19:49:22,034 INFO START HybxSfUtvgY (My Nvidia RTX 3080 Review!)
2025-11-04 19:49:22,035 INFO Skipping HybxSfUtvgY (comments + info already exist)
2025-11-04 19:49:22,044 INFO END HybxSfUtvgY status_comments=ok duration=0.01s
2025-11-04 19:49:24,374 INFO START oTeXh9x0sUc (NVIDIA GeForce RTX 3080 Founders Edition Review: Gaming, Thermals, Noise, & Power Benchmarks)
2025-11-04 19:49:24,375 INFO Skipping oTeXh9x0sUc (comments + info already exist)
2025-11-04 19:49:24,396 INFO END oTeXh9x0sUc status_comments=ok duration=0.02s
2025-11-04 19:49:25,569 INFO START AG_ZHi3tuyk (Nvidia, you PROMISED! - RTX 3080 Review)
2025-11-04 19:49:25,569 INFO Skipping AG_ZHi3tuyk (comments + info already exist)
2025-11-04 19:49:25,615 INFO END AG_ZHi3tuyk status_comments=ok duration=0.05s
2025-11-04 19:49:27,125 INFO START qHqesWMY9OU (NVIDIA RTX 3080 Ti Review - NOT a New Hope for Gamers)
2025-11-04 19:49:27,126 INFO Skipping qHqesWMY9OU (comments + info already exist)
2025-11-04 19:49:27,128 INFO END qHqesWMY9OU status_comments=ok duration=0.00s
2025-11-04 19:49:29,046 INFO START HI7xjsX9o9M (Nvidia GeForce RTX 3080 Ti Review: Big Performance, Extreme Price Tag)
2025-11-04 19:49:29,047 INFO Skipping HI7xjsX9o9M (comments + info already exist)
2025-11-04 19:49:29,050 INFO END HI7xjsX9o9M status_comments=ok duration=0.00s
2025-11-04 19:49:31,564 INFO START n4_4SKtq_Gs (GeForce RTX 3080 Ti Review, Nvidia Fails to Read the Room)
2025-11-04 19:49:31,565 INFO Skipping n4_4SKtq_Gs (comments + info already exist)
2025-11-04 19:49:31,574 INFO END n4_4SKtq_Gs status_comments=ok duration=0.01s
2025-11-04 19:49:33,100 INFO START jgLOfZaV3Ac (RTX 3090 Review - 33 Million Pixel Gaming)
2025-11-04 19:49:33,101 INFO Skipping jgLOfZaV3Ac (comments + info already exist)
2025-11-04 19:49:33,108 INFO END jgLOfZaV3Ac status_comments=ok duration=0.01s
2025-11-04 19:49:35,231 INFO START PTs1gHqvcjs (GeForce RTX 3090 Review, Insert 8K Gaming Meme!)
2025-11-04 19:49:35,232 INFO Skipping PTs1gHqvcjs (comments + info already exist)
2025-11-04 19:49:35,239 INFO END PTs1gHqvcjs status_comments=ok duration=0.01s
2025-11-04 19:49:37,766 INFO START Xgs-VbqsuKo (NVIDIA RTX 3090 Founders Edition Review: How to Nuke Your Launch)
2025-11-04 19:49:37,766 INFO Skipping Xgs-VbqsuKo (comments + info already exist)
2025-11-04 19:49:37,796 INFO END Xgs-VbqsuKo status_comments=ok duration=0.03s
2025-11-04 19:49:39,919 INFO START YjcxrfEVhc8 (Making Nvidia’s CEO mad - RTX 3090 Review)
2025-11-04 19:49:39,920 INFO Skipping YjcxrfEVhc8 (comments + info already exist)
2025-11-04 19:49:39,972 INFO END YjcxrfEVhc8 status_comments=ok duration=0.05s
2025-11-04 19:49:42,363 INFO START HeiPdaTQTfo (RTX 3090 Review – The 3080 is Too Fast?)
2025-11-04 19:49:42,364 INFO Skipping HeiPdaTQTfo (comments + info already exist)
2025-11-04 19:49:42,367 INFO END HeiPdaTQTfo status_comments=ok duration=0.00s
2025-11-04 19:49:45,046 INFO START DDcA0c-Ahq0 (Nvidia missed the memo - GeForce RTX 3090 Ti)
2025-11-04 19:49:45,046 INFO Skipping DDcA0c-Ahq0 (comments + info already exist)
2025-11-04 19:49:45,068 INFO END DDcA0c-Ahq0 status_comments=ok duration=0.02s
2025-11-04 19:49:46,739 INFO START HWS9G2WT42Q (EVGA RTX 3090 Ti FTW3 Review & Benchmarks: Power, Thermals, & Overclocking)
2025-11-04 19:49:46,740 INFO Skipping HWS9G2WT42Q (comments + info already exist)
2025-11-04 19:49:46,752 INFO END HWS9G2WT42Q status_comments=ok duration=0.01s
2025-11-04 19:49:48,674 INFO START CE8ssnSqgZg (Milking Buyers' Wallets: Nvidia GeForce RTX 3090 Ti Review)
2025-11-04 19:49:48,675 INFO Skipping CE8ssnSqgZg (comments + info already exist)
2025-11-04 19:49:48,684 INFO END CE8ssnSqgZg status_comments=ok duration=0.01s
2025-11-04 19:49:50,863 INFO START SLm8qq9v8Q4 (FINALLY a CHEAP GPU for CREATORS, RIGHT?! | Zotac RTX 4060 vs RTX 3060 Review)
2025-11-04 19:49:50,863 INFO Skipping SLm8qq9v8Q4 (comments + info already exist)
2025-11-04 19:49:50,865 INFO END SLm8qq9v8Q4 status_comments=ok duration=0.00s
2025-11-04 19:49:52,599 INFO START By7plJMS780 (The RTX 4060 Review is here!! - $299? (Should you buy?))
2025-11-04 19:49:52,600 INFO Skipping By7plJMS780 (comments + info already exist)
2025-11-04 19:49:52,601 INFO END By7plJMS780 status_comments=ok duration=0.00s
2025-11-04 19:49:53,884 INFO START 7ae7XrIbmao (Nvidia Clown Themselves… Again! GeForce RTX 4060 Review)
2025-11-04 19:49:53,885 INFO Skipping 7ae7XrIbmao (comments + info already exist)
2025-11-04 19:49:53,898 INFO END 7ae7XrIbmao status_comments=ok duration=0.01s
2025-11-04 19:49:56,551 INFO START WS0sfOb_sVM (NVIDIA GeForce RTX 4060 GPU Review & Benchmarks | Prices Keep Falling)
2025-11-04 19:49:56,552 INFO Skipping WS0sfOb_sVM (comments + info already exist)
2025-11-04 19:49:56,563 INFO END WS0sfOb_sVM status_comments=ok duration=0.01s
2025-11-04 19:49:58,377 INFO START O0srjKOOR4g (I’m actually getting MAD now. – RTX 4060 Review)
2025-11-04 19:49:58,378 INFO Skipping O0srjKOOR4g (comments + info already exist)
2025-11-04 19:49:58,419 INFO END O0srjKOOR4g status_comments=ok duration=0.04s
2025-11-04 19:50:00,483 INFO yt-dlp succeeded on attempt 1 for rkiZdSBux9E
2025-11-04 19:50:00,566 INFO END rkiZdSBux9E status_comments=ok duration=111.35s
2025-11-04 19:50:01,239 INFO START _B6vtMa-US4 (THANK YOU NVIDIA!! - RTX 4060 Ti Review)
2025-11-04 19:50:01,240 INFO Skipping _B6vtMa-US4 (comments + info already exist)
2025-11-04 19:50:01,264 INFO END _B6vtMa-US4 status_comments=ok duration=0.02s
2025-11-04 19:50:03,782 INFO START WLk8xzePDg8 (Laughably Bad at $400: Nvidia GeForce RTX 4060 Ti Review)
2025-11-04 19:50:03,782 INFO Skipping WLk8xzePDg8 (comments + info already exist)
2025-11-04 19:50:03,802 INFO END WLk8xzePDg8 status_comments=ok duration=0.02s
2025-11-04 19:50:06,192 INFO START Y2b0MWGwK_U (Do Not Buy: NVIDIA GeForce RTX 4060 Ti 8GB GPU Review & Benchmarks)
2025-11-04 19:50:06,193 INFO Skipping Y2b0MWGwK_U (comments + info already exist)
2025-11-04 19:50:06,229 INFO END Y2b0MWGwK_U status_comments=ok duration=0.04s
2025-11-04 19:50:08,999 INFO START zIy1oYNv3mk (Is The RTX 4070 Worth It? 🤔 | Gigabyte Gaming OC Review & Gameplay Benchmarks)
2025-11-04 19:50:08,999 INFO Skipping zIy1oYNv3mk (comments + info already exist)
2025-11-04 19:50:09,002 INFO END zIy1oYNv3mk status_comments=ok duration=0.00s
2025-11-04 19:50:10,859 INFO START BQPiN_Cx0xU (RTX 4070 Review (Asus Dual) - Peak Mid at $599. Nuff said.)
2025-11-04 19:50:10,859 INFO Skipping BQPiN_Cx0xU (comments + info already exist)
2025-11-04 19:50:10,862 INFO END BQPiN_Cx0xU status_comments=ok duration=0.00s
2025-11-04 19:50:13,742 INFO START GZIoWlGlH_M (So I tried the new RTX 4070..)
2025-11-04 19:50:13,743 INFO Skipping GZIoWlGlH_M (comments + info already exist)
2025-11-04 19:50:13,747 INFO END GZIoWlGlH_M status_comments=ok duration=0.01s
2025-11-04 19:50:15,711 INFO START uZHDq-LEGzw (NVIDIA RTX 4070 Founders Edition GPU Review & Benchmarks)
2025-11-04 19:50:15,712 INFO Skipping uZHDq-LEGzw (comments + info already exist)
2025-11-04 19:50:15,725 INFO END uZHDq-LEGzw status_comments=ok duration=0.01s
2025-11-04 19:50:18,615 INFO START nkh9VGCY8as (I’m Dreading this Review – RTX 4070)
2025-11-04 19:50:18,616 INFO Skipping nkh9VGCY8as (comments + info already exist)
2025-11-04 19:50:18,644 INFO END nkh9VGCY8as status_comments=ok duration=0.03s
2025-11-04 19:50:20,904 INFO START 9GdmDvG_rQY (The RTX 4070 Super Review - Things are FINALLY looking Up!)
2025-11-04 19:50:20,905 INFO Skipping 9GdmDvG_rQY (comments + info already exist)
2025-11-04 19:50:20,906 INFO END 9GdmDvG_rQY status_comments=ok duration=0.00s
2025-11-04 19:50:23,295 INFO START HT8UmPrQYvk (Nvidia GeForce RTX 4070 Super Review - Finally Good Value?)
2025-11-04 19:50:23,296 INFO Skipping HT8UmPrQYvk (comments + info already exist)
2025-11-04 19:50:23,307 INFO END HT8UmPrQYvk status_comments=ok duration=0.01s
2025-11-04 19:50:25,974 INFO START jKmmugnOEME (Nvidia is lying to you - RTX 4070 Ti Full Review)
2025-11-04 19:50:25,975 INFO Skipping jKmmugnOEME (comments + info already exist)
2025-11-04 19:50:26,020 INFO END jKmmugnOEME status_comments=ok duration=0.05s
2025-11-04 19:50:28,775 INFO START 1mE5aveN4Bo ($800 Meh, Nvidia GeForce RTX 4070 Ti Review & Benchmarks)
2025-11-04 19:50:28,776 INFO Skipping 1mE5aveN4Bo (comments + info already exist)
2025-11-04 19:50:28,788 INFO END 1mE5aveN4Bo status_comments=ok duration=0.01s
2025-11-04 19:50:31,129 INFO START N-FMPbm5CNM (NVIDIA's Rip-Off - RTX 4070 Ti Review & Benchmarks)
2025-11-04 19:50:31,129 INFO Skipping N-FMPbm5CNM (comments + info already exist)
2025-11-04 19:50:31,168 INFO END N-FMPbm5CNM status_comments=ok duration=0.04s
2025-11-04 19:50:32,557 INFO START QruyaA0ZrLk (NVIDIA GeForce RTX 4070 Ti Super GPU Review & Benchmarks: Power Efficiency & Gaming)
2025-11-04 19:50:32,558 INFO Skipping QruyaA0ZrLk (comments + info already exist)
2025-11-04 19:50:32,568 INFO END QruyaA0ZrLk status_comments=ok duration=0.01s
2025-11-04 19:50:34,443 INFO START ePbKc6THvCM (Nvidia GeForce RTX 4070 Ti Super Review, Now With 16GB Of VRAM!)
2025-11-04 19:50:34,443 INFO Skipping ePbKc6THvCM (comments + info already exist)
2025-11-04 19:50:34,453 INFO END ePbKc6THvCM status_comments=ok duration=0.01s
2025-11-04 19:50:35,893 INFO START T8lS4v3-Nyg (This is NOT OK, NVIDIA! RTX 4080 Review & Benchmarks)
2025-11-04 19:50:35,894 INFO Skipping T8lS4v3-Nyg (comments + info already exist)
2025-11-04 19:50:35,899 INFO END T8lS4v3-Nyg status_comments=ok duration=0.01s
2025-11-04 19:50:38,473 INFO START dI7RbdwlhCU (NVIDIA RTX 4080 Review - Before You Buy..)
2025-11-04 19:50:38,474 INFO Skipping dI7RbdwlhCU (comments + info already exist)
2025-11-04 19:50:38,476 INFO END dI7RbdwlhCU status_comments=ok duration=0.00s
2025-11-04 19:50:39,677 INFO START l6vn6Cpd4Yc (RTX 4080 Is Here! Nvidia GeForce RTX 4080 Review & Benchmarks)
2025-11-04 19:50:39,677 INFO Skipping l6vn6Cpd4Yc (comments + info already exist)
2025-11-04 19:50:39,687 INFO END l6vn6Cpd4Yc status_comments=ok duration=0.01s
2025-11-04 19:50:42,655 INFO START 3bupXxjx0Js (Nvidia GeForce RTX 4080 Review: Great Performance, Poor Pricing)
2025-11-04 19:50:42,656 INFO Skipping 3bupXxjx0Js (comments + info already exist)
2025-11-04 19:50:42,663 INFO END 3bupXxjx0Js status_comments=ok duration=0.01s
2025-11-04 19:50:45,145 INFO START i2_xTUshy94 (NVIDIA’s Lost It: RTX 4080 16GB GPU Review & Benchmarks)
2025-11-04 19:50:45,146 INFO Skipping i2_xTUshy94 (comments + info already exist)
2025-11-04 19:50:45,173 INFO END i2_xTUshy94 status_comments=ok duration=0.03s
2025-11-04 19:50:46,426 INFO START fyUZ1cp4RnI ("New" But Not New - Nvidia GeForce RTX 4080 Super Review)
2025-11-04 19:50:46,427 INFO Skipping fyUZ1cp4RnI (comments + info already exist)
2025-11-04 19:50:46,437 INFO END fyUZ1cp4RnI status_comments=ok duration=0.01s
2025-11-04 19:50:47,855 INFO START WCIEzrFwKzM (More Price Cut Than Upgrade: Nvidia GeForce RTX 4080 Super Review - Is The Price Finally Right?)
2025-11-04 19:50:47,856 INFO Skipping WCIEzrFwKzM (comments + info already exist)
2025-11-04 19:50:47,857 INFO END WCIEzrFwKzM status_comments=ok duration=0.00s
2025-11-04 19:50:50,832 INFO START 8p6FhTBol18 (Lame, But Cheaper: NVIDIA RTX 4080 Super Review, Benchmark Comparison, & Value Discussion)
2025-11-04 19:50:50,832 INFO Skipping 8p6FhTBol18 (comments + info already exist)
2025-11-04 19:50:50,846 INFO END 8p6FhTBol18 status_comments=ok duration=0.01s
2025-11-04 19:50:53,635 INFO START kWGQ432O3Z4 (Beast Mode – NVIDIA RTX 4090 Review)
2025-11-04 19:50:53,636 INFO Skipping kWGQ432O3Z4 (comments + info already exist)
2025-11-04 19:50:53,639 INFO END kWGQ432O3Z4 status_comments=ok duration=0.00s
2025-11-04 19:50:56,164 INFO START j9vC9NBL8zo (NVIDIA GeForce RTX 4090 Founders Edition Review & Benchmarks: Gaming, Power, & Thermals)
2025-11-04 19:50:56,165 INFO Skipping j9vC9NBL8zo (comments + info already exist)
2025-11-04 19:50:56,183 INFO END j9vC9NBL8zo status_comments=ok duration=0.02s
2025-11-04 19:50:58,201 INFO START aQklDR8nv8U (GeForce RTX 4090 Review, Nvidia's Stupid Fast GPU!)
2025-11-04 19:50:58,202 INFO Skipping aQklDR8nv8U (comments + info already exist)
2025-11-04 19:50:58,216 INFO END aQklDR8nv8U status_comments=ok duration=0.01s
2025-11-04 19:50:59,607 INFO START glz5B-4IlKE (Nvidia GeForce RTX 4090 Review: The Next Level In Graphics Performance)
2025-11-04 19:50:59,607 INFO Skipping glz5B-4IlKE (comments + info already exist)
2025-11-04 19:50:59,618 INFO END glz5B-4IlKE status_comments=ok duration=0.01s
2025-11-04 19:51:02,566 INFO START THxkY59_xko (Is the fastest GPU ALWAYS the best? RTX 4090 Review)
2025-11-04 19:51:02,568 INFO Skipping THxkY59_xko (comments + info already exist)
2025-11-04 19:51:02,595 INFO END THxkY59_xko status_comments=ok duration=0.03s
2025-11-04 19:51:03,722 INFO START p89yUxn1E6k (I Got Nvidia's Best New "Budget" GPU to See if it's Actually that Bad)
2025-11-04 19:51:03,723 INFO Skipping p89yUxn1E6k (comments + info already exist)
2025-11-04 19:51:03,727 INFO END p89yUxn1E6k status_comments=ok duration=0.01s
2025-11-04 19:51:05,597 INFO START OibVY-q2SAw (Is NVIDIA Even Trying - GeForce RTX 5050 Gaming GPU Review)
2025-11-04 19:51:05,598 INFO Skipping OibVY-q2SAw (comments + info already exist)
2025-11-04 19:51:05,609 INFO END OibVY-q2SAw status_comments=ok duration=0.01s
2025-11-04 19:51:07,856 INFO START caU0RG0mNHg (NVIDIA's Exploitation | Waste of Sand RTX "5050" for $250)
2025-11-04 19:51:07,856 INFO Skipping caU0RG0mNHg (comments + info already exist)
2025-11-04 19:51:07,879 INFO END caU0RG0mNHg status_comments=ok duration=0.02s
2025-11-04 19:51:08,959 INFO START B93XAEHlGvI (Nvidia Did It Again…. RTX 5050 Review)
2025-11-04 19:51:08,959 INFO Skipping B93XAEHlGvI (comments + info already exist)
2025-11-04 19:51:08,972 INFO END B93XAEHlGvI status_comments=ok duration=0.01s
2025-11-04 19:51:10,368 INFO START lf6dj9OYKE4 (RTX 5060 8GB - The Gameplay Review at 1080p!)
2025-11-04 19:51:10,368 INFO Skipping lf6dj9OYKE4 (comments + info already exist)
2025-11-04 19:51:10,373 INFO END lf6dj9OYKE4 status_comments=ok duration=0.01s
2025-11-04 19:51:12,806 INFO START fGn-_qj76sk (RTX 5060 Review... No wonder NVIDIA tried to stop us from talking about it!)
2025-11-04 19:51:12,807 INFO Skipping fGn-_qj76sk (comments + info already exist)
2025-11-04 19:51:12,823 INFO END fGn-_qj76sk status_comments=ok duration=0.02s
2025-11-04 19:51:14,697 INFO START 2e1a2-VxxvQ (GeForce RTX 5060 Review - Nvidia Didn't Want You to See This)
2025-11-04 19:51:14,697 INFO Skipping 2e1a2-VxxvQ (comments + info already exist)
2025-11-04 19:51:14,718 INFO END 2e1a2-VxxvQ status_comments=ok duration=0.02s
2025-11-04 19:51:16,476 INFO START 9K6VIhA7atw (The RTX 5060 Is Better AND Worse Than You Think)
2025-11-04 19:51:16,476 INFO Skipping 9K6VIhA7atw (comments + info already exist)
2025-11-04 19:51:16,477 INFO END 9K6VIhA7atw status_comments=ok duration=0.00s
2025-11-04 19:51:19,015 INFO START Z0jjxWRcp_0 (Forbidden Review: NVIDIA RTX 5060 GPU Benchmarks)
2025-11-04 19:51:19,015 INFO Skipping Z0jjxWRcp_0 (comments + info already exist)
2025-11-04 19:51:19,030 INFO END Z0jjxWRcp_0 status_comments=ok duration=0.02s
2025-11-04 19:51:21,644 INFO START B6qZwJsp5X4 (GeForce RTX 5060 Ti 16GB Review & Benchmarks - Not Great, Not Terrible)
2025-11-04 19:51:21,645 INFO Skipping B6qZwJsp5X4 (comments + info already exist)
2025-11-04 19:51:21,651 INFO END B6qZwJsp5X4 status_comments=ok duration=0.01s
2025-11-04 19:51:23,191 INFO START Cskegn1-D7s (More Marketing BS: NVIDIA GeForce RTX 5060 Ti Review & Benchmarks vs GTX 1060, 4060 Ti, & More)
2025-11-04 19:51:23,191 INFO Skipping Cskegn1-D7s (comments + info already exist)
2025-11-04 19:51:23,203 INFO END Cskegn1-D7s status_comments=ok duration=0.01s
2025-11-04 19:51:25,880 INFO START vBVLnN5UGvk (I finally understand where we went wrong... 5060Ti Full Review!)
2025-11-04 19:51:25,881 INFO Skipping vBVLnN5UGvk (comments + info already exist)
2025-11-04 19:51:25,888 INFO END vBVLnN5UGvk status_comments=ok duration=0.01s
2025-11-04 19:51:27,831 INFO START IvzECuzFvp0 (If you came here for 50x better performance... - Nvidia RTX 5060Ti 16GB)
2025-11-04 19:51:27,832 INFO Skipping IvzECuzFvp0 (comments + info already exist)
2025-11-04 19:51:27,838 INFO END IvzECuzFvp0 status_comments=ok duration=0.01s
2025-11-04 19:51:30,189 INFO START AdZoa6Gzl6s (RTX 5060 Ti 8GB - Instantly Obsolete, Nvidia Screws Gamers)
2025-11-04 19:51:30,189 INFO Skipping AdZoa6Gzl6s (comments + info already exist)
2025-11-04 19:51:30,212 INFO END AdZoa6Gzl6s status_comments=ok duration=0.02s
2025-11-04 19:51:32,571 INFO START nldUI2yQomw (Nvidia RTX 5070 Review + Benchmarks: DLSS 4 Doesn't Deliver 4090 Performance)
2025-11-04 19:51:32,571 INFO Skipping nldUI2yQomw (comments + info already exist)
2025-11-04 19:51:32,577 INFO END nldUI2yQomw status_comments=ok duration=0.01s
2025-11-04 19:51:34,739 INFO START qPGDVh_cQb0 (Worst 70 Series Ever, GeForce RTX 5070 Review)
2025-11-04 19:51:34,740 INFO Skipping qPGDVh_cQb0 (comments + info already exist)
2025-11-04 19:51:34,756 INFO END qPGDVh_cQb0 status_comments=ok duration=0.02s
2025-11-04 19:51:36,100 INFO START rUaztYdgoj0 (This is a 4090 Killer… and I’m a Liar - RTX 5070 Review)
2025-11-04 19:51:36,100 INFO Skipping rUaztYdgoj0 (comments + info already exist)
2025-11-04 19:51:36,125 INFO END rUaztYdgoj0 status_comments=ok duration=0.02s
2025-11-04 19:51:38,630 INFO START ntSylZ1Bp1Y (NVIDIA is Selling Lies | RTX 5070 Founders Edition Review & Benchmarks)
2025-11-04 19:51:38,631 INFO Skipping ntSylZ1Bp1Y (comments + info already exist)
2025-11-04 19:51:38,658 INFO END ntSylZ1Bp1Y status_comments=ok duration=0.03s
2025-11-04 19:51:40,381 INFO START UxvmfEZkvc8 (This isn't going to age well... RTX 5070 FE Review…)
2025-11-04 19:51:40,382 INFO Skipping UxvmfEZkvc8 (comments + info already exist)
2025-11-04 19:51:40,390 INFO END UxvmfEZkvc8 status_comments=ok duration=0.01s
2025-11-04 19:51:43,094 INFO START zhSA5LYA8XU (RTX 5070Ti - I don't trust what I am being told one bit!)
2025-11-04 19:51:43,094 INFO Skipping zhSA5LYA8XU (comments + info already exist)
2025-11-04 19:51:43,118 INFO END zhSA5LYA8XU status_comments=ok duration=0.02s
2025-11-04 19:51:44,990 INFO START wfy84tWnhS8 (RTX 5070 Ti - The GOOD and The BAD)
2025-11-04 19:51:44,991 INFO Skipping wfy84tWnhS8 (comments + info already exist)
2025-11-04 19:51:44,996 INFO END wfy84tWnhS8 status_comments=ok duration=0.01s
2025-11-04 19:51:47,609 INFO START UMPK1SeMEZM (GeForce RTX 5070 Ti Review, If Only It Was Really $750…)
2025-11-04 19:51:47,609 INFO Skipping UMPK1SeMEZM (comments + info already exist)
2025-11-04 19:51:47,621 INFO END UMPK1SeMEZM status_comments=ok duration=0.01s
2025-11-04 19:51:50,226 INFO START PhtVic3Vm0Y (Do Not Buy: NVIDIA RTX 5070 Ti GPU Absurdity (Benchmarks & Review))
2025-11-04 19:51:50,226 INFO Skipping PhtVic3Vm0Y (comments + info already exist)
2025-11-04 19:51:50,263 INFO END PhtVic3Vm0Y status_comments=ok duration=0.04s
2025-11-04 19:51:51,825 INFO START NnhU2ZvHb10 (Nvidia Didn’t Want to Make the RTX 5070 Ti - Full Review)
2025-11-04 19:51:51,826 INFO Skipping NnhU2ZvHb10 (comments + info already exist)
2025-11-04 19:51:51,842 INFO END NnhU2ZvHb10 status_comments=ok duration=0.02s
2025-11-04 19:51:52,951 INFO START 0L1Uyw22UAw (Why Does the RTX 5080 Suck?)
2025-11-04 19:51:52,952 INFO Skipping 0L1Uyw22UAw (comments + info already exist)
2025-11-04 19:51:52,965 INFO END 0L1Uyw22UAw status_comments=ok duration=0.01s
2025-11-04 19:51:55,169 INFO START sEu6k-MdZgc (Nvidia GeForce RTX 5080 Review, 1440p & 4K Gaming Benchmarks)
2025-11-04 19:51:55,170 INFO Skipping sEu6k-MdZgc (comments + info already exist)
2025-11-04 19:51:55,188 INFO END sEu6k-MdZgc status_comments=ok duration=0.02s
2025-11-04 19:51:56,654 INFO START d7k4XWg-TcA (NVIDIA, this is a joke right? – RTX 5080.)
2025-11-04 19:51:56,654 INFO Skipping d7k4XWg-TcA (comments + info already exist)
2025-11-04 19:51:56,679 INFO END d7k4XWg-TcA status_comments=ok duration=0.03s
2025-11-04 19:51:58,299 INFO START nShh_j4s2YE (NVIDIA GeForce RTX 5080 Founders Edition Review & Benchmarks vs 5090, 7900 XTX, 4080, & More)
2025-11-04 19:51:58,300 INFO Skipping nShh_j4s2YE (comments + info already exist)
2025-11-04 19:51:58,320 INFO END nShh_j4s2YE status_comments=ok duration=0.02s
2025-11-04 19:51:59,677 INFO START Fbg7ChsjmEA (I Can’t Put a Positive Spin on the RTX 5080 - Full Review)
2025-11-04 19:51:59,677 INFO Skipping Fbg7ChsjmEA (comments + info already exist)
2025-11-04 19:51:59,704 INFO END Fbg7ChsjmEA status_comments=ok duration=0.03s
2025-11-04 19:52:01,696 INFO START nryZwnVYpns (NVIDIA is Taking a Risk with this Generation: The Blackwell GeForce RTX 5090 Review and Benchmarks)
2025-11-04 19:52:01,697 INFO Skipping nryZwnVYpns (comments + info already exist)
2025-11-04 19:52:01,702 INFO END nryZwnVYpns status_comments=ok duration=0.01s
2025-11-04 19:52:02,788 INFO START 5YJNFREQHiw (The RTX 5090 Experience.)
2025-11-04 19:52:02,788 INFO Skipping 5YJNFREQHiw (comments + info already exist)
2025-11-04 19:52:02,802 INFO END 5YJNFREQHiw status_comments=ok duration=0.01s
2025-11-04 19:52:03,899 INFO START ulUZ7bf_MXI (Full in-Depth RTX 5090 Review!)
2025-11-04 19:52:03,899 INFO Skipping ulUZ7bf_MXI (comments + info already exist)
2025-11-04 19:52:03,917 INFO END ulUZ7bf_MXI status_comments=ok duration=0.02s
2025-11-04 19:52:06,661 INFO START eA5lFiP3mrs (Nvidia GeForce RTX 5090 Review, 1440p & 4K Gaming Benchmarks)
2025-11-04 19:52:06,662 INFO Skipping eA5lFiP3mrs (comments + info already exist)
2025-11-04 19:52:06,685 INFO END eA5lFiP3mrs status_comments=ok duration=0.02s
2025-11-04 19:52:09,177 INFO START VWSlOC_jiLQ (NVIDIA GeForce RTX 5090 Founders Edition Review & Benchmarks: Gaming, Thermals, & Power)
2025-11-04 19:52:09,177 INFO Skipping VWSlOC_jiLQ (comments + info already exist)
2025-11-04 19:52:09,200 INFO END VWSlOC_jiLQ status_comments=ok duration=0.02s
2025-11-04 19:52:10,662 INFO START _HfizETJtsY (RX 460 Review: Polaris 11 Analysed In-Depth!)
2025-11-04 19:52:10,663 INFO Skipping _HfizETJtsY (comments + info already exist)
2025-11-04 19:52:10,664 INFO END _HfizETJtsY status_comments=ok duration=0.00s
2025-11-04 19:52:13,649 INFO START xeXGMkMCVzs (AMD RX 460 Review - Asus ROG Strix)
2025-11-04 19:52:13,650 INFO Skipping xeXGMkMCVzs (comments + info already exist)
2025-11-04 19:52:13,651 INFO END xeXGMkMCVzs status_comments=ok duration=0.00s
2025-11-04 19:52:16,459 INFO START b_ahq7GSfoY (RX 460)
2025-11-04 19:52:16,460 INFO Skipping b_ahq7GSfoY (comments + info already exist)
2025-11-04 19:52:16,462 INFO END b_ahq7GSfoY status_comments=ok duration=0.00s
2025-11-04 19:52:19,080 INFO START OnB4e4wk2CI (What the f*** is wrong with GPU pricing? - XFX RX 460 Review)
2025-11-04 19:52:19,081 INFO Skipping OnB4e4wk2CI (comments + info already exist)
2025-11-04 19:52:19,099 INFO END OnB4e4wk2CI status_comments=ok duration=0.02s
2025-11-04 19:52:20,994 INFO START 8I8MP8-Ipkg (Sapphire NITRO+ RX 470 Review - The 1080p Sweet Spot?)
2025-11-04 19:52:20,995 INFO Skipping 8I8MP8-Ipkg (comments + info already exist)
2025-11-04 19:52:21,004 INFO END 8I8MP8-Ipkg status_comments=ok duration=0.01s
2025-11-04 19:52:24,009 INFO START s7t6lN2-bK8 (AMD Radeon RX 470 Benchmarks Review - New Cost Per Frame King?)
2025-11-04 19:52:24,010 INFO Skipping s7t6lN2-bK8 (comments + info already exist)
2025-11-04 19:52:24,014 INFO END s7t6lN2-bK8 status_comments=ok duration=0.00s
2025-11-04 19:52:25,968 INFO START cWS02ajdR4Q (AMD Radeon RX 470 Review: It's Fast! But What About CrossFire?)
2025-11-04 19:52:25,968 INFO Skipping cWS02ajdR4Q (comments + info already exist)
2025-11-04 19:52:25,970 INFO END cWS02ajdR4Q status_comments=ok duration=0.00s
2025-11-04 19:52:27,914 INFO START PFSL3pzv82M (How Powerful is AMD's RX 470?)
2025-11-04 19:52:27,915 INFO Skipping PFSL3pzv82M (comments + info already exist)
2025-11-04 19:52:27,919 INFO END PFSL3pzv82M status_comments=ok duration=0.00s
2025-11-04 19:52:30,248 INFO START lRDgiWBfs5I (Is the AMD RX 480 the new mid-range king??)
2025-11-04 19:52:30,248 INFO Skipping lRDgiWBfs5I (comments + info already exist)
2025-11-04 19:52:30,261 INFO END lRDgiWBfs5I status_comments=ok duration=0.01s
2025-11-04 19:52:32,200 INFO START -y6Ky_pCawQ (AMD RX 480 Review & Benchmarks)
2025-11-04 19:52:32,201 INFO Skipping -y6Ky_pCawQ (comments + info already exist)
2025-11-04 19:52:32,207 INFO END -y6Ky_pCawQ status_comments=ok duration=0.01s
2025-11-04 19:52:33,755 INFO START YTku-GqDSWg (AMD Radeon RX 480 Review: The Best Value 1080p60 GPU?)
2025-11-04 19:52:33,756 INFO Skipping YTku-GqDSWg (comments + info already exist)
2025-11-04 19:52:33,759 INFO END YTku-GqDSWg status_comments=ok duration=0.00s
2025-11-04 19:52:35,984 INFO START 2GdfDCq86Gk (RX 480 Review - The New Value King)
2025-11-04 19:52:35,985 INFO Skipping 2GdfDCq86Gk (comments + info already exist)
2025-11-04 19:52:36,010 INFO END 2GdfDCq86Gk status_comments=ok duration=0.03s
2025-11-04 19:52:38,380 INFO START Nz5Mgim0Z80 (Dodgy Alert! AMD launches slower RX 560 with SAME NAME!)
2025-11-04 19:52:38,381 INFO Skipping Nz5Mgim0Z80 (comments + info already exist)
2025-11-04 19:52:38,384 INFO END Nz5Mgim0Z80 status_comments=ok duration=0.00s
2025-11-04 19:52:40,131 INFO START 237L9UGQtGk (RX 560 - Which Card Should You Buy? - 8 Card Review - 2GB vs 4GB)
2025-11-04 19:52:40,133 INFO Skipping 237L9UGQtGk (comments + info already exist)
2025-11-04 19:52:40,136 INFO END 237L9UGQtGk status_comments=ok duration=0.00s
2025-11-04 19:52:43,018 INFO START SKGDl_T0nJ4 (Should You Buy the RX 560?)
2025-11-04 19:52:43,019 INFO Skipping SKGDl_T0nJ4 (comments + info already exist)
2025-11-04 19:52:43,025 INFO END SKGDl_T0nJ4 status_comments=ok duration=0.01s
2025-11-04 19:52:44,955 INFO START _fYtV67NPo8 (AMD Radeon RX 560 in 5 of the NEWEST games 2018 Review!)
2025-11-04 19:52:44,956 INFO Skipping _fYtV67NPo8 (comments + info already exist)
2025-11-04 19:52:44,959 INFO END _fYtV67NPo8 status_comments=ok duration=0.00s
2025-11-04 19:52:47,418 INFO START xH37gHQEyVY (AMD’s RX570 4GB – Worth Buying in 2018?)
2025-11-04 19:52:47,418 INFO Skipping xH37gHQEyVY (comments + info already exist)
2025-11-04 19:52:47,420 INFO END xH37gHQEyVY status_comments=ok duration=0.00s
2025-11-04 19:52:49,936 INFO START uHM4c22JJeI (The 1080p 60FPS PC Gaming Value KING - MSI Armor AMD Radeon RX 570 8GB Review)
2025-11-04 19:52:49,936 INFO Skipping uHM4c22JJeI (comments + info already exist)
2025-11-04 19:52:49,939 INFO END uHM4c22JJeI status_comments=ok duration=0.00s
2025-11-04 19:52:51,891 INFO START VBHS6sLnwhg (AMD RX 570 Review - Sapphire Nitro+ Edition)
2025-11-04 19:52:51,892 INFO Skipping VBHS6sLnwhg (comments + info already exist)
2025-11-04 19:52:51,892 INFO END VBHS6sLnwhg status_comments=ok duration=0.00s
2025-11-04 19:52:54,603 INFO START Z-SmvMykfR4 (Radeon RX 570 Review: The Best Cheap GPU For 1080p60 Gaming?)
2025-11-04 19:52:54,605 INFO Skipping Z-SmvMykfR4 (comments + info already exist)
2025-11-04 19:52:54,608 INFO END Z-SmvMykfR4 status_comments=ok duration=0.01s
2025-11-04 19:52:56,406 INFO START vYQiVsvmvwc (Radeon RX 580, Worth Buying in 2018? Asrock's New Phantom Gaming RX 580)
2025-11-04 19:52:56,407 INFO Skipping vYQiVsvmvwc (comments + info already exist)
2025-11-04 19:52:56,410 INFO END vYQiVsvmvwc status_comments=ok duration=0.00s
2025-11-04 19:52:59,102 INFO START H6st6QZTDxE (Can the RX 580 Dethrone The GTX 1060? Yep, We're Doing It Again!)
2025-11-04 19:52:59,103 INFO Skipping H6st6QZTDxE (comments + info already exist)
2025-11-04 19:52:59,110 INFO END H6st6QZTDxE status_comments=ok duration=0.01s
2025-11-04 19:53:00,559 INFO START BWqF5fDAZqA (RX 580 & 570 Review - AMD Strikes Back... at AMD???)
2025-11-04 19:53:00,560 INFO Skipping BWqF5fDAZqA (comments + info already exist)
2025-11-04 19:53:00,578 INFO END BWqF5fDAZqA status_comments=ok duration=0.02s
2025-11-04 19:53:01,997 INFO START hTnFKwK_DaQ (AMD Radeon RX 580 Review: How Much Faster Is 2nd Gen Polaris?)
2025-11-04 19:53:01,998 INFO Skipping hTnFKwK_DaQ (comments + info already exist)
2025-11-04 19:53:02,001 INFO END hTnFKwK_DaQ status_comments=ok duration=0.00s
2025-11-04 19:53:04,214 INFO START JmfNtunmBsQ (AMD Sapphire Nitro+ RX590 Review - It's a CRACKING card!)
2025-11-04 19:53:04,214 INFO Skipping JmfNtunmBsQ (comments + info already exist)
2025-11-04 19:53:04,217 INFO END JmfNtunmBsQ status_comments=ok duration=0.00s
2025-11-04 19:53:05,478 INFO START BBN2KDiw-V8 (XFX RX 590 Fatboy Review: Competitive Silicon, Weak Cooler)
2025-11-04 19:53:05,479 INFO Skipping BBN2KDiw-V8 (comments + info already exist)
2025-11-04 19:53:05,482 INFO END BBN2KDiw-V8 status_comments=ok duration=0.00s
2025-11-04 19:53:06,980 INFO START xEileqxmags (I'm not reviewing this. - Radeon RX 590)
2025-11-04 19:53:06,981 INFO Skipping xEileqxmags (comments + info already exist)
2025-11-04 19:53:07,004 INFO END xEileqxmags status_comments=ok duration=0.02s
2025-11-04 19:53:08,119 INFO START utEpgpYywY0 (Radeon RX 590 Review - AMD Strikes BACK... Sort Of)
2025-11-04 19:53:08,120 INFO Skipping utEpgpYywY0 (comments + info already exist)
2025-11-04 19:53:08,124 INFO END utEpgpYywY0 status_comments=ok duration=0.01s
2025-11-04 19:53:09,664 INFO START 7pSPa0Q-ec8 (AMD RX 5500 XT Review - Budget 1080p Gaming Powerhouse?)
2025-11-04 19:53:09,664 INFO Skipping 7pSPa0Q-ec8 (comments + info already exist)
2025-11-04 19:53:09,667 INFO END 7pSPa0Q-ec8 status_comments=ok duration=0.00s
2025-11-04 19:53:11,650 INFO START TXSeVBCR6yg (Is the RX 5500 XT Worth it One Month Later...? (Sapphire Pulse 4GB and ASUS R.O.G 8GB Review))
2025-11-04 19:53:11,651 INFO Skipping TXSeVBCR6yg (comments + info already exist)
2025-11-04 19:53:11,653 INFO END TXSeVBCR6yg status_comments=ok duration=0.00s
2025-11-04 19:53:14,099 INFO START 04SwpnoCbnI (AMD Radeon RX 5500 XT 8GB Review, More Like 'RX 5500 Super')
2025-11-04 19:53:14,100 INFO Skipping 04SwpnoCbnI (comments + info already exist)
2025-11-04 19:53:14,109 INFO END 04SwpnoCbnI status_comments=ok duration=0.01s
2025-11-04 19:53:15,864 INFO START KH8jBffBOuE (AMD RX 5500 XT GPU Review: 4GB vs. 8GB Benchmarks, Thermals, & Noise)
2025-11-04 19:53:15,864 INFO Skipping KH8jBffBOuE (comments + info already exist)
2025-11-04 19:53:15,871 INFO END KH8jBffBOuE status_comments=ok duration=0.01s
2025-11-04 19:53:17,368 INFO START r2d24PnqiOE (Is the RADEON 5500XT worth the price?)
2025-11-04 19:53:17,369 INFO Skipping r2d24PnqiOE (comments + info already exist)
2025-11-04 19:53:17,379 INFO END r2d24PnqiOE status_comments=ok duration=0.01s
2025-11-04 19:53:19,598 INFO START e0RKu_gyKOA (Sapphire Pulse RX 5500 XT Review)
2025-11-04 19:53:19,599 INFO Skipping e0RKu_gyKOA (comments + info already exist)
2025-11-04 19:53:19,599 INFO END e0RKu_gyKOA status_comments=ok duration=0.00s
2025-11-04 19:53:21,189 INFO START uiKImSacj0o (The New Polaris | RX 5600 XT)
2025-11-04 19:53:21,190 INFO Skipping uiKImSacj0o (comments + info already exist)
2025-11-04 19:53:21,192 INFO END uiKImSacj0o status_comments=ok duration=0.00s
2025-11-04 19:53:24,089 INFO START -Lcyyl2kQL8 (AMD RX 5600 XT Review – Gaming & Overclocking)
2025-11-04 19:53:24,090 INFO Skipping -Lcyyl2kQL8 (comments + info already exist)
2025-11-04 19:53:24,091 INFO END -Lcyyl2kQL8 status_comments=ok duration=0.00s
2025-11-04 19:53:26,570 INFO START rKn-vWDMkwQ (It’s time to upgrade your GPU - RX 5600 XT)
2025-11-04 19:53:26,572 INFO Skipping rKn-vWDMkwQ (comments + info already exist)
2025-11-04 19:53:26,594 INFO END rKn-vWDMkwQ status_comments=ok duration=0.02s
2025-11-04 19:53:29,117 INFO START qcAwR49zRCg (AMD Radeon RX 5600 XT Review, Navi at $280, RTX 2060 down to $300)
2025-11-04 19:53:29,117 INFO Skipping qcAwR49zRCg (comments + info already exist)
2025-11-04 19:53:29,125 INFO END qcAwR49zRCg status_comments=ok duration=0.01s
2025-11-04 19:53:31,201 INFO START P5MiBoPpCW4 (AMD Tricked Everyone! Radeon RX 5600 XT Review and Benchmarks)
2025-11-04 19:53:31,201 INFO Skipping P5MiBoPpCW4 (comments + info already exist)
2025-11-04 19:53:31,206 INFO END P5MiBoPpCW4 status_comments=ok duration=0.01s
2025-11-04 19:53:34,161 INFO START PCi9c8KqpNk (The Best Value Radeon RX 5600 XT, The Entry-Level Roundup)
2025-11-04 19:53:34,161 INFO Skipping PCi9c8KqpNk (comments + info already exist)
2025-11-04 19:53:34,165 INFO END PCi9c8KqpNk status_comments=ok duration=0.00s
2025-11-04 19:53:35,460 INFO START kh1DeO4yz2s (Sapphire RX 5700 XT Nitro+ Review: In-Depth Thermals, Noise, Overclocking, & Power)
2025-11-04 19:53:35,460 INFO Skipping kh1DeO4yz2s (comments + info already exist)
2025-11-04 19:53:35,464 INFO END kh1DeO4yz2s status_comments=ok duration=0.00s
2025-11-04 19:53:38,008 INFO START U1y-J0p-uJc (AMD RX 5700 XT & RX 5700 Review - Benchmarks Are Finally Here!)
2025-11-04 19:53:38,009 INFO Skipping U1y-J0p-uJc (comments + info already exist)
2025-11-04 19:53:38,016 INFO END U1y-J0p-uJc status_comments=ok duration=0.01s
2025-11-04 19:53:40,966 INFO START Fd7bTccL9fo (Asus ROG Strix RX 5700 XT Review, Is The Most Expensive 5700 XT The Best?)
2025-11-04 19:53:40,966 INFO Skipping Fd7bTccL9fo (comments + info already exist)
2025-11-04 19:53:40,970 INFO END Fd7bTccL9fo status_comments=ok duration=0.00s
2025-11-04 19:53:42,337 INFO START -SAWtKEIYbw (AMD Radeon RX 5700 XT Review: Thermals, Noise, Gaming, & Broken Drivers)
2025-11-04 19:53:42,337 INFO Skipping -SAWtKEIYbw (comments + info already exist)
2025-11-04 19:53:42,346 INFO END -SAWtKEIYbw status_comments=ok duration=0.01s
2025-11-04 19:53:45,025 INFO START 3bmQPx9EJLA (Why NOT to buy Radeon 5700 XT… Yet – Our Review)
2025-11-04 19:53:45,026 INFO Skipping 3bmQPx9EJLA (comments + info already exist)
2025-11-04 19:53:45,051 INFO END 3bmQPx9EJLA status_comments=ok duration=0.03s
2025-11-04 19:53:46,184 INFO START rz47WqRDDK4 (AMD Radeon RX 5700 XT & RX 5700 Review, New Value Champions!)
2025-11-04 19:53:46,185 INFO Skipping rz47WqRDDK4 (comments + info already exist)
2025-11-04 19:53:46,194 INFO END rz47WqRDDK4 status_comments=ok duration=0.01s
2025-11-04 19:53:47,484 INFO START GL5zY1DIrok (This RX 6500 XT Comparison Was A Terrible Idea…)
2025-11-04 19:53:47,485 INFO Skipping GL5zY1DIrok (comments + info already exist)
2025-11-04 19:53:47,488 INFO END GL5zY1DIrok status_comments=ok duration=0.00s
2025-11-04 19:53:48,798 INFO START M5_oM3Ow_CI (Worst GPU: Radeon RX 6500 XT Review, Corner Cutting Edition)
2025-11-04 19:53:48,798 INFO Skipping M5_oM3Ow_CI (comments + info already exist)
2025-11-04 19:53:48,816 INFO END M5_oM3Ow_CI status_comments=ok duration=0.02s
2025-11-04 19:53:50,176 INFO START ArW4-mkGHSw (WTF AMD!? RX 6500 XT Review)
2025-11-04 19:53:50,176 INFO Skipping ArW4-mkGHSw (comments + info already exist)
2025-11-04 19:53:50,180 INFO END ArW4-mkGHSw status_comments=ok duration=0.00s
2025-11-04 19:53:51,538 INFO START KYp6pEDm4E8 (A GPU you might be able to buy… But shouldn’t. - AMD Radeon RX 6500 XT)
2025-11-04 19:53:51,538 INFO Skipping KYp6pEDm4E8 (comments + info already exist)
2025-11-04 19:53:51,556 INFO END KYp6pEDm4E8 status_comments=ok duration=0.02s
2025-11-04 19:53:53,570 INFO START ICnz6E7vux0 (Why Everyone is WRONG About the RX 6500XT)
2025-11-04 19:53:53,572 INFO Skipping ICnz6E7vux0 (comments + info already exist)
2025-11-04 19:53:53,579 INFO END ICnz6E7vux0 status_comments=ok duration=0.01s
2025-11-04 19:53:55,612 INFO START VFHOZN5AV6E (Mid-Range is Dead: AMD RX 6600 XT Review & Benchmarks (PowerColor Fighter))
2025-11-04 19:53:55,612 INFO Skipping VFHOZN5AV6E (comments + info already exist)
2025-11-04 19:53:55,628 INFO END VFHOZN5AV6E status_comments=ok duration=0.02s
2025-11-04 19:53:56,724 INFO START 8cTquLSUP18 (Is the 6600XT REALLY as bad as reviewers say??)
2025-11-04 19:53:56,724 INFO Skipping 8cTquLSUP18 (comments + info already exist)
2025-11-04 19:53:56,749 INFO END 8cTquLSUP18 status_comments=ok duration=0.03s
2025-11-04 19:53:58,585 INFO START 5r67vt8-_Xg (AMD Radeon RX 6600 XT Review - The Little GPU that Couldn't)
2025-11-04 19:53:58,586 INFO Skipping 5r67vt8-_Xg (comments + info already exist)
2025-11-04 19:53:58,590 INFO END 5r67vt8-_Xg status_comments=ok duration=0.01s
2025-11-04 19:53:59,852 INFO START _tDYu5sBtFs (AMD Radeon RX 6600 XT Review: Worse Than Expected, But Can It Be Saved?)
2025-11-04 19:53:59,852 INFO Skipping _tDYu5sBtFs (comments + info already exist)
2025-11-04 19:53:59,864 INFO END _tDYu5sBtFs status_comments=ok duration=0.01s
2025-11-04 19:54:02,240 INFO START v0HcvMoMjy8 (AMD wants HOW MUCH for 1080p Gaming?? - Radeon RX 6600 XT Review)
2025-11-04 19:54:02,242 INFO Skipping v0HcvMoMjy8 (comments + info already exist)
2025-11-04 19:54:02,257 INFO END v0HcvMoMjy8 status_comments=ok duration=0.02s
2025-11-04 19:54:05,121 INFO START zjohRuvXtLw (AMD Are In BIG Trouble 🤦‍♂️ RX 6700 XT Review - Powercolor Hellhound Gameplay Benchmarks Ray Tracing)
2025-11-04 19:54:05,122 INFO Skipping zjohRuvXtLw (comments + info already exist)
2025-11-04 19:54:05,124 INFO END zjohRuvXtLw status_comments=ok duration=0.00s
2025-11-04 19:54:06,165 INFO START PJboWJJFk9I (AMD Radeon RX 6700 XT Review, A Worthy 5700 XT Successor?)
2025-11-04 19:54:06,166 INFO Skipping PJboWJJFk9I (comments + info already exist)
2025-11-04 19:54:06,173 INFO END PJboWJJFk9I status_comments=ok duration=0.01s
2025-11-04 19:54:08,275 INFO START xs4wSysBDxM (Okay, Last Chance - AMD RX 6700 XT Review)
2025-11-04 19:54:08,276 INFO Skipping xs4wSysBDxM (comments + info already exist)
2025-11-04 19:54:08,278 INFO END xs4wSysBDxM status_comments=ok duration=0.00s
2025-11-04 19:54:11,086 INFO START oj8SuJ2Mb6A (AMD Radeon RX 6700 XT GPU Review: Literally Anything Will Sell)
2025-11-04 19:54:11,086 INFO Skipping oj8SuJ2Mb6A (comments + info already exist)
2025-11-04 19:54:11,098 INFO END oj8SuJ2Mb6A status_comments=ok duration=0.01s
2025-11-04 19:54:12,640 INFO START 5wO2vUZv4zw (AMD has got to be kidding - Radeon 6700 XT Review)
2025-11-04 19:54:12,641 INFO Skipping 5wO2vUZv4zw (comments + info already exist)
2025-11-04 19:54:12,665 INFO END 5wO2vUZv4zw status_comments=ok duration=0.03s
2025-11-04 19:54:14,418 INFO START LzjRPbSIW4I (Sapphire Radeon RX 6800 XT Nitro+ Review, Power, Thermals, Overclocking & Gaming)
2025-11-04 19:54:14,420 INFO Skipping LzjRPbSIW4I (comments + info already exist)
2025-11-04 19:54:14,426 INFO END LzjRPbSIW4I status_comments=ok duration=0.01s
2025-11-04 19:54:17,331 INFO START 5bKaJDbKVt0 (AMD RX 6800 XT Review - The RTX 3080 Killer?)
2025-11-04 19:54:17,332 INFO Skipping 5bKaJDbKVt0 (comments + info already exist)
2025-11-04 19:54:17,337 INFO END 5bKaJDbKVt0 status_comments=ok duration=0.01s
2025-11-04 19:54:18,773 INFO START jLVGL7aAYgY (AMD Radeon RX 6800 XT GPU Review: Gaming, Thermals, Noise, & Smart Access Memory Benchmarks)
2025-11-04 19:54:18,773 INFO Skipping jLVGL7aAYgY (comments + info already exist)
2025-11-04 19:54:18,790 INFO END jLVGL7aAYgY status_comments=ok duration=0.02s
2025-11-04 19:54:20,060 INFO START ZtxrrrkkTjc (AMD Radeon RX 6800 XT Benchmark Review, Smart Access Memory, Thermals & Gaming)
2025-11-04 19:54:20,060 INFO Skipping ZtxrrrkkTjc (comments + info already exist)
2025-11-04 19:54:20,076 INFO END ZtxrrrkkTjc status_comments=ok duration=0.02s
2025-11-04 19:54:22,729 INFO START oUzCn-ITJ_o (AMD did NOT disappoint me - RX 6800 Series Review)
2025-11-04 19:54:22,730 INFO Skipping oUzCn-ITJ_o (comments + info already exist)
2025-11-04 19:54:22,775 INFO END oUzCn-ITJ_o status_comments=ok duration=0.05s
2025-11-04 19:54:24,530 INFO START -PtTUnj4od4 (AMD 6900XT... Something isn’t right…)
2025-11-04 19:54:24,530 INFO Skipping -PtTUnj4od4 (comments + info already exist)
2025-11-04 19:54:24,555 INFO END -PtTUnj4od4 status_comments=ok duration=0.02s
2025-11-04 19:54:26,931 INFO START nxQ0-QtAtxA (Radeon RX 6900 XT Review, AMD's Fight For the Top)
2025-11-04 19:54:26,932 INFO Skipping nxQ0-QtAtxA (comments + info already exist)
2025-11-04 19:54:26,942 INFO END nxQ0-QtAtxA status_comments=ok duration=0.01s
2025-11-04 19:54:29,369 INFO START 0LuIGI_9guQ (AMD RX 6900 XT Review - I Can't Recommend This.)
2025-11-04 19:54:29,369 INFO Skipping 0LuIGI_9guQ (comments + info already exist)
2025-11-04 19:54:29,375 INFO END 0LuIGI_9guQ status_comments=ok duration=0.01s
2025-11-04 19:54:30,777 INFO START 1ITdex_JrBM (AMD Radeon RX 6900 XT GPU Review & Benchmarks: Undervolting, Gaming, Power, Noise)
2025-11-04 19:54:30,777 INFO Skipping 1ITdex_JrBM (comments + info already exist)
2025-11-04 19:54:30,785 INFO END 1ITdex_JrBM status_comments=ok duration=0.01s
2025-11-04 19:54:32,857 INFO START FxoPz1DO0Sg (Radeon RX 6900 XT Review & Benchmarks vs RTX 3090!)
2025-11-04 19:54:32,858 INFO Skipping FxoPz1DO0Sg (comments + info already exist)
2025-11-04 19:54:32,861 INFO END FxoPz1DO0Sg status_comments=ok duration=0.00s
2025-11-04 19:54:34,593 INFO START GsY96xFWeN0 (AMD kept their best GPU a secret - 6950XT Review)
2025-11-04 19:54:34,593 INFO Skipping GsY96xFWeN0 (comments + info already exist)
2025-11-04 19:54:34,603 INFO END GsY96xFWeN0 status_comments=ok duration=0.01s
2025-11-04 19:54:37,312 INFO START WSTmeZXHWyk ($1250 AMD Radeon RX 6950 XT GPU Review & Benchmarks (Sapphire Nitro+ Pure))
2025-11-04 19:54:37,313 INFO Skipping WSTmeZXHWyk (comments + info already exist)
2025-11-04 19:54:37,323 INFO END WSTmeZXHWyk status_comments=ok duration=0.01s
2025-11-04 19:54:40,183 INFO START XlT5WPP0o3Y (I Can't Figure Out What's Wrong With This Gigabyte RX 6950 XT)
2025-11-04 19:54:40,184 INFO Skipping XlT5WPP0o3Y (comments + info already exist)
2025-11-04 19:54:40,191 INFO END XlT5WPP0o3Y status_comments=ok duration=0.01s
2025-11-04 19:54:43,074 INFO START KugxMJFhx7k (Radeon RX 6950 XT vs. GeForce RTX 3080 Ti, RTX 3090 & RTX 3090 Ti: Benchmarks, Power & Thermals)
2025-11-04 19:54:43,075 INFO Skipping KugxMJFhx7k (comments + info already exist)
2025-11-04 19:54:43,080 INFO END KugxMJFhx7k status_comments=ok duration=0.01s
2025-11-04 19:54:45,572 INFO START BSaznwwRG-8 (Buying A New 6950 XT OC Formula for a Friend: Experiencing Wonder Once Again!)
2025-11-04 19:54:45,572 INFO Skipping BSaznwwRG-8 (comments + info already exist)
2025-11-04 19:54:45,574 INFO END BSaznwwRG-8 status_comments=ok duration=0.00s
2025-11-04 19:54:47,089 INFO START 4Zsaj_9Zpjc (AMD, you NEED to hire me! - AMD Radeon RX 7600 Review)
2025-11-04 19:54:47,089 INFO Skipping 4Zsaj_9Zpjc (comments + info already exist)
2025-11-04 19:54:47,104 INFO END 4Zsaj_9Zpjc status_comments=ok duration=0.01s
2025-11-04 19:54:49,309 INFO START 6UMFUqTUbEw (AMD cuts price of RX 7600... not because of NVIDIA but because of Intel! $270 GPU battle!)
2025-11-04 19:54:49,310 INFO Skipping 6UMFUqTUbEw (comments + info already exist)
2025-11-04 19:54:49,318 INFO END 6UMFUqTUbEw status_comments=ok duration=0.01s
2025-11-04 19:54:51,183 INFO START sJCtMfKbsv8 (AMD has a new Graphics Card too!! - Radeon RX 7600 XT)
2025-11-04 19:54:51,183 INFO Skipping sJCtMfKbsv8 (comments + info already exist)
2025-11-04 19:54:51,185 INFO END sJCtMfKbsv8 status_comments=ok duration=0.00s
2025-11-04 19:54:54,015 INFO START Lcb1dpe2IhE (Radeon RX 7600 XT Review: Can AMD Eliminate The RTX 4060?)
2025-11-04 19:54:54,015 INFO Skipping Lcb1dpe2IhE (comments + info already exist)
2025-11-04 19:54:54,022 INFO END Lcb1dpe2IhE status_comments=ok duration=0.01s
2025-11-04 19:54:55,532 INFO START 1aopp8XolXE (AMD Radeon RX 7600 XT GPU Benchmarks & Review: Power Efficiency & Gaming)
2025-11-04 19:54:55,533 INFO Skipping 1aopp8XolXE (comments + info already exist)
2025-11-04 19:54:55,540 INFO END 1aopp8XolXE status_comments=ok duration=0.01s
2025-11-04 19:54:58,053 INFO START FI7xiNZLKTo (Already Below MSRP! But is That Enough? - AMD Radeon RX 7700 XT Review)
2025-11-04 19:54:58,054 INFO Skipping FI7xiNZLKTo (comments + info already exist)
2025-11-04 19:54:58,055 INFO END FI7xiNZLKTo status_comments=ok duration=0.00s
2025-11-04 19:55:00,194 INFO START cLHXXtUZBCo (PLEASE Don't Waste Your Money! - AMD RX 7700 XT Review & Gameplay Benchmarks)
2025-11-04 19:55:00,196 INFO Skipping cLHXXtUZBCo (comments + info already exist)
2025-11-04 19:55:00,198 INFO END cLHXXtUZBCo status_comments=ok duration=0.00s
2025-11-04 19:55:02,681 INFO START _LEBEqsCwiM (AMD Radeon RX 7700 XT Review, It's The 7900 XT All Over Again!)
2025-11-04 19:55:02,681 INFO Skipping _LEBEqsCwiM (comments + info already exist)
2025-11-04 19:55:02,687 INFO END _LEBEqsCwiM status_comments=ok duration=0.01s
2025-11-04 19:55:05,121 INFO START gggehz298L8 (Thank you for not spitting in my face – AMD Radeon RX 7700 XT & 7800 XT Review)
2025-11-04 19:55:05,122 INFO Skipping gggehz298L8 (comments + info already exist)
2025-11-04 19:55:05,135 INFO END gggehz298L8 status_comments=ok duration=0.01s
2025-11-04 19:55:06,769 INFO START PpxMKtbI8G8 (AMD RX 7700 XT GPU Review & Benchmarks vs. 7800 XT, 6800 XT, RTX 4060 Ti, & More)
2025-11-04 19:55:06,771 INFO Skipping PpxMKtbI8G8 (comments + info already exist)
2025-11-04 19:55:06,777 INFO END PpxMKtbI8G8 status_comments=ok duration=0.01s
2025-11-04 19:55:08,681 INFO START IJ_C7EZeWFY (Sapphire Nitro + 7800 XT Quick Review)
2025-11-04 19:55:08,682 INFO Skipping IJ_C7EZeWFY (comments + info already exist)
2025-11-04 19:55:08,683 INFO END IJ_C7EZeWFY status_comments=ok duration=0.00s
2025-11-04 19:55:11,498 INFO START AdWv3GwS-kY (AMD 7800 XT: Your Next 5-year GPU!)
2025-11-04 19:55:11,499 INFO Skipping AdWv3GwS-kY (comments + info already exist)
2025-11-04 19:55:11,501 INFO END AdWv3GwS-kY status_comments=ok duration=0.00s
2025-11-04 19:55:13,613 INFO START G9XmJd6cGeA (AMD Radeon RX 7800 XT Review - 33 Games, 1080p, 1440p & 4K Tested)
2025-11-04 19:55:13,614 INFO Skipping G9XmJd6cGeA (comments + info already exist)
2025-11-04 19:55:13,616 INFO END G9XmJd6cGeA status_comments=ok duration=0.00s
2025-11-04 19:55:15,541 INFO START x4TW8fHVcxw (Radeon RX 7800 XT Review, AMD Finally Worked It Out!)
2025-11-04 19:55:15,542 INFO Skipping x4TW8fHVcxw (comments + info already exist)
2025-11-04 19:55:15,552 INFO END x4TW8fHVcxw status_comments=ok duration=0.01s
2025-11-04 19:55:17,093 INFO START 8qBQ0eZEnbY (AMD Radeon RX 7800 XT GPU Review & Benchmarks vs. RX 6800 XT, RTX 4070, & More)
2025-11-04 19:55:17,093 INFO Skipping 8qBQ0eZEnbY (comments + info already exist)
2025-11-04 19:55:17,106 INFO END 8qBQ0eZEnbY status_comments=ok duration=0.01s
2025-11-04 19:55:19,252 INFO START e7DjJR3zpCw (AMD's Greedy Upsell: RX 7900 XT Review & Benchmarks vs. XTX, 4080, & More)
2025-11-04 19:55:19,253 INFO Skipping e7DjJR3zpCw (comments + info already exist)
2025-11-04 19:55:19,265 INFO END e7DjJR3zpCw status_comments=ok duration=0.01s
2025-11-04 19:55:21,825 INFO START NFu7fhsGymY ($900 LOL, AMD Radeon RX 7900 XT Review & Benchmarks)
2025-11-04 19:55:21,825 INFO Skipping NFu7fhsGymY (comments + info already exist)
2025-11-04 19:55:21,846 INFO END NFu7fhsGymY status_comments=ok duration=0.02s
2025-11-04 19:55:24,836 INFO START TBJ-vo6Ri9c (This video will not age well... - AMD Radeon RX 7900 Series Review)
2025-11-04 19:55:24,836 INFO Skipping TBJ-vo6Ri9c (comments + info already exist)
2025-11-04 19:55:24,868 INFO END TBJ-vo6Ri9c status_comments=ok duration=0.03s
2025-11-04 19:55:26,041 INFO START 23bVb1l6ZQo (Radeon RX 7900 XT Re-Review, What Should Have Been!)
2025-11-04 19:55:26,041 INFO Skipping 23bVb1l6ZQo (comments + info already exist)
2025-11-04 19:55:26,051 INFO END 23bVb1l6ZQo status_comments=ok duration=0.01s
2025-11-04 19:55:28,840 INFO START 0XVdsKHBcPE (The Cheapest* AMD RX 7900 XT: Revisit Benchmarks, & Price Drops vs. 4070 Ti & More)
2025-11-04 19:55:28,841 INFO Skipping 0XVdsKHBcPE (comments + info already exist)
2025-11-04 19:55:28,850 INFO END 0XVdsKHBcPE status_comments=ok duration=0.01s
2025-11-04 19:55:30,281 INFO START XaEWPgPDF7U (Sapphire RX 7900 XTX Nitro+... one heck of a card!)
2025-11-04 19:55:30,281 INFO Skipping XaEWPgPDF7U (comments + info already exist)
2025-11-04 19:55:30,285 INFO END XaEWPgPDF7U status_comments=ok duration=0.00s
2025-11-04 19:55:31,829 INFO START tMH9vfvos00 (Before you buy the AMD 7900 XTX..)
2025-11-04 19:55:31,830 INFO Skipping tMH9vfvos00 (comments + info already exist)
2025-11-04 19:55:31,835 INFO END tMH9vfvos00 status_comments=ok duration=0.01s
2025-11-04 19:55:34,226 INFO START OjaE2g4VOXI (Nvidia was clearly wrong - AMD RX 7900 XT and XTX)
2025-11-04 19:55:34,227 INFO Skipping OjaE2g4VOXI (comments + info already exist)
2025-11-04 19:55:34,246 INFO END OjaE2g4VOXI status_comments=ok duration=0.02s
2025-11-04 19:55:36,978 INFO START 4UFiG7CwpHk (RTX 4080 Killer? Radeon RX 7900 XTX Review & Benchmarks)
2025-11-04 19:55:36,978 INFO Skipping 4UFiG7CwpHk (comments + info already exist)
2025-11-04 19:55:36,998 INFO END 4UFiG7CwpHk status_comments=ok duration=0.02s
2025-11-04 19:55:38,919 INFO START We71eXwKODw (AMD Radeon RX 7900 XTX Review & GPU Benchmarks: Gaming, Thermals, Power, & Noise)
2025-11-04 19:55:38,919 INFO Skipping We71eXwKODw (comments + info already exist)
2025-11-04 19:55:38,938 INFO END We71eXwKODw status_comments=ok duration=0.02s
2025-11-04 19:55:41,703 INFO START MjKs8KjbTqQ (And just like that, the 5060 is irrelevant - 9060XT Review)
2025-11-04 19:55:41,704 INFO Skipping MjKs8KjbTqQ (comments + info already exist)
2025-11-04 19:55:41,714 INFO END MjKs8KjbTqQ status_comments=ok duration=0.01s
2025-11-04 19:55:43,468 INFO START uCIcYgRJUtc (RX 9060 XT 16GB - The Gameplay Review at 1440p!)
2025-11-04 19:55:43,469 INFO Skipping uCIcYgRJUtc (comments + info already exist)
2025-11-04 19:55:43,474 INFO END uCIcYgRJUtc status_comments=ok duration=0.01s
2025-11-04 19:55:44,678 INFO START DJf0qCHZHs0 (AMD GPUs are Better at RTX Now.. — RX 9060 XT 16GB Review!)
2025-11-04 19:55:44,678 INFO Skipping DJf0qCHZHs0 (comments + info already exist)
2025-11-04 19:55:44,691 INFO END DJf0qCHZHs0 status_comments=ok duration=0.01s
2025-11-04 19:55:46,829 INFO START -LAH5vh-Cpg (AMD Radeon RX 9060 XT 16GB Review, Gaming Benchmarks!)
2025-11-04 19:55:46,829 INFO Skipping -LAH5vh-Cpg (comments + info already exist)
2025-11-04 19:55:46,838 INFO END -LAH5vh-Cpg status_comments=ok duration=0.01s
2025-11-04 19:55:48,176 INFO START O9u3UPkqp_0 (AMD Needs to Just Shut Up: AMD Radeon RX 9060 XT 16GB GPU Review)
2025-11-04 19:55:48,176 INFO Skipping O9u3UPkqp_0 (comments + info already exist)
2025-11-04 19:55:48,194 INFO END O9u3UPkqp_0 status_comments=ok duration=0.02s
2025-11-04 19:55:50,289 INFO START j6yHMCTb-YA (This Was Supposed to be a Happy Day - AMD Radeon 9060XT Review)
2025-11-04 19:55:50,290 INFO Skipping j6yHMCTb-YA (comments + info already exist)
2025-11-04 19:55:50,304 INFO END j6yHMCTb-YA status_comments=ok duration=0.02s
2025-11-04 19:55:53,265 INFO START acE6VJ0ujA4 (AMD Radeon RX 9060 XT 16GB Review vs RTX 5060 Ti vs... PlayStation 5 Pro?)
2025-11-04 19:55:53,265 INFO Skipping acE6VJ0ujA4 (comments + info already exist)
2025-11-04 19:55:53,271 INFO END acE6VJ0ujA4 status_comments=ok duration=0.01s
2025-11-04 19:55:56,093 INFO START VciMks_Yd9k (RX 9060 XT 16GB Review - is it actually good value!?)
2025-11-04 19:55:56,094 INFO Skipping VciMks_Yd9k (comments + info already exist)
2025-11-04 19:55:56,096 INFO END VciMks_Yd9k status_comments=ok duration=0.00s
2025-11-04 19:55:57,271 INFO START q0k6StODt7g (Should you buy RX 9060 XT 16GB?)
2025-11-04 19:55:57,271 INFO Skipping q0k6StODt7g (comments + info already exist)
2025-11-04 19:55:57,274 INFO END q0k6StODt7g status_comments=ok duration=0.00s
2025-11-04 19:55:59,028 INFO START 3oTMRmxeMMk (The RX 9060 XT 16GB - 20 Games Tested at 1440p!)
2025-11-04 19:55:59,029 INFO Skipping 3oTMRmxeMMk (comments + info already exist)
2025-11-04 19:55:59,032 INFO END 3oTMRmxeMMk status_comments=ok duration=0.00s
2025-11-04 19:56:00,668 INFO START LhsvrhedA9E (Incredibly Efficient: AMD RX 9070 GPU Review & Benchmarks vs. 9070 XT, RTX 5070)
2025-11-04 19:56:00,668 INFO Skipping LhsvrhedA9E (comments + info already exist)
2025-11-04 19:56:00,696 INFO END LhsvrhedA9E status_comments=ok duration=0.03s
2025-11-04 19:56:03,685 INFO START gWIIA-a9Q9A (AMD Swings and Misses: Radeon RX 9070 Review, Benchmarks vs. RTX 5070)
2025-11-04 19:56:03,685 INFO Skipping gWIIA-a9Q9A (comments + info already exist)
2025-11-04 19:56:03,699 INFO END gWIIA-a9Q9A status_comments=ok duration=0.01s
2025-11-04 19:56:05,514 INFO START 01DEKGYiSTo (RX 9070 and 9070XT Details - this is actually BAD for NVIDIA!)
2025-11-04 19:56:05,514 INFO Skipping 01DEKGYiSTo (comments + info already exist)
2025-11-04 19:56:05,533 INFO END 01DEKGYiSTo status_comments=ok duration=0.02s
2025-11-04 19:56:06,769 INFO START 2fClSYjOKxM (RX 9070 16GB - The Gameplay Review at 1440p!)
2025-11-04 19:56:06,770 INFO Skipping 2fClSYjOKxM (comments + info already exist)
2025-11-04 19:56:06,773 INFO END 2fClSYjOKxM status_comments=ok duration=0.00s
2025-11-04 19:56:08,831 INFO START vfc3nhus12k (AMD Radeon RX 9070 XT/ RX 9070 Review vs RTX 5070 Ti/ RTX 5070 - Is RDNA 4 Truly Competitive?)
2025-11-04 19:56:08,832 INFO Skipping vfc3nhus12k (comments + info already exist)
2025-11-04 19:56:08,839 INFO END vfc3nhus12k status_comments=ok duration=0.01s
2025-11-04 19:56:10,607 INFO START W8OCZ7CT5Fo (RX 9070 XT vs RX 9070...A Budget Gamer's Perspective)
2025-11-04 19:56:10,608 INFO Skipping W8OCZ7CT5Fo (comments + info already exist)
2025-11-04 19:56:10,610 INFO END W8OCZ7CT5Fo status_comments=ok duration=0.00s
2025-11-04 19:56:12,620 INFO START yJXGGtIvFKM (Ok, Nvidia GPUs are kinda Pointless Now --- RX 9070 XT REVIEW!!)
2025-11-04 19:56:12,621 INFO Skipping yJXGGtIvFKM (comments + info already exist)
2025-11-04 19:56:12,635 INFO END yJXGGtIvFKM status_comments=ok duration=0.02s
2025-11-04 19:56:15,479 INFO START uDligqbbPGs (RTX 5070 Ti vs RX 9070 XT - DLSS 4 vs FSR 4 Performance Compared)
2025-11-04 19:56:15,480 INFO Skipping uDligqbbPGs (comments + info already exist)
2025-11-04 19:56:15,489 INFO END uDligqbbPGs status_comments=ok duration=0.01s
2025-11-04 19:56:18,085 INFO START aWfMibZ8t00 (The Radeon RX 9070 XT is Now Faster, AMD FineWine)
2025-11-04 19:56:18,086 INFO Skipping aWfMibZ8t00 (comments + info already exist)
2025-11-04 19:56:18,101 INFO END aWfMibZ8t00 status_comments=ok duration=0.02s
2025-11-04 19:56:19,966 INFO START yP0axVHdP-U (AMD Radeon RX 9070 XT GPU Review & Benchmarks vs. 5070 Ti, 5070, 7900 XT (Sapphire Pulse))
2025-11-04 19:56:19,967 INFO Skipping yP0axVHdP-U (comments + info already exist)
2025-11-04 19:56:19,994 INFO END yP0axVHdP-U status_comments=ok duration=0.03s
2025-11-04 19:56:22,465 INFO START VQB0i0v2mkg (AMD Radeon RX 9070 XT Review, Have They Finally Done It?)
2025-11-04 19:56:22,465 INFO Skipping VQB0i0v2mkg (comments + info already exist)
2025-11-04 19:56:22,486 INFO END VQB0i0v2mkg status_comments=ok duration=0.02s
2025-11-04 19:56:24,957 INFO START ptp5suRDdQQ (AMD, I Could Kiss You - 9070 and 9070 XT Review)
2025-11-04 19:56:24,958 INFO Skipping ptp5suRDdQQ (comments + info already exist)
2025-11-04 19:56:24,991 INFO END ptp5suRDdQQ status_comments=ok duration=0.03s
2025-11-04 19:56:26,762 INFO START AHpIGcABFbc (AMD 9070XT has entered the chat! Sorry NVIDIA)
2025-11-04 19:56:26,763 INFO Skipping AHpIGcABFbc (comments + info already exist)
2025-11-04 19:56:26,775 INFO END AHpIGcABFbc status_comments=ok duration=0.01s
2025-11-04 19:56:28,000 INFO START 0eweKFJ-D7U (AMD Radeon RX 9070 XT Review! The BEST AMD Graphics Card?)
2025-11-04 19:56:28,001 INFO Skipping 0eweKFJ-D7U (comments + info already exist)
2025-11-04 19:56:28,002 INFO END 0eweKFJ-D7U status_comments=ok duration=0.00s
2025-11-04 19:56:30,531 INFO START Rnc7uHs1tnw (RX 9070 XT vs RTX 5070 Ti - Big Comparison with New Drivers | 1440p & 4K)
2025-11-04 19:56:30,532 INFO Skipping Rnc7uHs1tnw (comments + info already exist)
2025-11-04 19:56:30,538 INFO END Rnc7uHs1tnw status_comments=ok duration=0.01s
2025-11-04 19:56:31,969 INFO START UjmvnuXxL5E (The Truth About the RX 9070 XT - One Month Later)
2025-11-04 19:56:31,970 INFO Skipping UjmvnuXxL5E (comments + info already exist)
2025-11-04 19:56:31,974 INFO END UjmvnuXxL5E status_comments=ok duration=0.01s
2025-11-04 19:56:33,609 INFO START mm_xyZ5OMOw (This New Single Slot LP ARC A310 Graphics Card Is Faster Than You Think!)
2025-11-04 19:56:33,609 INFO Skipping mm_xyZ5OMOw (comments + info already exist)
2025-11-04 19:56:33,613 INFO END mm_xyZ5OMOw status_comments=ok duration=0.00s
2025-11-04 19:56:35,295 INFO START coqkIj0rnfA (The Intel Arc A310 is AMAZING - Perfect Plex GPU)
2025-11-04 19:56:35,296 INFO Skipping coqkIj0rnfA (comments + info already exist)
2025-11-04 19:56:35,298 INFO END coqkIj0rnfA status_comments=ok duration=0.00s
2025-11-04 19:56:37,152 INFO START RPlxCEMtan8 (The Intel ARC A310 - Is The Cheapest ARC Graphics Card Worth It?)
2025-11-04 19:56:37,152 INFO Skipping RPlxCEMtan8 (comments + info already exist)
2025-11-04 19:56:37,156 INFO END RPlxCEMtan8 status_comments=ok duration=0.00s
2025-11-04 19:56:39,646 INFO START 2k1Tqxtcu5c (Intel Arc-A310: Surprising performance in a small package.)
2025-11-04 19:56:39,646 INFO Skipping 2k1Tqxtcu5c (comments + info already exist)
2025-11-04 19:56:39,647 INFO END 2k1Tqxtcu5c status_comments=ok duration=0.00s
2025-11-04 19:56:41,450 INFO START zAWY1LjlYPc (Intel ARC A310 vs RX 6400 - Test in 7 Games)
2025-11-04 19:56:41,451 INFO Skipping zAWY1LjlYPc (comments + info already exist)
2025-11-04 19:56:41,451 INFO END zAWY1LjlYPc status_comments=ok duration=0.00s
2025-11-04 19:56:43,765 INFO START zjGieJci3xE (AV1 On Linux With The Sparkle A310 ECO)
2025-11-04 19:56:43,766 INFO Skipping zjGieJci3xE (comments + info already exist)
2025-11-04 19:56:43,766 INFO END zjGieJci3xE status_comments=ok duration=0.00s
2025-11-04 19:56:45,782 INFO START La-dcK4h4ZU (Intel Arc A380 Gaming GPU Review & Benchmarks vs. AMD RX 6400, GTX 1650, & More)
2025-11-04 19:56:45,783 INFO Skipping La-dcK4h4ZU (comments + info already exist)
2025-11-04 19:56:45,795 INFO END La-dcK4h4ZU status_comments=ok duration=0.01s
2025-11-04 19:56:47,926 INFO START 2IWpF2-IUDI (Intel's Budget ARC A380 Graphics Card Keeps Getting Better (and Cheaper))
2025-11-04 19:56:47,926 INFO Skipping 2IWpF2-IUDI (comments + info already exist)
2025-11-04 19:56:47,931 INFO END 2IWpF2-IUDI status_comments=ok duration=0.00s
2025-11-04 19:56:50,249 INFO START Gfur75VRLdc (The Worlds First Single Slot Low Profile ARC A380 GPU! Small Foot Print Power)
2025-11-04 19:56:50,249 INFO Skipping Gfur75VRLdc (comments + info already exist)
2025-11-04 19:56:50,251 INFO END Gfur75VRLdc status_comments=ok duration=0.00s
2025-11-04 19:56:52,590 INFO START dRMxqMPeVLI (The Arc A380 Is Finally A Pretty Good Budget GPU!)
2025-11-04 19:56:52,591 INFO Skipping dRMxqMPeVLI (comments + info already exist)
2025-11-04 19:56:52,592 INFO END dRMxqMPeVLI status_comments=ok duration=0.00s
2025-11-04 19:56:54,293 INFO START DFzBPHpJYN0 (the little Arc A380 that couldn't.)
2025-11-04 19:56:54,294 INFO Skipping DFzBPHpJYN0 (comments + info already exist)
2025-11-04 19:56:54,297 INFO END DFzBPHpJYN0 status_comments=ok duration=0.00s
2025-11-04 19:56:57,109 INFO START Afqc1woq5Wc (Intel’s Arc A380 is full of surprises)
2025-11-04 19:56:57,110 INFO Skipping Afqc1woq5Wc (comments + info already exist)
2025-11-04 19:56:57,110 INFO END Afqc1woq5Wc status_comments=ok duration=0.00s
2025-11-04 19:56:59,547 INFO START e3o7tKRGcMY (Intel Arc A380 Gaming Graphics Card Review & Benchmarks)
2025-11-04 19:56:59,548 INFO Skipping e3o7tKRGcMY (comments + info already exist)
2025-11-04 19:56:59,553 INFO END e3o7tKRGcMY status_comments=ok duration=0.01s
2025-11-04 19:57:01,296 INFO START x_TTVfWuk6E (Intel Arc A580 ($180) vs RTX 3050 ($220) vs RX 7600 ($240))
2025-11-04 19:57:01,296 INFO Skipping x_TTVfWuk6E (comments + info already exist)
2025-11-04 19:57:01,299 INFO END x_TTVfWuk6E status_comments=ok duration=0.00s
2025-11-04 19:57:03,334 INFO START -M1bMzVzZF0 (The Intel Arc B580: Midrange GPU Magic!)
2025-11-04 19:57:03,334 INFO Skipping -M1bMzVzZF0 (comments + info already exist)
2025-11-04 19:57:03,338 INFO END -M1bMzVzZF0 status_comments=ok duration=0.00s
2025-11-04 19:57:05,129 INFO START WYY6d4Tq0go (Intel's ARC B580 Graphics Card Isn't What I Hoped…)
2025-11-04 19:57:05,129 INFO Skipping WYY6d4Tq0go (comments + info already exist)
2025-11-04 19:57:05,136 INFO END WYY6d4Tq0go status_comments=ok duration=0.01s
2025-11-04 19:57:06,530 INFO START Efy6WsgQAUk (Intel Arc A580 vs. Radeon RX 6600 vs. GeForce RTX 3050)
2025-11-04 19:57:06,530 INFO Skipping Efy6WsgQAUk (comments + info already exist)
2025-11-04 19:57:06,535 INFO END Efy6WsgQAUk status_comments=ok duration=0.01s
2025-11-04 19:57:07,655 INFO START dG8_00S85bA (They Forgot to Make Graphics Cards Affordable... Intel’s $180 Arc a580 is Different)
2025-11-04 19:57:07,656 INFO Skipping dG8_00S85bA (comments + info already exist)
2025-11-04 19:57:07,657 INFO END dG8_00S85bA status_comments=ok duration=0.00s
2025-11-04 19:57:09,776 INFO START vbaRTzyLIvA (Is It Worth Buying Intel Arc A580 ??? Review and Test in Games)
2025-11-04 19:57:09,777 INFO Skipping vbaRTzyLIvA (comments + info already exist)
2025-11-04 19:57:09,777 INFO END vbaRTzyLIvA status_comments=ok duration=0.00s
2025-11-04 19:57:11,950 INFO START XK6oVrm7Zg0 (REVEALED: BUDGET GPU for Video editing! | ASROCK Intel ARC A580 Review for Content Creators)
2025-11-04 19:57:11,952 INFO Skipping XK6oVrm7Zg0 (comments + info already exist)
2025-11-04 19:57:11,952 INFO END XK6oVrm7Zg0 status_comments=ok duration=0.00s
2025-11-04 19:57:14,949 INFO START FT2yk9PL-t8 (Intel Arc Goes Where NVIDIA Won't: A580 GPU Benchmarks & Review vs. A750, RX 6600, & More)
2025-11-04 19:57:14,950 INFO Skipping FT2yk9PL-t8 (comments + info already exist)
2025-11-04 19:57:14,956 INFO END FT2yk9PL-t8 status_comments=ok duration=0.01s
2025-11-04 19:57:17,431 INFO START XTomqXuYK4s (Intel GPUs Are Here! ARC A770 & A750 Review & Benchmarks)
2025-11-04 19:57:17,431 INFO Skipping XTomqXuYK4s (comments + info already exist)
2025-11-04 19:57:17,438 INFO END XTomqXuYK4s status_comments=ok duration=0.01s
2025-11-04 19:57:18,496 INFO START de51aJ33dMk (Intel Arc A750 Limited Edition GPU Review & Benchmarks vs. AMD RX 6600, A770, & More)
2025-11-04 19:57:18,497 INFO Skipping de51aJ33dMk (comments + info already exist)
2025-11-04 19:57:18,504 INFO END de51aJ33dMk status_comments=ok duration=0.01s
2025-11-04 19:57:20,375 INFO START dVX6odo-bJ8 (Intel Arc A750 vs. GeForce RTX 4060, 40+ Game Benchmark @ 1080p & 1440p)
2025-11-04 19:57:20,375 INFO Skipping dVX6odo-bJ8 (comments + info already exist)
2025-11-04 19:57:20,379 INFO END dVX6odo-bJ8 status_comments=ok duration=0.00s
2025-11-04 19:57:21,579 INFO START VhMZsD4v3CA (NVIDIA's in TROUBLE 👉 Now THAT's a BEST-BANG-FOR-BUCK GPU! | Sparkle Intel ARC A750 CREATOR Review)
2025-11-04 19:57:21,579 INFO Skipping VhMZsD4v3CA (comments + info already exist)
2025-11-04 19:57:21,581 INFO END VhMZsD4v3CA status_comments=ok duration=0.00s
2025-11-04 19:57:22,710 INFO START 6T9d9LM1TwY (Please Buy Intel GPUs. - Arc A750 & A770 Review)
2025-11-04 19:57:22,710 INFO Skipping 6T9d9LM1TwY (comments + info already exist)
2025-11-04 19:57:22,756 INFO END 6T9d9LM1TwY status_comments=ok duration=0.05s
2025-11-04 19:57:24,573 INFO START w3WSqLEciEw (Intel Arc 2024 Revisit & Benchmarks (A750, A770, A580, A380 Updated GPU Tests))
2025-11-04 19:57:24,574 INFO Skipping w3WSqLEciEw (comments + info already exist)
2025-11-04 19:57:24,585 INFO END w3WSqLEciEw status_comments=ok duration=0.01s
2025-11-04 19:57:26,818 INFO START FQFQoB_T3yg (Are Intel ARC Graphics Cards ACTUALLY Worth Buying? 🤔)
2025-11-04 19:57:26,818 INFO Skipping FQFQoB_T3yg (comments + info already exist)
2025-11-04 19:57:26,819 INFO END FQFQoB_T3yg status_comments=ok duration=0.00s
2025-11-04 19:57:29,442 INFO START Kluz0H38Wow (Intel ARC A770 / A750 Graphics Review: Here Comes A New Challenger)
2025-11-04 19:57:29,443 INFO Skipping Kluz0H38Wow (comments + info already exist)
2025-11-04 19:57:29,448 INFO END Kluz0H38Wow status_comments=ok duration=0.01s
2025-11-04 19:57:30,475 INFO START nEvdrbxTtVo (Intel Arc A770 16GB Limited Edition GPU Review & Benchmarks)
2025-11-04 19:57:30,475 INFO Skipping nEvdrbxTtVo (comments + info already exist)
2025-11-04 19:57:30,486 INFO END nEvdrbxTtVo status_comments=ok duration=0.01s
2025-11-04 19:57:32,195 INFO START h6R92qyjGQ4 (Intel ARC A770 Review — The New $350 GPU King?)
2025-11-04 19:57:32,196 INFO Skipping h6R92qyjGQ4 (comments + info already exist)
2025-11-04 19:57:32,197 INFO END h6R92qyjGQ4 status_comments=ok duration=0.00s
2025-11-04 19:57:34,168 INFO START ltD4TVN9wAY (World's First Intel ARC PC Build! (A770))
2025-11-04 19:57:34,168 INFO Skipping ltD4TVN9wAY (comments + info already exist)
2025-11-04 19:57:34,196 INFO END ltD4TVN9wAY status_comments=ok duration=0.03s
2025-11-04 19:57:35,902 INFO START ylJC0C6zQ48 (I hope it's as good as it looks - Intel Arc A770)
2025-11-04 19:57:35,903 INFO Skipping ylJC0C6zQ48 (comments + info already exist)
2025-11-04 19:57:35,911 INFO END ylJC0C6zQ48 status_comments=ok duration=0.01s
2025-11-04 19:57:37,864 INFO START kHPYPZYqL6c (Look What This GPU Can Do Now! Intel ARC A770 Hands On)
2025-11-04 19:57:37,865 INFO Skipping kHPYPZYqL6c (comments + info already exist)
2025-11-04 19:57:37,866 INFO END kHPYPZYqL6c status_comments=ok duration=0.00s
2025-11-04 19:57:40,244 INFO START n55Ow3uEiZA (I Bought The Intel ARC B570, Here are my Honest Impressions.)
2025-11-04 19:57:40,244 INFO Skipping n55Ow3uEiZA (comments + info already exist)
2025-11-04 19:57:40,246 INFO END n55Ow3uEiZA status_comments=ok duration=0.00s
2025-11-04 19:57:42,290 INFO START wSQhoKvnt1g (GPUs have been SO BAD that Intel Caught Up --- Arc B570 Review)
2025-11-04 19:57:42,291 INFO Skipping wSQhoKvnt1g (comments + info already exist)
2025-11-04 19:57:42,298 INFO END wSQhoKvnt1g status_comments=ok duration=0.01s
2025-11-04 19:57:45,261 INFO START m9uK4D35FlM (Intel Arc B570 'Battlemage' GPU Review & Benchmarks, Low-End CPU Tests, & Efficiency)
2025-11-04 19:57:45,262 INFO Skipping m9uK4D35FlM (comments + info already exist)
2025-11-04 19:57:45,271 INFO END m9uK4D35FlM status_comments=ok duration=0.01s
2025-11-04 19:57:47,855 INFO START EIiF2p7zf8E (Did Intel just dethrone AMD as the value GPU king? Arc B570 vs RX 6600- the Ultimate Comparison!!!)
2025-11-04 19:57:47,856 INFO Skipping EIiF2p7zf8E (comments + info already exist)
2025-11-04 19:57:47,859 INFO END EIiF2p7zf8E status_comments=ok duration=0.00s
2025-11-04 19:57:50,327 INFO START cgXFlaXeUlg (Intel Arc B570 is out! Reviewing the ASRock Challenger B570)
2025-11-04 19:57:50,328 INFO Skipping cgXFlaXeUlg (comments + info already exist)
2025-11-04 19:57:50,329 INFO END cgXFlaXeUlg status_comments=ok duration=0.00s
2025-11-04 19:57:51,341 INFO START 1VTQ_djJKv0 (Intel Arc B570 Review: A Budget GPU Bargain That's Too Good To Be True?)
2025-11-04 19:57:51,341 INFO Skipping 1VTQ_djJKv0 (comments + info already exist)
2025-11-04 19:57:51,344 INFO END 1VTQ_djJKv0 status_comments=ok duration=0.00s
2025-11-04 19:57:53,360 INFO START SXGTu0EQMoA (Derailing the hype train - Intel Arc B570)
2025-11-04 19:57:53,361 INFO Skipping SXGTu0EQMoA (comments + info already exist)
2025-11-04 19:57:53,364 INFO END SXGTu0EQMoA status_comments=ok duration=0.00s
2025-11-04 19:57:55,978 INFO START buJSNbVYxVA (Intel Arc B570 Review, The New $220 GPU! 1440p Gaming Benchmarks)
2025-11-04 19:57:55,979 INFO Skipping buJSNbVYxVA (comments + info already exist)
2025-11-04 19:57:55,984 INFO END buJSNbVYxVA status_comments=ok duration=0.01s
2025-11-04 19:57:57,054 INFO START pMlPZCgsRnA (Intel Arc B570 Review - SHOCKING UK price!)
2025-11-04 19:57:57,054 INFO Skipping pMlPZCgsRnA (comments + info already exist)
2025-11-04 19:57:57,056 INFO END pMlPZCgsRnA status_comments=ok duration=0.00s
2025-11-04 19:57:58,664 INFO START bjhSDXJkwUg (Is This Graphics Card The Hero We Need?)
2025-11-04 19:57:58,665 INFO Skipping bjhSDXJkwUg (comments + info already exist)
2025-11-04 19:57:58,670 INFO END bjhSDXJkwUg status_comments=ok duration=0.01s
2025-11-04 19:58:00,484 INFO START yKMigkGU8vI (Intel Arc B580 Review + Benchmarks: Great Performance + 12GB VRAM For $250!)
2025-11-04 19:58:00,485 INFO Skipping yKMigkGU8vI (comments + info already exist)
2025-11-04 19:58:00,490 INFO END yKMigkGU8vI status_comments=ok duration=0.01s
2025-11-04 19:58:01,721 INFO START JjdCkSsLYLk (Intel Arc B580 'Battlemage' GPU Review & Benchmarks vs. NVIDIA RTX 4060, AMD RX 7600, & More)
2025-11-04 19:58:01,721 INFO Skipping JjdCkSsLYLk (comments + info already exist)
2025-11-04 19:58:01,738 INFO END JjdCkSsLYLk status_comments=ok duration=0.02s
2025-11-04 19:58:04,314 INFO START dvAVBZeNJZI (I Bought Intel's Fastest GPU to See if It's Better Than NVIDIA)
2025-11-04 19:58:04,316 INFO Skipping dvAVBZeNJZI (comments + info already exist)
2025-11-04 19:58:04,318 INFO END dvAVBZeNJZI status_comments=ok duration=0.00s
2025-11-04 19:58:06,028 INFO START aV_xL88vcAQ (Intel Arc B580 Review, The Best Value GPU! 1080P & 1440p Gaming Benchmarks)
2025-11-04 19:58:06,029 INFO Skipping aV_xL88vcAQ (comments + info already exist)
2025-11-04 19:58:06,041 INFO END aV_xL88vcAQ status_comments=ok duration=0.01s
2025-11-04 19:58:08,774 INFO START ovH5pZ-a0l4 (The Intel Arc B580 isn’t for budget gamers)
2025-11-04 19:58:08,775 INFO Skipping ovH5pZ-a0l4 (comments + info already exist)
2025-11-04 19:58:08,778 INFO END ovH5pZ-a0l4 status_comments=ok duration=0.00s
2025-11-04 19:58:09,916 INFO START qvxS8EIYerE (Intel ARC B580 Founders Edition Review & Thoughts - Don't Buy It)
2025-11-04 19:58:09,916 INFO Skipping qvxS8EIYerE (comments + info already exist)
2025-11-04 19:58:09,918 INFO END qvxS8EIYerE status_comments=ok duration=0.00s
2025-11-04 19:58:11,744 INFO START dboPZUcTAW4 (THE INTEL ARC B580 IS ACTUALLY GREAT & AFFORDABLE)
2025-11-04 19:58:11,744 INFO Skipping dboPZUcTAW4 (comments + info already exist)
2025-11-04 19:58:11,768 INFO END dboPZUcTAW4 status_comments=ok duration=0.02s
2025-11-04 19:58:14,386 INFO START gHHP2lqqrkw (The Truth About the Intel Arc B580 - Six Months Later)
2025-11-04 19:58:14,386 INFO Skipping gHHP2lqqrkw (comments + info already exist)
2025-11-04 19:58:14,390 INFO END gHHP2lqqrkw status_comments=ok duration=0.00s
2025-11-04 19:58:14,406 INFO Summary: total=330, comments_ok=330, comments_disabled=0, comments_none=0, comments_error=0
